employee_id,employee_name,department,date,login_time,logout_time,total_hours,project_name,task_name,task_status,productivity_score,idle_time_minutes,overtime_hours,break_count,meeting_hours,tasks_completed,bugs_fixed,focus_score,weekly_target,target_completed,manager_rating,burnout_risk,performance_trend
EMP001,Ryan Peters,UI/UX,2026-02-19,08:24,17:18,8.9,CRM Dashboard,Model Training,Completed,73,54,0.9,3,0.7,4,4,66,12,12,4.2,Low,Stable
EMP001,Ryan Peters,UI/UX,2026-02-20,10:16,16:52,6.6,HR System,Database Update,Pending,67,64,0.0,5,1.2,6,6,60,8,8,4.0,Low,Stable
EMP001,Ryan Peters,UI/UX,2026-02-21,08:52,15:52,7.0,CRM Dashboard,Client Support,Completed,70,35,0.0,2,1.2,9,6,70,9,6,3.7,Low,Stable
EMP001,Ryan Peters,UI/UX,2026-02-23,08:19,16:31,8.2,CRM Dashboard,Model Training,Completed,64,54,0.2,2,0.6,10,5,63,13,3,3.3,Low,Stable
EMP001,Ryan Peters,UI/UX,2026-02-24,08:17,17:05,8.8,IoT Monitoring,UI Design,In Progress,66,37,0.8,1,2.3,4,5,62,13,13,3.9,Low,Stable
EMP001,Ryan Peters,UI/UX,2026-02-25,10:44,18:44,8.0,Mobile App,Model Training,Completed,63,68,0.0,1,2.0,10,2,59,7,4,3.2,Low,Stable
EMP001,Ryan Peters,UI/UX,2026-02-26,09:04,16:16,7.2,HR System,Documentation,Pending,72,37,0.0,3,1.9,4,5,62,6,6,4.5,Low,Stable
EMP001,Ryan Peters,UI/UX,2026-02-27,08:39,15:45,7.1,AI Analytics,Client Support,Pending,74,64,0.0,4,2.8,5,7,65,11,11,3.9,Low,Stable
EMP001,Ryan Peters,UI/UX,2026-02-28,10:33,18:09,7.6,AI Analytics,Testing,In Progress,63,62,0.0,5,2.9,2,3,53,11,11,3.9,Low,Stable
EMP001,Ryan Peters,UI/UX,2026-03-02,08:56,17:26,8.5,Mobile App,Testing,In Progress,56,44,0.5,4,1.4,9,1,52,5,4,3.2,Low,Declining
EMP001,Ryan Peters,UI/UX,2026-03-03,09:16,15:46,6.5,HR System,Client Support,Pending,65,44,0.0,5,2.4,3,5,57,10,7,3.8,Low,Stable
EMP001,Ryan Peters,UI/UX,2026-03-04,10:21,17:57,7.6,HR System,Database Update,Pending,69,50,0.0,5,2.6,8,8,67,9,9,3.9,Low,Stable
EMP001,Ryan Peters,UI/UX,2026-03-05,09:07,16:01,6.9,Mobile App,Model Training,Pending,67,63,0.0,3,0.7,5,7,59,7,7,3.7,Low,Stable
EMP001,Ryan Peters,UI/UX,2026-03-06,09:52,18:22,8.5,IoT Monitoring,Model Training,Pending,72,38,0.5,2,1.3,6,4,66,15,6,4.5,Low,Stable
EMP001,Ryan Peters,UI/UX,2026-03-07,10:37,17:49,7.2,IoT Monitoring,API Integration,Completed,68,70,0.0,1,2.9,7,5,64,7,7,4.0,Low,Stable
EMP001,Ryan Peters,UI/UX,2026-03-08,10:48,17:24,6.6,AI Analytics,Testing,Completed,60,43,0.0,3,1.7,10,4,57,9,9,3.7,Low,Stable
EMP001,Ryan Peters,UI/UX,2026-03-09,10:59,17:35,6.6,CRM Dashboard,Bug Fixing,Pending,62,43,0.0,2,2.7,4,7,58,11,11,3.3,Low,Stable
EMP001,Ryan Peters,UI/UX,2026-03-10,10:30,17:48,7.3,AI Analytics,Testing,Completed,65,61,0.0,5,0.9,1,4,60,8,8,4.0,Low,Stable
EMP001,Ryan Peters,UI/UX,2026-03-11,08:09,16:57,8.8,AI Analytics,Model Training,Pending,65,61,0.8,1,2.7,10,1,65,11,6,3.6,Low,Stable
EMP001,Ryan Peters,UI/UX,2026-03-12,10:44,19:14,8.5,AI Analytics,UI Design,In Progress,71,47,0.5,4,1.8,5,2,67,5,4,4.4,Low,Stable
EMP001,Ryan Peters,UI/UX,2026-03-13,09:05,15:47,6.7,AI Analytics,Testing,Pending,75,39,0.0,5,1.3,10,0,71,7,3,4.1,Low,Stable
EMP001,Ryan Peters,UI/UX,2026-03-14,10:21,19:15,8.9,HR System,Testing,In Progress,65,33,0.9,2,2.7,10,2,56,7,5,3.9,Low,Stable
EMP001,Ryan Peters,UI/UX,2026-03-15,08:18,15:12,6.9,Client Portal,Client Support,Completed,70,70,0.0,4,2.5,9,1,63,7,7,3.5,Low,Stable
EMP001,Ryan Peters,UI/UX,2026-03-16,10:28,19:22,8.9,IoT Monitoring,Database Update,In Progress,75,61,0.9,1,1.0,3,8,70,12,11,4.0,Low,Stable
EMP001,Ryan Peters,UI/UX,2026-03-17,08:06,16:18,8.2,IoT Monitoring,UI Design,Completed,56,35,0.2,3,1.5,9,5,54,7,3,3.4,Low,Declining
EMP001,Ryan Peters,UI/UX,2026-03-18,10:04,18:40,8.6,AI Analytics,UI Design,Completed,56,38,0.6,3,1.5,3,6,52,6,5,3.7,Low,Declining
EMP001,Ryan Peters,UI/UX,2026-03-19,08:07,17:01,8.9,AI Analytics,Client Support,In Progress,61,30,0.9,2,1.6,9,3,58,11,11,3.1,Low,Stable
EMP001,Ryan Peters,UI/UX,2026-03-20,10:29,17:59,7.5,AI Analytics,Testing,In Progress,70,32,0.0,3,1.9,4,5,63,9,4,4.3,Low,Stable
EMP001,Ryan Peters,UI/UX,2026-03-21,08:10,14:46,6.6,Mobile App,API Integration,Pending,67,51,0.0,3,1.0,9,8,58,11,10,3.8,Low,Stable
EMP001,Ryan Peters,UI/UX,2026-03-23,10:33,17:39,7.1,Mobile App,Client Support,Pending,71,61,0.0,1,2.6,3,8,61,13,12,4.3,Low,Stable
EMP001,Ryan Peters,UI/UX,2026-03-24,08:25,16:49,8.4,CRM Dashboard,Client Support,In Progress,63,58,0.4,4,2.2,10,3,60,9,9,3.6,Low,Stable
EMP001,Ryan Peters,UI/UX,2026-03-25,10:10,18:34,8.4,AI Analytics,Client Support,Completed,58,48,0.4,5,1.8,4,5,58,6,6,3.1,Low,Declining
EMP001,Ryan Peters,UI/UX,2026-03-26,08:18,15:48,7.5,AI Analytics,UI Design,In Progress,73,48,0.0,1,1.4,8,2,73,11,10,4.5,Low,Stable
EMP001,Ryan Peters,UI/UX,2026-03-27,09:57,18:21,8.4,CRM Dashboard,Bug Fixing,In Progress,67,45,0.4,6,2.5,9,3,65,5,5,4.3,Low,Stable
EMP001,Ryan Peters,UI/UX,2026-03-28,09:02,15:50,6.8,AI Analytics,Documentation,In Progress,64,65,0.0,5,2.7,2,5,61,7,3,4.0,Low,Stable
EMP001,Ryan Peters,UI/UX,2026-03-30,09:43,16:25,6.7,Client Portal,Database Update,In Progress,65,66,0.0,1,2.6,10,5,60,14,9,4.1,Low,Stable
EMP001,Ryan Peters,UI/UX,2026-03-31,08:29,16:41,8.2,IoT Monitoring,UI Design,Pending,75,36,0.2,2,2.8,8,4,72,10,10,4.2,Low,Stable
EMP001,Ryan Peters,UI/UX,2026-04-01,09:54,16:48,6.9,CRM Dashboard,Model Training,Pending,59,59,0.0,4,1.0,1,3,50,8,8,3.9,Low,Declining
EMP001,Ryan Peters,UI/UX,2026-04-02,10:42,19:12,8.5,AI Analytics,Database Update,Completed,69,69,0.5,2,2.0,9,1,61,5,5,4.4,Low,Stable
EMP001,Ryan Peters,UI/UX,2026-04-03,10:11,18:47,8.6,IoT Monitoring,API Integration,Pending,71,38,0.6,5,1.1,1,7,63,14,7,4.5,Low,Stable
EMP001,Ryan Peters,UI/UX,2026-04-04,08:14,16:56,8.7,HR System,Documentation,In Progress,61,55,0.7,5,1.2,1,6,61,9,4,3.2,Low,Stable
EMP001,Ryan Peters,UI/UX,2026-04-06,09:46,17:58,8.2,Mobile App,UI Design,Pending,63,48,0.2,1,2.5,2,5,53,6,6,3.7,Low,Stable
EMP001,Ryan Peters,UI/UX,2026-04-07,08:36,15:36,7.0,Client Portal,Testing,Pending,61,45,0.0,5,2.9,6,1,51,9,9,4.0,Low,Stable
EMP001,Ryan Peters,UI/UX,2026-04-08,08:04,16:58,8.9,AI Analytics,Testing,Pending,74,36,0.9,1,2.3,7,6,65,13,5,4.3,Low,Stable
EMP001,Ryan Peters,UI/UX,2026-04-09,08:32,17:02,8.5,Client Portal,Client Support,In Progress,56,43,0.5,5,2.4,6,3,51,11,7,3.2,Low,Declining
EMP001,Ryan Peters,UI/UX,2026-04-10,10:39,17:39,7.0,Client Portal,Client Support,Completed,56,43,0.0,2,1.6,4,2,47,11,5,3.4,Low,Declining
EMP001,Ryan Peters,UI/UX,2026-04-11,09:34,16:10,6.6,IoT Monitoring,Bug Fixing,Pending,64,53,0.0,2,0.8,6,2,64,11,3,3.9,Low,Stable
EMP001,Ryan Peters,UI/UX,2026-04-13,08:24,15:42,7.3,Mobile App,Testing,Completed,62,40,0.0,2,1.9,10,3,52,5,5,4.0,Low,Stable
EMP001,Ryan Peters,UI/UX,2026-04-14,08:05,16:05,8.0,Client Portal,Database Update,Completed,73,52,0.0,2,1.4,5,5,69,15,14,4.5,Low,Stable
EMP001,Ryan Peters,UI/UX,2026-04-15,08:12,14:42,6.5,CRM Dashboard,Documentation,Pending,55,35,0.0,6,2.9,7,3,48,15,11,2.8,Low,Declining
EMP001,Ryan Peters,UI/UX,2026-04-16,10:18,19:12,8.9,CRM Dashboard,Bug Fixing,Completed,69,31,0.9,2,0.9,2,6,60,11,5,4.1,Low,Stable
EMP001,Ryan Peters,UI/UX,2026-04-17,10:06,17:30,7.4,Mobile App,Testing,Pending,72,47,0.0,6,1.1,9,3,65,6,6,3.7,Low,Stable
EMP001,Ryan Peters,UI/UX,2026-04-18,10:11,18:41,8.5,AI Analytics,Database Update,Pending,61,34,0.5,4,0.7,1,3,53,15,11,3.4,Low,Stable
EMP001,Ryan Peters,UI/UX,2026-04-20,10:47,18:41,7.9,AI Analytics,Testing,In Progress,56,40,0.0,3,1.0,3,6,54,12,5,3.6,Low,Declining
EMP001,Ryan Peters,UI/UX,2026-04-21,08:25,16:01,7.6,Mobile App,UI Design,In Progress,57,46,0.0,1,2.1,7,1,52,15,8,3.5,Low,Declining
EMP001,Ryan Peters,UI/UX,2026-04-22,08:30,15:36,7.1,IoT Monitoring,Testing,In Progress,60,56,0.0,6,1.3,4,8,58,9,9,3.7,Low,Stable
EMP001,Ryan Peters,UI/UX,2026-04-23,10:11,18:53,8.7,AI Analytics,Documentation,Pending,62,67,0.7,5,2.8,6,5,62,13,11,3.6,Low,Stable
EMP001,Ryan Peters,UI/UX,2026-04-24,09:40,16:10,6.5,Client Portal,UI Design,Completed,61,59,0.0,5,2.1,5,3,56,6,6,3.1,Low,Stable
EMP001,Ryan Peters,UI/UX,2026-04-25,10:20,18:20,8.0,CRM Dashboard,Client Support,Completed,67,69,0.0,3,2.4,2,2,57,11,7,3.4,Low,Stable
EMP001,Ryan Peters,UI/UX,2026-04-26,09:41,16:47,7.1,Mobile App,UI Design,In Progress,61,47,0.0,6,2.8,4,1,51,8,8,3.1,Low,Stable
EMP001,Ryan Peters,UI/UX,2026-04-27,08:31,15:55,7.4,IoT Monitoring,Bug Fixing,In Progress,56,55,0.0,6,2.5,3,4,48,9,9,3.7,Low,Declining
EMP001,Ryan Peters,UI/UX,2026-04-28,09:03,17:27,8.4,Mobile App,API Integration,In Progress,60,46,0.4,3,2.6,8,7,50,5,5,3.2,Low,Stable
EMP001,Ryan Peters,UI/UX,2026-04-29,09:00,17:54,8.9,AI Analytics,Model Training,Completed,71,52,0.9,2,2.1,2,3,68,10,8,4.0,Low,Stable
EMP001,Ryan Peters,UI/UX,2026-04-30,08:42,15:30,6.8,HR System,Database Update,Pending,70,59,0.0,6,2.5,9,3,69,5,5,3.8,Low,Stable
EMP001,Ryan Peters,UI/UX,2026-05-01,10:34,17:52,7.3,CRM Dashboard,Documentation,In Progress,68,42,0.0,3,2.7,2,3,62,7,6,4.2,Low,Stable
EMP001,Ryan Peters,UI/UX,2026-05-02,10:12,18:30,8.3,HR System,Model Training,Pending,73,37,0.3,2,1.2,2,5,71,5,4,4.0,Low,Stable
EMP001,Ryan Peters,UI/UX,2026-05-04,09:12,18:12,9.0,Client Portal,Model Training,Pending,70,65,1.0,4,1.1,1,1,61,14,3,3.7,Medium,Stable
EMP001,Ryan Peters,UI/UX,2026-05-05,10:19,18:43,8.4,Client Portal,Model Training,Pending,61,57,0.4,4,1.0,5,1,54,5,5,3.3,Low,Stable
EMP001,Ryan Peters,UI/UX,2026-05-06,08:27,17:03,8.6,Client Portal,API Integration,In Progress,56,47,0.6,1,1.6,9,7,46,5,5,3.2,Low,Declining
EMP001,Ryan Peters,UI/UX,2026-05-07,10:05,16:41,6.6,HR System,Testing,Completed,72,59,0.0,6,2.5,10,8,66,10,4,3.8,Low,Stable
EMP001,Ryan Peters,UI/UX,2026-05-08,09:02,16:56,7.9,AI Analytics,UI Design,In Progress,57,52,0.0,4,2.5,6,6,52,10,10,3.3,Low,Declining
EMP001,Ryan Peters,UI/UX,2026-05-09,09:47,17:17,7.5,Client Portal,Bug Fixing,In Progress,74,58,0.0,4,1.7,2,6,65,11,11,4.3,Low,Stable
EMP001,Ryan Peters,UI/UX,2026-05-11,08:15,15:57,7.7,IoT Monitoring,Model Training,In Progress,72,66,0.0,3,0.9,10,6,69,6,6,4.4,Low,Stable
EMP001,Ryan Peters,UI/UX,2026-05-12,09:10,17:04,7.9,HR System,UI Design,In Progress,67,48,0.0,1,2.9,2,5,59,11,9,4.0,Low,Stable
EMP001,Ryan Peters,UI/UX,2026-05-13,08:57,16:27,7.5,Client Portal,Testing,Completed,58,31,0.0,4,2.8,4,1,58,10,10,3.2,Low,Declining
EMP001,Ryan Peters,UI/UX,2026-05-14,08:00,16:24,8.4,Client Portal,API Integration,Completed,65,42,0.4,6,1.5,8,1,64,6,6,3.3,Low,Stable
EMP001,Ryan Peters,UI/UX,2026-05-15,08:58,17:22,8.4,Client Portal,Client Support,In Progress,55,60,0.4,6,1.4,3,0,46,7,7,2.9,Low,Declining
EMP001,Ryan Peters,UI/UX,2026-05-16,09:32,17:56,8.4,AI Analytics,Client Support,Completed,70,50,0.4,5,0.9,9,4,67,6,6,3.7,Low,Stable
EMP001,Ryan Peters,UI/UX,2026-05-18,10:44,19:20,8.6,Mobile App,Database Update,In Progress,75,53,0.6,5,2.9,4,2,71,10,6,4.5,Low,Stable
EMP001,Ryan Peters,UI/UX,2026-05-19,08:42,16:42,8.0,Mobile App,UI Design,Pending,62,55,0.0,3,1.8,10,8,52,9,7,3.9,Low,Stable
EMP002,Dr. Jason Matthews,UI/UX,2026-02-19,09:19,19:25,10.1,AI Analytics,API Integration,Pending,71,69,2.1,6,1.5,1,1,61,5,5,3.8,Medium,Stable
EMP002,Dr. Jason Matthews,UI/UX,2026-02-20,08:24,20:00,11.6,AI Analytics,Database Update,In Progress,72,104,3.6,4,0.7,8,8,62,10,9,3.8,Medium,Stable
EMP002,Dr. Jason Matthews,UI/UX,2026-02-21,10:26,20:14,9.8,AI Analytics,Bug Fixing,Pending,71,72,1.8,2,2.1,4,7,62,10,8,4.0,Medium,Stable
EMP002,Dr. Jason Matthews,UI/UX,2026-02-23,09:43,20:49,11.1,Mobile App,Documentation,Completed,60,120,3.1,5,0.5,9,5,59,12,12,3.6,High,Stable
EMP002,Dr. Jason Matthews,UI/UX,2026-02-24,08:54,20:18,11.4,Client Portal,Documentation,Completed,62,116,3.4,4,0.6,6,2,61,15,9,3.3,High,Stable
EMP002,Dr. Jason Matthews,UI/UX,2026-02-25,09:50,19:38,9.8,Client Portal,Model Training,Pending,60,67,1.8,3,2.8,3,6,54,13,13,3.7,Medium,Stable
EMP002,Dr. Jason Matthews,UI/UX,2026-02-26,10:15,20:57,10.7,AI Analytics,Bug Fixing,Pending,60,81,2.7,5,1.0,10,7,59,15,15,3.4,Medium,Stable
EMP002,Dr. Jason Matthews,UI/UX,2026-02-27,08:30,18:18,9.8,Mobile App,UI Design,Pending,65,109,1.8,6,2.6,2,0,58,10,9,3.9,Medium,Stable
EMP002,Dr. Jason Matthews,UI/UX,2026-02-28,08:24,19:30,11.1,Mobile App,Bug Fixing,Completed,72,80,3.1,3,2.2,9,2,63,14,13,4.6,Medium,Stable
EMP002,Dr. Jason Matthews,UI/UX,2026-03-01,10:26,21:50,11.4,HR System,UI Design,Completed,58,112,3.4,1,1.7,4,2,57,14,11,2.9,High,Declining
EMP002,Dr. Jason Matthews,UI/UX,2026-03-02,10:13,21:19,11.1,IoT Monitoring,UI Design,In Progress,66,94,3.1,2,2.9,8,6,62,11,8,3.8,Medium,Stable
EMP002,Dr. Jason Matthews,UI/UX,2026-03-03,09:45,19:51,10.1,IoT Monitoring,Client Support,Pending,56,104,2.1,3,2.9,3,6,51,15,5,3.2,Medium,Declining
EMP002,Dr. Jason Matthews,UI/UX,2026-03-04,08:03,19:15,11.2,IoT Monitoring,Documentation,In Progress,65,112,3.2,2,1.1,2,6,62,13,10,4.0,Medium,Stable
EMP002,Dr. Jason Matthews,UI/UX,2026-03-05,10:13,21:43,11.5,Mobile App,Client Support,In Progress,57,82,3.5,6,2.7,8,7,53,12,12,3.2,High,Declining
EMP002,Dr. Jason Matthews,UI/UX,2026-03-06,10:51,21:33,10.7,AI Analytics,Documentation,Completed,52,75,2.7,4,2.6,1,4,46,15,11,3.0,Medium,Declining
EMP002,Dr. Jason Matthews,UI/UX,2026-03-07,10:25,20:49,10.4,CRM Dashboard,Testing,Completed,56,69,2.4,2,1.9,10,2,50,9,9,3.7,Medium,Declining
EMP002,Dr. Jason Matthews,UI/UX,2026-03-09,10:33,20:09,9.6,AI Analytics,Client Support,In Progress,60,86,1.6,5,1.5,4,4,53,13,6,3.8,Medium,Stable
EMP002,Dr. Jason Matthews,UI/UX,2026-03-10,09:56,21:50,11.9,HR System,Model Training,Pending,58,72,3.9,2,1.6,4,1,58,11,5,3.5,High,Declining
EMP002,Dr. Jason Matthews,UI/UX,2026-03-11,10:14,21:38,11.4,IoT Monitoring,Documentation,Completed,64,65,3.4,6,1.9,9,0,61,12,7,4.1,High,Stable
EMP002,Dr. Jason Matthews,UI/UX,2026-03-12,08:34,18:52,10.3,Mobile App,API Integration,In Progress,52,63,2.3,1,1.8,6,1,51,12,6,3.3,Medium,Declining
EMP002,Dr. Jason Matthews,UI/UX,2026-03-13,08:12,18:42,10.5,IoT Monitoring,Documentation,Pending,56,90,2.5,5,0.5,5,3,56,6,6,3.6,Medium,Declining
EMP002,Dr. Jason Matthews,UI/UX,2026-03-14,10:05,19:41,9.6,HR System,Client Support,Pending,60,119,1.6,4,2.0,4,2,57,11,11,3.5,Medium,Stable
EMP002,Dr. Jason Matthews,UI/UX,2026-03-16,10:22,19:58,9.6,HR System,API Integration,Completed,58,73,1.6,3,0.8,6,5,51,8,6,3.0,Medium,Declining
EMP002,Dr. Jason Matthews,UI/UX,2026-03-17,10:58,22:04,11.1,HR System,Database Update,Completed,61,82,3.1,3,2.5,2,2,58,11,11,4.0,High,Stable
EMP002,Dr. Jason Matthews,UI/UX,2026-03-18,08:47,19:53,11.1,AI Analytics,Database Update,In Progress,65,60,3.1,6,0.8,10,1,60,15,14,3.6,Medium,Stable
EMP002,Dr. Jason Matthews,UI/UX,2026-03-19,10:51,21:45,10.9,Client Portal,Testing,In Progress,53,70,2.9,1,2.8,3,1,49,10,9,2.8,Medium,Declining
EMP002,Dr. Jason Matthews,UI/UX,2026-03-20,08:11,17:17,9.1,IoT Monitoring,Model Training,In Progress,65,84,1.1,6,1.0,7,4,65,10,6,3.3,Medium,Stable
EMP002,Dr. Jason Matthews,UI/UX,2026-03-21,10:32,21:08,10.6,Client Portal,UI Design,Completed,59,90,2.6,1,1.8,2,8,57,10,10,3.9,Medium,Declining
EMP002,Dr. Jason Matthews,UI/UX,2026-03-22,10:53,19:59,9.1,IoT Monitoring,API Integration,Pending,54,91,1.1,5,0.6,4,1,48,12,10,3.3,Medium,Declining
EMP002,Dr. Jason Matthews,UI/UX,2026-03-23,10:24,21:24,11.0,Client Portal,Model Training,Pending,54,107,3.0,6,1.2,6,0,48,7,7,3.7,High,Declining
EMP002,Dr. Jason Matthews,UI/UX,2026-03-24,10:13,21:07,10.9,Mobile App,Documentation,Completed,69,78,2.9,2,2.8,4,8,62,14,13,3.5,Medium,Stable
EMP002,Dr. Jason Matthews,UI/UX,2026-03-25,08:27,17:39,9.2,IoT Monitoring,API Integration,In Progress,58,104,1.2,4,1.4,4,6,52,14,6,3.8,Medium,Declining
EMP002,Dr. Jason Matthews,UI/UX,2026-03-26,10:00,20:06,10.1,AI Analytics,Bug Fixing,Pending,66,68,2.1,5,1.7,3,1,59,8,5,3.5,Medium,Stable
EMP002,Dr. Jason Matthews,UI/UX,2026-03-27,10:30,20:18,9.8,CRM Dashboard,Model Training,In Progress,61,81,1.8,1,1.1,9,1,51,8,3,3.4,Medium,Stable
EMP002,Dr. Jason Matthews,UI/UX,2026-03-28,08:44,18:44,10.0,Client Portal,Client Support,Pending,65,61,2.0,3,1.6,1,2,57,14,7,4.1,Medium,Stable
EMP002,Dr. Jason Matthews,UI/UX,2026-03-30,08:17,17:59,9.7,CRM Dashboard,Database Update,Pending,67,119,1.7,4,2.1,8,8,61,8,3,4.2,Medium,Stable
EMP002,Dr. Jason Matthews,UI/UX,2026-03-31,09:41,20:41,11.0,Client Portal,Testing,Pending,50,85,3.0,1,0.9,4,3,44,8,8,2.9,High,Declining
EMP002,Dr. Jason Matthews,UI/UX,2026-04-01,09:55,21:37,11.7,AI Analytics,UI Design,Completed,63,76,3.7,6,0.8,10,4,59,6,6,4.0,High,Stable
EMP002,Dr. Jason Matthews,UI/UX,2026-04-02,08:58,19:04,10.1,AI Analytics,Bug Fixing,In Progress,69,69,2.1,1,2.4,4,6,61,12,10,3.7,Medium,Stable
EMP002,Dr. Jason Matthews,UI/UX,2026-04-03,09:56,20:20,10.4,Client Portal,Client Support,Completed,61,93,2.4,6,2.5,2,3,54,14,6,3.6,Medium,Stable
EMP002,Dr. Jason Matthews,UI/UX,2026-04-04,10:25,21:13,10.8,HR System,Model Training,In Progress,63,82,2.8,3,1.2,1,5,60,8,4,3.3,Medium,Stable
EMP002,Dr. Jason Matthews,UI/UX,2026-04-05,08:49,17:55,9.1,Mobile App,Bug Fixing,Completed,69,98,1.1,4,2.2,4,8,61,8,8,3.6,Medium,Stable
EMP002,Dr. Jason Matthews,UI/UX,2026-04-06,09:16,19:04,9.8,HR System,Database Update,Completed,66,101,1.8,2,2.3,7,2,59,6,6,3.7,Medium,Stable
EMP002,Dr. Jason Matthews,UI/UX,2026-04-07,09:03,19:27,10.4,AI Analytics,Database Update,Pending,68,70,2.4,2,0.8,9,5,64,10,10,3.5,Medium,Stable
EMP002,Dr. Jason Matthews,UI/UX,2026-04-08,10:36,19:48,9.2,AI Analytics,Bug Fixing,Pending,69,105,1.2,5,1.7,10,0,63,9,9,4.2,Medium,Stable
EMP002,Dr. Jason Matthews,UI/UX,2026-04-09,10:44,22:20,11.6,HR System,UI Design,Pending,55,74,3.6,2,2.4,1,5,45,14,3,3.6,High,Declining
EMP002,Dr. Jason Matthews,UI/UX,2026-04-10,10:12,19:30,9.3,IoT Monitoring,Testing,Pending,54,74,1.3,6,1.7,4,8,53,6,4,3.7,Medium,Declining
EMP002,Dr. Jason Matthews,UI/UX,2026-04-11,08:52,20:04,11.2,CRM Dashboard,Testing,In Progress,49,83,3.2,3,0.9,4,8,48,13,12,2.8,High,Declining
EMP002,Dr. Jason Matthews,UI/UX,2026-04-12,10:47,22:29,11.7,Client Portal,Testing,Pending,69,98,3.7,1,1.5,7,2,60,8,8,3.9,Medium,Stable
EMP002,Dr. Jason Matthews,UI/UX,2026-04-13,09:54,21:36,11.7,HR System,UI Design,In Progress,57,108,3.7,4,2.2,5,5,47,15,5,3.3,High,Declining
EMP002,Dr. Jason Matthews,UI/UX,2026-04-14,09:13,18:31,9.3,Mobile App,Bug Fixing,Completed,49,86,1.3,1,0.7,10,0,46,9,9,2.7,Medium,Declining
EMP002,Dr. Jason Matthews,UI/UX,2026-04-15,10:28,21:04,10.6,Client Portal,Model Training,Completed,61,70,2.6,3,1.8,9,7,57,7,7,3.3,Medium,Stable
EMP002,Dr. Jason Matthews,UI/UX,2026-04-16,10:15,21:39,11.4,Client Portal,API Integration,In Progress,60,119,3.4,1,0.9,5,1,58,14,8,3.2,High,Stable
EMP002,Dr. Jason Matthews,UI/UX,2026-04-17,08:48,19:18,10.5,Client Portal,Bug Fixing,Pending,53,92,2.5,2,0.7,5,1,52,6,6,2.7,Medium,Declining
EMP002,Dr. Jason Matthews,UI/UX,2026-04-18,10:41,19:53,9.2,Client Portal,API Integration,Completed,60,106,1.2,5,1.2,7,7,54,7,6,3.8,Medium,Stable
EMP002,Dr. Jason Matthews,UI/UX,2026-04-20,10:46,21:52,11.1,AI Analytics,API Integration,In Progress,67,87,3.1,6,1.4,9,6,65,15,11,3.6,Medium,Stable
EMP002,Dr. Jason Matthews,UI/UX,2026-04-21,08:10,20:04,11.9,HR System,Model Training,Completed,51,87,3.9,2,2.8,10,2,48,10,4,2.9,High,Declining
EMP002,Dr. Jason Matthews,UI/UX,2026-04-22,08:00,17:06,9.1,AI Analytics,Bug Fixing,Completed,64,72,1.1,4,2.1,2,5,63,9,9,3.3,Medium,Stable
EMP002,Dr. Jason Matthews,UI/UX,2026-04-23,08:02,19:50,11.8,HR System,Bug Fixing,Pending,50,75,3.8,2,0.7,10,7,47,8,8,3.3,High,Declining
EMP002,Dr. Jason Matthews,UI/UX,2026-04-24,08:50,18:50,10.0,HR System,UI Design,In Progress,66,81,2.0,4,1.0,1,1,56,13,3,4.0,Medium,Stable
EMP002,Dr. Jason Matthews,UI/UX,2026-04-25,09:59,20:23,10.4,IoT Monitoring,Testing,Pending,63,69,2.4,3,1.7,9,8,63,5,4,3.4,Medium,Stable
EMP002,Dr. Jason Matthews,UI/UX,2026-04-27,10:39,19:39,9.0,IoT Monitoring,Documentation,In Progress,48,119,1.0,5,1.2,6,8,46,12,7,3.3,Medium,Declining
EMP002,Dr. Jason Matthews,UI/UX,2026-04-28,08:45,18:57,10.2,CRM Dashboard,Bug Fixing,Completed,67,107,2.2,5,1.6,8,7,61,15,7,3.6,Medium,Stable
EMP002,Dr. Jason Matthews,UI/UX,2026-04-29,09:14,20:50,11.6,IoT Monitoring,UI Design,Pending,63,60,3.6,4,1.9,3,8,62,10,10,3.8,High,Stable
EMP002,Dr. Jason Matthews,UI/UX,2026-04-30,10:44,22:02,11.3,AI Analytics,API Integration,Pending,55,86,3.3,6,0.9,7,2,49,5,5,3.0,High,Declining
EMP002,Dr. Jason Matthews,UI/UX,2026-05-01,08:50,20:20,11.5,Mobile App,Model Training,Pending,61,119,3.5,4,2.6,9,3,54,15,14,3.1,High,Stable
EMP002,Dr. Jason Matthews,UI/UX,2026-05-02,10:51,20:39,9.8,HR System,API Integration,Pending,57,69,1.8,2,1.0,8,1,57,14,8,3.6,Medium,Declining
EMP002,Dr. Jason Matthews,UI/UX,2026-05-04,10:07,20:31,10.4,Client Portal,UI Design,In Progress,66,84,2.4,4,0.9,1,2,60,14,14,4.0,Medium,Stable
EMP002,Dr. Jason Matthews,UI/UX,2026-05-05,10:10,20:16,10.1,IoT Monitoring,API Integration,Pending,63,89,2.1,4,2.8,7,2,61,15,10,4.1,Medium,Stable
EMP002,Dr. Jason Matthews,UI/UX,2026-05-06,08:11,18:35,10.4,HR System,Client Support,In Progress,65,95,2.4,4,2.8,2,0,64,15,14,3.3,Medium,Stable
EMP002,Dr. Jason Matthews,UI/UX,2026-05-07,09:18,20:12,10.9,AI Analytics,Documentation,Completed,52,63,2.9,5,2.7,9,5,44,13,13,3.4,Medium,Declining
EMP002,Dr. Jason Matthews,UI/UX,2026-05-08,09:10,19:04,9.9,IoT Monitoring,Database Update,Pending,56,82,1.9,4,0.6,10,6,46,12,4,3.3,Medium,Declining
EMP002,Dr. Jason Matthews,UI/UX,2026-05-09,10:49,21:07,10.3,CRM Dashboard,Model Training,Completed,64,112,2.3,2,0.9,3,7,54,7,3,4.0,Medium,Stable
EMP002,Dr. Jason Matthews,UI/UX,2026-05-10,10:36,21:00,10.4,Mobile App,Client Support,In Progress,65,94,2.4,1,2.9,4,1,58,12,12,4.1,Medium,Stable
EMP002,Dr. Jason Matthews,UI/UX,2026-05-11,10:48,20:24,9.6,Mobile App,UI Design,Pending,63,68,1.6,1,2.1,8,4,57,15,12,4.1,Medium,Stable
EMP002,Dr. Jason Matthews,UI/UX,2026-05-12,08:56,19:14,10.3,HR System,Model Training,In Progress,50,90,2.3,1,2.0,10,8,40,5,5,2.9,Medium,Declining
EMP002,Dr. Jason Matthews,UI/UX,2026-05-13,09:07,20:55,11.8,Mobile App,Database Update,Pending,65,104,3.8,6,1.3,3,5,55,5,4,3.7,Medium,Stable
EMP002,Dr. Jason Matthews,UI/UX,2026-05-14,09:30,18:54,9.4,CRM Dashboard,Bug Fixing,Pending,62,119,1.4,3,2.4,5,1,60,7,6,3.3,Medium,Stable
EMP002,Dr. Jason Matthews,UI/UX,2026-05-15,09:15,20:39,11.4,Client Portal,UI Design,Pending,58,99,3.4,5,1.3,4,8,49,7,7,3.1,High,Declining
EMP002,Dr. Jason Matthews,UI/UX,2026-05-16,08:47,20:35,11.8,IoT Monitoring,API Integration,Pending,66,92,3.8,2,2.6,10,2,64,7,7,4.2,Medium,Stable
EMP002,Dr. Jason Matthews,UI/UX,2026-05-17,10:52,21:16,10.4,HR System,Model Training,In Progress,55,115,2.4,6,2.9,6,7,45,9,6,2.9,Medium,Declining
EMP002,Dr. Jason Matthews,UI/UX,2026-05-18,10:47,20:23,9.6,IoT Monitoring,UI Design,Pending,52,61,1.6,4,1.9,3,7,42,10,9,3.5,Medium,Declining
EMP002,Dr. Jason Matthews,UI/UX,2026-05-19,09:57,20:15,10.3,AI Analytics,Database Update,Completed,62,103,2.3,3,1.5,2,5,62,11,5,3.4,Medium,Stable
EMP003,Monica Bush,Support,2026-02-19,10:44,19:26,8.7,IoT Monitoring,Documentation,In Progress,97,34,0.7,1,2.5,1,5,97,8,8,5.0,Low,Improving
EMP003,Monica Bush,Support,2026-02-20,08:45,17:09,8.4,CRM Dashboard,Client Support,Pending,83,10,0.4,1,0.5,10,7,79,14,13,4.2,Low,Improving
EMP003,Monica Bush,Support,2026-02-21,09:16,17:40,8.4,IoT Monitoring,Model Training,Completed,87,10,0.4,4,2.9,9,1,80,5,5,4.9,Low,Improving
EMP003,Monica Bush,Support,2026-02-22,08:46,16:28,7.7,Mobile App,Client Support,In Progress,83,31,0.0,2,2.3,8,4,82,13,11,4.5,Low,Improving
EMP003,Monica Bush,Support,2026-02-23,08:05,16:47,8.7,CRM Dashboard,Documentation,Completed,86,28,0.7,3,0.8,7,1,83,10,6,4.6,Low,Improving
EMP003,Monica Bush,Support,2026-02-24,08:04,17:10,9.1,AI Analytics,UI Design,In Progress,84,24,1.1,4,0.7,2,5,82,13,11,4.8,Medium,Improving
EMP003,Monica Bush,Support,2026-02-25,08:21,16:03,7.7,HR System,Client Support,In Progress,100,12,0.0,5,2.5,4,8,96,8,8,5.0,Low,Improving
EMP003,Monica Bush,Support,2026-02-26,08:38,17:38,9.0,IoT Monitoring,Bug Fixing,Completed,92,32,1.0,1,2.6,10,3,82,9,9,5.0,Medium,Improving
EMP003,Monica Bush,Support,2026-02-27,08:17,16:59,8.7,IoT Monitoring,Database Update,Completed,99,31,0.7,6,0.8,10,0,89,13,9,5.0,Low,Improving
EMP003,Monica Bush,Support,2026-02-28,08:22,16:04,7.7,HR System,Bug Fixing,Pending,100,19,0.0,4,1.7,4,4,96,10,10,5.0,Low,Improving
EMP003,Monica Bush,Support,2026-03-02,08:04,17:10,9.1,CRM Dashboard,Testing,Pending,92,15,1.1,4,1.6,1,6,82,15,6,5.0,Medium,Improving
EMP003,Monica Bush,Support,2026-03-03,10:06,19:00,8.9,Mobile App,Documentation,Completed,85,11,0.9,5,0.6,6,6,82,9,9,4.4,Low,Improving
EMP003,Monica Bush,Support,2026-03-04,09:10,16:58,7.8,Mobile App,Testing,Completed,86,33,0.0,1,2.1,3,3,76,5,3,4.5,Low,Improving
EMP003,Monica Bush,Support,2026-03-05,08:46,16:46,8.0,CRM Dashboard,Database Update,Completed,94,19,0.0,6,0.6,2,8,89,5,5,5.0,Low,Improving
EMP003,Monica Bush,Support,2026-03-06,10:11,19:35,9.4,IoT Monitoring,UI Design,Completed,99,31,1.4,1,2.0,6,0,90,15,6,5.0,Medium,Improving
EMP003,Monica Bush,Support,2026-03-07,08:18,16:54,8.6,Client Portal,Model Training,Pending,92,25,0.6,3,2.7,5,1,84,12,6,5.0,Low,Improving
EMP003,Monica Bush,Support,2026-03-08,10:41,19:59,9.3,CRM Dashboard,Model Training,Pending,91,17,1.3,2,1.1,6,5,90,11,11,4.8,Medium,Improving
EMP003,Monica Bush,Support,2026-03-09,10:44,19:26,8.7,AI Analytics,Model Training,Pending,84,31,0.7,1,2.8,7,3,83,9,9,5.0,Low,Improving
EMP003,Monica Bush,Support,2026-03-10,09:04,16:52,7.8,AI Analytics,Testing,In Progress,100,15,0.0,2,3.0,1,3,95,9,7,5.0,Low,Improving
EMP003,Monica Bush,Support,2026-03-11,09:34,18:46,9.2,HR System,API Integration,Completed,91,33,1.2,4,1.1,5,0,89,11,11,5.0,Medium,Improving
EMP003,Monica Bush,Support,2026-03-12,10:51,18:57,8.1,AI Analytics,Model Training,In Progress,95,17,0.1,5,2.4,3,3,93,5,4,5.0,Low,Improving
EMP003,Monica Bush,Support,2026-03-13,08:47,18:05,9.3,HR System,Client Support,Pending,100,11,1.3,5,2.4,2,1,94,13,8,5.0,Medium,Improving
EMP003,Monica Bush,Support,2026-03-14,09:04,17:04,8.0,HR System,UI Design,In Progress,83,20,0.0,1,1.6,6,6,83,7,7,4.2,Low,Improving
EMP003,Monica Bush,Support,2026-03-16,10:52,19:28,8.6,AI Analytics,Documentation,Pending,100,16,0.6,4,1.6,10,3,96,10,8,5.0,Low,Improving
EMP003,Monica Bush,Support,2026-03-17,09:20,17:38,8.3,CRM Dashboard,API Integration,Pending,89,15,0.3,3,1.6,2,7,88,12,9,4.6,Low,Improving
EMP003,Monica Bush,Support,2026-03-18,09:39,17:51,8.2,AI Analytics,Model Training,In Progress,100,21,0.2,1,1.2,1,4,98,14,9,5.0,Low,Improving
EMP003,Monica Bush,Support,2026-03-19,08:57,16:45,7.8,HR System,Database Update,Pending,84,32,0.0,4,2.0,3,3,83,12,11,4.9,Low,Improving
EMP003,Monica Bush,Support,2026-03-20,08:04,15:40,7.6,CRM Dashboard,Database Update,Pending,100,24,0.0,3,1.6,9,3,92,12,6,5.0,Low,Improving
EMP003,Monica Bush,Support,2026-03-21,10:30,19:24,8.9,Client Portal,Documentation,Completed,88,20,0.9,2,1.1,1,1,88,6,6,4.5,Low,Improving
EMP003,Monica Bush,Support,2026-03-22,10:44,18:32,7.8,AI Analytics,Database Update,Pending,98,29,0.0,1,1.0,1,0,92,8,4,5.0,Low,Improving
EMP003,Monica Bush,Support,2026-03-23,09:40,18:34,8.9,Mobile App,Bug Fixing,Pending,93,20,0.9,1,1.9,5,6,85,7,7,5.0,Low,Improving
EMP003,Monica Bush,Support,2026-03-24,09:09,17:03,7.9,Client Portal,Testing,Pending,96,36,0.0,3,2.5,4,8,88,12,8,5.0,Low,Improving
EMP003,Monica Bush,Support,2026-03-25,09:12,17:30,8.3,Mobile App,Documentation,Pending,85,11,0.3,4,2.1,3,5,82,7,6,4.3,Low,Improving
EMP003,Monica Bush,Support,2026-03-26,09:59,18:59,9.0,Mobile App,Testing,Pending,95,35,1.0,4,1.1,2,7,88,12,8,5.0,Medium,Improving
EMP003,Monica Bush,Support,2026-03-27,09:03,16:57,7.9,HR System,Database Update,In Progress,93,37,0.0,4,2.7,6,2,84,8,8,4.8,Low,Improving
EMP003,Monica Bush,Support,2026-03-28,10:19,19:19,9.0,Mobile App,Testing,In Progress,100,14,1.0,4,2.5,6,5,91,9,9,5.0,Medium,Improving
EMP003,Monica Bush,Support,2026-03-30,10:26,18:20,7.9,AI Analytics,Documentation,In Progress,89,17,0.0,2,0.8,9,0,89,7,7,4.9,Low,Improving
EMP003,Monica Bush,Support,2026-03-31,09:51,19:03,9.2,HR System,Bug Fixing,Pending,100,28,1.2,3,1.3,1,2,96,11,7,5.0,Medium,Improving
EMP003,Monica Bush,Support,2026-04-01,09:36,18:24,8.8,CRM Dashboard,Model Training,Pending,100,21,0.8,2,2.3,2,7,94,7,7,5.0,Low,Improving
EMP003,Monica Bush,Support,2026-04-02,09:02,16:32,7.5,Client Portal,UI Design,Completed,100,26,0.0,6,1.6,10,6,98,6,6,5.0,Low,Improving
EMP003,Monica Bush,Support,2026-04-03,08:07,17:07,9.0,Client Portal,Client Support,Completed,99,21,1.0,5,2.6,10,5,95,14,14,5.0,Medium,Improving
EMP003,Monica Bush,Support,2026-04-04,08:17,17:41,9.4,HR System,Bug Fixing,Completed,96,16,1.4,6,0.9,4,4,95,14,9,4.8,Medium,Improving
EMP003,Monica Bush,Support,2026-04-06,08:47,16:59,8.2,AI Analytics,Testing,Completed,95,38,0.2,1,1.8,8,4,85,8,3,5.0,Low,Improving
EMP003,Monica Bush,Support,2026-04-07,10:57,19:51,8.9,IoT Monitoring,Client Support,Pending,84,39,0.9,6,0.6,7,3,76,10,10,4.9,Low,Improving
EMP003,Monica Bush,Support,2026-04-08,10:15,18:21,8.1,HR System,Bug Fixing,In Progress,92,40,0.1,4,2.8,4,8,84,8,8,5.0,Low,Improving
EMP003,Monica Bush,Support,2026-04-09,09:30,18:30,9.0,CRM Dashboard,API Integration,Completed,86,33,1.0,5,2.0,4,8,83,13,5,4.4,Medium,Improving
EMP003,Monica Bush,Support,2026-04-10,09:27,17:03,7.6,CRM Dashboard,Bug Fixing,In Progress,92,31,0.0,1,1.1,8,1,91,6,4,5.0,Low,Improving
EMP003,Monica Bush,Support,2026-04-11,09:13,18:13,9.0,CRM Dashboard,API Integration,Pending,98,30,1.0,6,2.2,9,4,96,13,8,5.0,Medium,Improving
EMP003,Monica Bush,Support,2026-04-13,09:20,18:02,8.7,IoT Monitoring,Bug Fixing,Completed,88,27,0.7,6,2.3,6,6,85,13,13,4.4,Low,Improving
EMP003,Monica Bush,Support,2026-04-14,10:16,19:34,9.3,HR System,UI Design,Completed,97,35,1.3,5,2.3,7,1,96,5,5,4.9,Medium,Improving
EMP003,Monica Bush,Support,2026-04-15,09:32,18:38,9.1,HR System,UI Design,Pending,100,14,1.1,6,0.9,2,1,93,9,6,5.0,Medium,Improving
EMP003,Monica Bush,Support,2026-04-16,08:19,16:37,8.3,IoT Monitoring,UI Design,Completed,100,33,0.3,4,1.2,4,4,93,6,6,5.0,Low,Improving
EMP003,Monica Bush,Support,2026-04-17,08:21,16:57,8.6,IoT Monitoring,Bug Fixing,In Progress,89,18,0.6,4,1.3,6,4,80,5,5,5.0,Low,Improving
EMP003,Monica Bush,Support,2026-04-18,08:54,16:54,8.0,Mobile App,Testing,Completed,98,12,0.0,4,0.9,4,8,91,10,10,5.0,Low,Improving
EMP003,Monica Bush,Support,2026-04-20,08:28,17:34,9.1,Client Portal,Model Training,In Progress,97,23,1.1,3,1.0,7,7,94,14,7,5.0,Medium,Improving
EMP003,Monica Bush,Support,2026-04-21,10:06,18:24,8.3,HR System,Model Training,Pending,88,24,0.3,1,2.0,3,0,80,8,8,5.0,Low,Improving
EMP003,Monica Bush,Support,2026-04-22,08:00,16:48,8.8,HR System,Documentation,Completed,91,21,0.8,3,2.8,3,2,90,9,3,4.8,Low,Improving
EMP003,Monica Bush,Support,2026-04-23,08:44,17:56,9.2,Client Portal,UI Design,Pending,100,27,1.2,3,0.7,9,3,94,12,12,5.0,Medium,Improving
EMP003,Monica Bush,Support,2026-04-24,10:13,19:19,9.1,IoT Monitoring,Bug Fixing,Completed,100,23,1.1,5,1.2,7,3,100,5,5,5.0,Medium,Improving
EMP003,Monica Bush,Support,2026-04-25,10:42,18:42,8.0,CRM Dashboard,API Integration,Completed,100,19,0.0,4,1.2,4,6,100,6,6,5.0,Low,Improving
EMP003,Monica Bush,Support,2026-04-26,09:49,18:55,9.1,Client Portal,API Integration,Completed,88,33,1.1,2,1.2,5,1,82,6,6,5.0,Medium,Improving
EMP003,Monica Bush,Support,2026-04-27,10:36,20:00,9.4,CRM Dashboard,Database Update,In Progress,100,28,1.4,4,2.7,8,4,90,8,6,5.0,Medium,Improving
EMP003,Monica Bush,Support,2026-04-28,10:44,18:38,7.9,Mobile App,UI Design,Pending,83,19,0.0,6,2.7,6,7,73,15,7,4.6,Low,Improving
EMP003,Monica Bush,Support,2026-04-29,08:06,15:48,7.7,Mobile App,API Integration,Completed,89,29,0.0,5,2.4,2,0,83,14,10,5.0,Low,Improving
EMP003,Monica Bush,Support,2026-04-30,09:38,18:02,8.4,HR System,API Integration,Completed,97,25,0.4,2,2.2,7,8,89,7,7,5.0,Low,Improving
EMP003,Monica Bush,Support,2026-05-01,09:35,17:23,7.8,HR System,Documentation,Completed,100,21,0.0,4,1.4,1,3,93,9,8,5.0,Low,Improving
EMP003,Monica Bush,Support,2026-05-02,10:16,18:28,8.2,Mobile App,Database Update,Completed,92,33,0.2,5,2.1,5,8,83,5,5,4.8,Low,Improving
EMP003,Monica Bush,Support,2026-05-04,09:12,17:54,8.7,Mobile App,Documentation,In Progress,88,29,0.7,6,0.6,9,8,78,11,10,4.7,Low,Improving
EMP003,Monica Bush,Support,2026-05-05,09:44,17:38,7.9,AI Analytics,API Integration,In Progress,92,32,0.0,3,1.8,9,1,86,9,5,5.0,Low,Improving
EMP003,Monica Bush,Support,2026-05-06,08:06,16:42,8.6,HR System,Client Support,Pending,100,19,0.6,6,2.8,9,7,96,15,8,5.0,Low,Improving
EMP003,Monica Bush,Support,2026-05-07,10:11,17:59,7.8,IoT Monitoring,Testing,Pending,100,19,0.0,3,0.7,3,5,91,7,7,5.0,Low,Improving
EMP003,Monica Bush,Support,2026-05-08,08:01,17:19,9.3,HR System,Testing,In Progress,100,27,1.3,1,1.6,5,6,92,13,8,5.0,Medium,Improving
EMP003,Monica Bush,Support,2026-05-09,10:31,19:13,8.7,HR System,Bug Fixing,In Progress,95,24,0.7,1,2.5,3,4,93,5,5,5.0,Low,Improving
EMP003,Monica Bush,Support,2026-05-10,10:47,18:53,8.1,CRM Dashboard,UI Design,Pending,100,16,0.1,6,2.2,5,2,99,8,3,5.0,Low,Improving
EMP003,Monica Bush,Support,2026-05-11,08:18,17:12,8.9,Mobile App,Documentation,Completed,100,16,0.9,5,1.1,9,3,99,15,3,5.0,Low,Improving
EMP003,Monica Bush,Support,2026-05-12,08:02,17:14,9.2,Mobile App,UI Design,In Progress,91,34,1.2,3,2.0,5,0,87,13,12,5.0,Medium,Improving
EMP003,Monica Bush,Support,2026-05-13,09:21,17:39,8.3,Mobile App,Database Update,In Progress,87,26,0.3,5,1.0,1,2,84,12,5,5.0,Low,Improving
EMP003,Monica Bush,Support,2026-05-14,08:39,17:57,9.3,IoT Monitoring,UI Design,In Progress,86,17,1.3,1,1.0,6,5,80,6,6,4.9,Medium,Improving
EMP003,Monica Bush,Support,2026-05-15,09:01,18:31,9.5,HR System,Database Update,Pending,99,32,1.5,4,1.4,8,3,95,13,12,5.0,Medium,Improving
EMP003,Monica Bush,Support,2026-05-16,10:27,19:45,9.3,HR System,Bug Fixing,In Progress,96,29,1.3,2,1.5,5,5,92,11,11,5.0,Medium,Improving
EMP003,Monica Bush,Support,2026-05-18,09:54,19:00,9.1,Client Portal,Client Support,Pending,95,17,1.1,5,2.5,6,1,91,14,8,4.9,Medium,Improving
EMP003,Monica Bush,Support,2026-05-19,10:43,19:37,8.9,Client Portal,Testing,Pending,90,24,0.9,4,2.7,4,2,80,14,3,5.0,Low,Improving
EMP004,Claire Dominguez,UI/UX,2026-02-19,09:32,17:50,8.3,HR System,UI Design,Pending,75,59,0.3,1,0.9,7,8,71,14,8,4.7,Low,Stable
EMP004,Claire Dominguez,UI/UX,2026-02-20,08:38,17:26,8.8,Client Portal,API Integration,Pending,61,31,0.8,1,0.5,4,1,53,13,10,3.6,Low,Stable
EMP004,Claire Dominguez,UI/UX,2026-02-21,09:55,18:49,8.9,Mobile App,Client Support,Completed,74,57,0.9,3,2.0,10,8,72,14,9,4.6,Low,Stable
EMP004,Claire Dominguez,UI/UX,2026-02-22,10:18,17:36,7.3,AI Analytics,API Integration,Pending,69,34,0.0,5,2.2,7,5,64,6,6,3.8,Low,Stable
EMP004,Claire Dominguez,UI/UX,2026-02-23,10:16,18:22,8.1,HR System,UI Design,Pending,67,65,0.1,1,1.0,9,1,62,13,4,4.0,Low,Stable
EMP004,Claire Dominguez,UI/UX,2026-02-24,10:43,18:13,7.5,Client Portal,Documentation,In Progress,67,40,0.0,3,2.7,2,8,64,12,6,3.7,Low,Stable
EMP004,Claire Dominguez,UI/UX,2026-02-25,10:25,18:07,7.7,HR System,Client Support,In Progress,75,51,0.0,4,2.4,6,8,70,10,9,4.5,Low,Stable
EMP004,Claire Dominguez,UI/UX,2026-02-26,08:28,16:22,7.9,CRM Dashboard,Documentation,Completed,65,59,0.0,1,1.7,4,5,57,13,8,3.3,Low,Stable
EMP004,Claire Dominguez,UI/UX,2026-02-27,09:22,16:16,6.9,IoT Monitoring,Model Training,Pending,65,37,0.0,2,2.9,2,6,58,10,5,3.3,Low,Stable
EMP004,Claire Dominguez,UI/UX,2026-02-28,10:43,17:25,6.7,Client Portal,Model Training,Pending,80,50,0.0,3,2.9,1,3,78,6,6,4.1,Low,Improving
EMP004,Claire Dominguez,UI/UX,2026-03-02,10:57,19:21,8.4,IoT Monitoring,Documentation,Completed,71,50,0.4,5,2.7,3,8,68,6,4,3.8,Low,Stable
EMP004,Claire Dominguez,UI/UX,2026-03-03,09:52,18:28,8.6,Client Portal,UI Design,In Progress,80,54,0.6,5,1.1,7,7,70,9,9,4.0,Low,Improving
EMP004,Claire Dominguez,UI/UX,2026-03-04,10:02,17:26,7.4,AI Analytics,Testing,Completed,61,58,0.0,3,2.6,10,8,53,13,9,4.0,Low,Stable
EMP004,Claire Dominguez,UI/UX,2026-03-05,08:28,15:34,7.1,HR System,Model Training,Completed,66,58,0.0,4,0.9,8,2,62,12,3,3.6,Low,Stable
EMP004,Claire Dominguez,UI/UX,2026-03-06,10:10,16:58,6.8,HR System,Model Training,In Progress,73,48,0.0,6,1.5,2,7,71,11,9,4.3,Low,Stable
EMP004,Claire Dominguez,UI/UX,2026-03-07,10:59,19:47,8.8,Client Portal,Database Update,Completed,79,48,0.8,6,1.8,4,7,79,6,6,4.1,Low,Stable
EMP004,Claire Dominguez,UI/UX,2026-03-08,08:34,17:34,9.0,Mobile App,API Integration,Completed,76,56,1.0,6,1.2,5,6,71,14,12,4.7,Medium,Stable
EMP004,Claire Dominguez,UI/UX,2026-03-09,08:22,14:58,6.6,IoT Monitoring,Testing,Completed,75,60,0.0,5,2.0,4,0,71,10,9,4.7,Low,Stable
EMP004,Claire Dominguez,UI/UX,2026-03-10,10:10,17:22,7.2,Client Portal,Bug Fixing,In Progress,76,34,0.0,3,0.8,3,1,73,9,4,4.2,Low,Stable
EMP004,Claire Dominguez,UI/UX,2026-03-11,08:30,15:36,7.1,CRM Dashboard,Database Update,In Progress,72,39,0.0,6,0.7,10,1,70,12,3,4.0,Low,Stable
EMP004,Claire Dominguez,UI/UX,2026-03-12,08:10,15:28,7.3,HR System,UI Design,Completed,68,60,0.0,3,1.7,8,2,62,5,5,3.7,Low,Stable
EMP004,Claire Dominguez,UI/UX,2026-03-13,08:40,16:40,8.0,CRM Dashboard,API Integration,Pending,74,54,0.0,6,0.8,5,6,67,13,6,4.4,Low,Stable
EMP004,Claire Dominguez,UI/UX,2026-03-14,09:34,17:10,7.6,HR System,API Integration,Pending,61,32,0.0,6,2.1,8,1,60,14,7,3.1,Low,Stable
EMP004,Claire Dominguez,UI/UX,2026-03-15,10:43,19:19,8.6,Mobile App,Database Update,In Progress,72,45,0.6,2,2.7,5,0,72,13,3,4.1,Low,Stable
EMP004,Claire Dominguez,UI/UX,2026-03-16,09:35,18:17,8.7,Client Portal,Model Training,In Progress,68,44,0.7,1,1.7,3,0,60,12,11,3.9,Low,Stable
EMP004,Claire Dominguez,UI/UX,2026-03-17,08:21,17:09,8.8,Client Portal,Client Support,Completed,72,65,0.8,1,2.8,1,7,67,5,5,4.3,Low,Stable
EMP004,Claire Dominguez,UI/UX,2026-03-18,09:39,16:39,7.0,CRM Dashboard,Model Training,Completed,73,48,0.0,2,1.2,3,8,72,5,5,4.3,Low,Stable
EMP004,Claire Dominguez,UI/UX,2026-03-19,08:49,16:01,7.2,CRM Dashboard,Client Support,Pending,62,70,0.0,2,1.5,3,3,54,10,4,3.7,Low,Stable
EMP004,Claire Dominguez,UI/UX,2026-03-20,09:27,17:15,7.8,Mobile App,Documentation,In Progress,77,38,0.0,4,1.1,4,1,67,7,7,4.5,Low,Stable
EMP004,Claire Dominguez,UI/UX,2026-03-21,10:33,19:03,8.5,CRM Dashboard,Bug Fixing,Completed,70,51,0.5,3,1.8,1,0,67,11,5,3.9,Low,Stable
EMP004,Claire Dominguez,UI/UX,2026-03-23,09:10,17:10,8.0,AI Analytics,Testing,Completed,76,53,0.0,4,0.7,7,0,69,9,9,3.9,Low,Stable
EMP004,Claire Dominguez,UI/UX,2026-03-24,08:18,15:36,7.3,AI Analytics,UI Design,Pending,64,32,0.0,1,1.6,4,2,59,15,13,4.0,Low,Stable
EMP004,Claire Dominguez,UI/UX,2026-03-25,08:37,15:37,7.0,AI Analytics,Database Update,Completed,73,61,0.0,6,1.4,1,6,65,13,13,4.6,Low,Stable
EMP004,Claire Dominguez,UI/UX,2026-03-26,10:28,19:10,8.7,CRM Dashboard,Client Support,Completed,78,32,0.7,5,2.7,10,5,70,13,8,4.3,Low,Stable
EMP004,Claire Dominguez,UI/UX,2026-03-27,10:33,17:09,6.6,Mobile App,Client Support,Completed,65,53,0.0,2,2.7,1,3,65,8,5,4.2,Low,Stable
EMP004,Claire Dominguez,UI/UX,2026-03-28,09:13,16:25,7.2,IoT Monitoring,UI Design,In Progress,64,69,0.0,4,2.1,6,2,55,11,11,3.4,Low,Stable
EMP004,Claire Dominguez,UI/UX,2026-03-30,10:54,18:42,7.8,CRM Dashboard,Model Training,Completed,68,54,0.0,1,2.0,4,8,65,15,7,4.1,Low,Stable
EMP004,Claire Dominguez,UI/UX,2026-03-31,08:26,17:08,8.7,AI Analytics,Documentation,Completed,81,70,0.7,1,0.7,6,7,81,15,14,4.6,Low,Improving
EMP004,Claire Dominguez,UI/UX,2026-04-01,08:16,16:34,8.3,AI Analytics,Model Training,Completed,74,62,0.3,1,2.7,3,0,67,5,4,3.8,Low,Stable
EMP004,Claire Dominguez,UI/UX,2026-04-02,10:19,17:55,7.6,AI Analytics,Model Training,Pending,66,40,0.0,5,1.0,7,1,57,15,13,3.4,Low,Stable
EMP004,Claire Dominguez,UI/UX,2026-04-03,08:21,15:15,6.9,Mobile App,Bug Fixing,In Progress,76,35,0.0,2,1.5,10,4,70,12,9,4.8,Low,Stable
EMP004,Claire Dominguez,UI/UX,2026-04-04,08:38,17:08,8.5,HR System,UI Design,Completed,61,55,0.5,4,2.3,7,7,55,14,7,3.9,Low,Stable
EMP004,Claire Dominguez,UI/UX,2026-04-06,09:13,17:55,8.7,CRM Dashboard,Model Training,Pending,69,58,0.7,6,1.2,1,2,65,9,7,3.7,Low,Stable
EMP004,Claire Dominguez,UI/UX,2026-04-07,08:25,16:25,8.0,CRM Dashboard,API Integration,Completed,76,63,0.0,1,1.2,10,7,74,7,7,3.9,Low,Stable
EMP004,Claire Dominguez,UI/UX,2026-04-08,08:11,15:41,7.5,AI Analytics,Client Support,Pending,69,46,0.0,3,1.4,5,5,63,10,4,4.3,Low,Stable
EMP004,Claire Dominguez,UI/UX,2026-04-09,10:21,17:51,7.5,Client Portal,UI Design,Completed,75,50,0.0,1,1.0,3,8,75,11,11,4.6,Low,Stable
EMP004,Claire Dominguez,UI/UX,2026-04-10,09:06,17:48,8.7,Mobile App,UI Design,Completed,63,60,0.7,5,0.9,9,0,60,8,4,3.7,Low,Stable
EMP004,Claire Dominguez,UI/UX,2026-04-11,10:05,17:05,7.0,AI Analytics,Client Support,Completed,61,63,0.0,3,2.8,6,4,55,12,9,3.8,Low,Stable
EMP004,Claire Dominguez,UI/UX,2026-04-13,08:49,15:37,6.8,Mobile App,Bug Fixing,Completed,81,65,0.0,5,2.7,6,3,72,12,12,5.0,Low,Improving
EMP004,Claire Dominguez,UI/UX,2026-04-14,09:19,17:55,8.6,AI Analytics,UI Design,Pending,66,46,0.6,5,1.9,1,0,61,14,13,4.3,Low,Stable
EMP004,Claire Dominguez,UI/UX,2026-04-15,09:36,18:36,9.0,CRM Dashboard,API Integration,Pending,62,39,1.0,1,1.6,6,3,55,6,4,3.9,Medium,Stable
EMP004,Claire Dominguez,UI/UX,2026-04-16,09:25,16:13,6.8,IoT Monitoring,Database Update,Pending,73,35,0.0,4,1.1,4,2,70,15,15,3.9,Low,Stable
EMP004,Claire Dominguez,UI/UX,2026-04-17,08:42,16:24,7.7,CRM Dashboard,Client Support,Completed,75,52,0.0,3,3.0,8,1,75,8,7,3.9,Low,Stable
EMP004,Claire Dominguez,UI/UX,2026-04-18,09:29,17:59,8.5,HR System,Model Training,Pending,73,43,0.5,4,2.2,5,2,71,9,9,3.8,Low,Stable
EMP004,Claire Dominguez,UI/UX,2026-04-20,08:41,16:29,7.8,IoT Monitoring,Model Training,In Progress,61,43,0.0,5,2.5,6,2,56,8,7,3.8,Low,Stable
EMP004,Claire Dominguez,UI/UX,2026-04-21,09:51,16:21,6.5,Client Portal,UI Design,Completed,63,63,0.0,3,2.4,8,3,53,8,8,3.5,Low,Stable
EMP004,Claire Dominguez,UI/UX,2026-04-22,10:08,17:14,7.1,IoT Monitoring,API Integration,In Progress,76,49,0.0,1,1.8,7,2,75,9,5,4.5,Low,Stable
EMP004,Claire Dominguez,UI/UX,2026-04-23,09:57,17:57,8.0,IoT Monitoring,API Integration,Pending,80,66,0.0,2,1.6,9,0,77,5,5,4.3,Low,Improving
EMP004,Claire Dominguez,UI/UX,2026-04-24,08:01,16:25,8.4,Mobile App,Bug Fixing,Pending,80,68,0.4,6,1.4,5,8,80,15,6,4.3,Low,Improving
EMP004,Claire Dominguez,UI/UX,2026-04-25,08:53,17:41,8.8,AI Analytics,Model Training,Completed,61,40,0.8,3,1.2,9,8,59,15,11,3.7,Low,Stable
EMP004,Claire Dominguez,UI/UX,2026-04-27,08:45,16:21,7.6,Mobile App,Database Update,Completed,78,66,0.0,2,1.2,2,2,78,15,9,4.4,Low,Stable
EMP004,Claire Dominguez,UI/UX,2026-04-28,10:30,18:48,8.3,CRM Dashboard,Model Training,Completed,78,41,0.3,4,1.7,7,2,73,15,9,4.2,Low,Stable
EMP004,Claire Dominguez,UI/UX,2026-04-29,08:30,16:30,8.0,Client Portal,UI Design,Completed,74,37,0.0,4,0.7,8,5,71,9,6,4.2,Low,Stable
EMP004,Claire Dominguez,UI/UX,2026-04-30,10:12,18:36,8.4,IoT Monitoring,Model Training,In Progress,63,35,0.4,1,0.7,5,3,60,7,7,3.8,Low,Stable
EMP004,Claire Dominguez,UI/UX,2026-05-01,08:20,15:02,6.7,Client Portal,Client Support,Pending,78,68,0.0,6,1.8,6,0,72,11,11,4.5,Low,Stable
EMP004,Claire Dominguez,UI/UX,2026-05-02,09:39,18:03,8.4,AI Analytics,Bug Fixing,In Progress,62,42,0.4,4,1.8,7,7,58,15,3,3.8,Low,Stable
EMP004,Claire Dominguez,UI/UX,2026-05-04,08:37,15:43,7.1,AI Analytics,UI Design,Pending,75,36,0.0,2,1.0,6,7,66,9,9,4.5,Low,Stable
EMP004,Claire Dominguez,UI/UX,2026-05-05,10:28,18:22,7.9,AI Analytics,Documentation,Pending,79,34,0.0,6,0.7,5,8,71,11,5,4.8,Low,Stable
EMP004,Claire Dominguez,UI/UX,2026-05-06,10:25,18:31,8.1,IoT Monitoring,Documentation,In Progress,73,64,0.1,3,0.5,4,0,73,7,7,4.6,Low,Stable
EMP004,Claire Dominguez,UI/UX,2026-05-07,10:28,18:28,8.0,CRM Dashboard,Client Support,In Progress,71,31,0.0,4,0.5,2,3,69,6,6,4.5,Low,Stable
EMP004,Claire Dominguez,UI/UX,2026-05-08,10:14,18:20,8.1,HR System,Bug Fixing,In Progress,73,35,0.1,6,1.5,5,2,64,6,5,3.8,Low,Stable
EMP004,Claire Dominguez,UI/UX,2026-05-09,09:32,17:08,7.6,HR System,Model Training,Completed,63,68,0.0,5,2.7,3,4,57,7,7,3.8,Low,Stable
EMP004,Claire Dominguez,UI/UX,2026-05-10,10:46,18:46,8.0,Mobile App,Bug Fixing,Completed,77,47,0.0,2,2.3,10,3,70,12,10,3.9,Low,Stable
EMP004,Claire Dominguez,UI/UX,2026-05-11,08:37,15:19,6.7,Mobile App,API Integration,Pending,62,43,0.0,2,0.9,9,2,53,5,3,3.5,Low,Stable
EMP004,Claire Dominguez,UI/UX,2026-05-12,10:30,18:48,8.3,Mobile App,API Integration,Completed,67,32,0.3,1,0.6,3,1,64,14,14,3.8,Low,Stable
EMP004,Claire Dominguez,UI/UX,2026-05-13,10:11,17:29,7.3,HR System,API Integration,In Progress,80,52,0.0,3,1.4,10,4,71,9,4,4.4,Low,Improving
EMP004,Claire Dominguez,UI/UX,2026-05-14,10:46,17:34,6.8,Mobile App,Documentation,Completed,61,65,0.0,6,2.9,7,4,59,10,10,4.0,Low,Stable
EMP004,Claire Dominguez,UI/UX,2026-05-15,09:28,18:28,9.0,IoT Monitoring,Testing,Pending,80,67,1.0,3,1.0,5,7,70,13,11,4.1,Medium,Improving
EMP004,Claire Dominguez,UI/UX,2026-05-16,10:48,18:00,7.2,CRM Dashboard,Testing,Completed,77,40,0.0,1,0.7,5,6,76,8,8,4.7,Low,Stable
EMP004,Claire Dominguez,UI/UX,2026-05-18,10:12,17:54,7.7,Client Portal,Model Training,In Progress,79,68,0.0,5,1.9,4,1,78,10,4,4.0,Low,Stable
EMP004,Claire Dominguez,UI/UX,2026-05-19,08:09,14:45,6.6,CRM Dashboard,Bug Fixing,Pending,73,52,0.0,4,2.0,1,8,70,15,9,4.6,Low,Stable
EMP005,Michael Shaw,AI/ML,2026-02-19,08:24,15:42,7.3,Client Portal,UI Design,In Progress,64,60,0.0,4,1.0,4,6,54,7,7,3.7,Low,Stable
EMP005,Michael Shaw,AI/ML,2026-02-20,09:20,17:14,7.9,Client Portal,Testing,Completed,60,57,0.0,1,2.7,7,7,59,8,6,3.6,Low,Stable
EMP005,Michael Shaw,AI/ML,2026-02-21,08:11,16:29,8.3,Mobile App,Database Update,Pending,53,52,0.3,3,1.2,4,0,52,14,12,3.6,Low,Declining
EMP005,Michael Shaw,AI/ML,2026-02-23,09:30,17:48,8.3,IoT Monitoring,Client Support,Completed,70,45,0.3,5,1.7,9,8,70,5,5,4.0,Low,Stable
EMP005,Michael Shaw,AI/ML,2026-02-24,09:53,18:29,8.6,AI Analytics,UI Design,In Progress,62,30,0.6,3,2.0,9,8,58,14,8,4.1,Low,Stable
EMP005,Michael Shaw,AI/ML,2026-02-25,08:20,14:50,6.5,CRM Dashboard,Client Support,Completed,61,34,0.0,4,1.5,7,0,59,6,6,3.2,Low,Stable
EMP005,Michael Shaw,AI/ML,2026-02-26,08:52,16:22,7.5,AI Analytics,Documentation,Completed,57,34,0.0,2,1.4,8,2,47,15,6,3.1,Low,Declining
EMP005,Michael Shaw,AI/ML,2026-02-27,10:32,17:26,6.9,AI Analytics,Bug Fixing,Pending,54,30,0.0,2,1.1,8,2,44,13,8,3.7,Low,Declining
EMP005,Michael Shaw,AI/ML,2026-02-28,10:19,17:31,7.2,IoT Monitoring,Model Training,In Progress,50,47,0.0,5,1.2,1,5,42,6,4,3.0,Low,Declining
EMP005,Michael Shaw,AI/ML,2026-03-01,10:14,18:50,8.6,Client Portal,API Integration,Pending,64,53,0.6,2,2.3,2,1,56,5,3,3.2,Low,Stable
EMP005,Michael Shaw,AI/ML,2026-03-02,08:45,17:27,8.7,AI Analytics,Client Support,Completed,50,44,0.7,3,1.5,8,7,46,14,14,3.5,Low,Declining
EMP005,Michael Shaw,AI/ML,2026-03-03,08:21,17:03,8.7,HR System,API Integration,Completed,53,31,0.7,5,2.6,7,1,48,5,3,3.6,Low,Declining
EMP005,Michael Shaw,AI/ML,2026-03-04,09:35,18:11,8.6,Mobile App,API Integration,Completed,65,35,0.6,6,2.4,10,6,63,11,4,4.2,Low,Stable
EMP005,Michael Shaw,AI/ML,2026-03-05,08:16,17:04,8.8,IoT Monitoring,API Integration,Pending,60,42,0.8,3,2.0,3,0,57,15,5,3.2,Low,Stable
EMP005,Michael Shaw,AI/ML,2026-03-06,09:33,16:39,7.1,Client Portal,Client Support,Pending,60,69,0.0,5,1.2,10,8,51,10,6,3.5,Low,Stable
EMP005,Michael Shaw,AI/ML,2026-03-07,09:38,16:08,6.5,Mobile App,Client Support,Pending,63,60,0.0,1,1.8,6,2,56,8,6,3.5,Low,Stable
EMP005,Michael Shaw,AI/ML,2026-03-08,10:41,17:29,6.8,Client Portal,Bug Fixing,Completed,63,50,0.0,1,2.3,2,6,62,14,6,4.1,Low,Stable
EMP005,Michael Shaw,AI/ML,2026-03-09,08:08,16:20,8.2,HR System,Bug Fixing,In Progress,55,41,0.2,4,0.7,4,6,53,7,7,3.0,Low,Declining
EMP005,Michael Shaw,AI/ML,2026-03-10,08:15,16:09,7.9,Mobile App,Database Update,Completed,70,31,0.0,1,2.7,6,8,61,14,12,4.3,Low,Stable
EMP005,Michael Shaw,AI/ML,2026-03-11,10:16,18:10,7.9,HR System,Client Support,Completed,65,43,0.0,5,2.7,8,5,60,12,6,3.4,Low,Stable
EMP005,Michael Shaw,AI/ML,2026-03-12,08:50,17:38,8.8,CRM Dashboard,Documentation,Completed,51,46,0.8,1,1.1,2,2,51,7,6,3.4,Low,Declining
EMP005,Michael Shaw,AI/ML,2026-03-13,08:03,16:51,8.8,AI Analytics,Client Support,Completed,56,42,0.8,4,1.4,6,5,46,7,7,3.3,Low,Declining
EMP005,Michael Shaw,AI/ML,2026-03-14,10:57,19:39,8.7,AI Analytics,API Integration,Pending,63,43,0.7,2,1.8,4,8,56,14,12,3.3,Low,Stable
EMP005,Michael Shaw,AI/ML,2026-03-16,09:33,17:39,8.1,AI Analytics,Bug Fixing,In Progress,60,69,0.1,2,1.6,1,2,53,13,3,3.2,Low,Stable
EMP005,Michael Shaw,AI/ML,2026-03-17,09:34,16:16,6.7,AI Analytics,Documentation,In Progress,57,47,0.0,2,3.0,2,0,51,12,10,3.3,Low,Declining
EMP005,Michael Shaw,AI/ML,2026-03-18,10:58,19:34,8.6,Mobile App,Documentation,In Progress,57,64,0.6,2,2.5,3,2,57,13,11,3.6,Low,Declining
EMP005,Michael Shaw,AI/ML,2026-03-19,09:56,17:56,8.0,HR System,Client Support,Pending,52,62,0.0,6,2.9,4,6,51,9,9,3.3,Low,Declining
EMP005,Michael Shaw,AI/ML,2026-03-20,10:05,18:11,8.1,HR System,Client Support,Completed,69,63,0.1,4,1.3,3,6,61,13,5,3.6,Low,Stable
EMP005,Michael Shaw,AI/ML,2026-03-21,08:21,16:27,8.1,AI Analytics,Model Training,Pending,50,53,0.1,6,1.4,3,6,47,11,9,2.9,Low,Declining
EMP005,Michael Shaw,AI/ML,2026-03-22,10:11,18:47,8.6,Mobile App,Testing,Completed,68,34,0.6,2,3.0,10,0,68,13,3,4.1,Low,Stable
EMP005,Michael Shaw,AI/ML,2026-03-23,10:54,18:42,7.8,Client Portal,Client Support,Completed,62,48,0.0,4,2.1,2,8,53,11,11,3.6,Low,Stable
EMP005,Michael Shaw,AI/ML,2026-03-24,09:12,17:18,8.1,Mobile App,Documentation,Pending,55,60,0.1,3,2.2,9,8,53,12,11,3.5,Low,Declining
EMP005,Michael Shaw,AI/ML,2026-03-25,10:04,18:40,8.6,CRM Dashboard,UI Design,Completed,61,30,0.6,2,3.0,8,3,52,8,8,3.3,Low,Stable
EMP005,Michael Shaw,AI/ML,2026-03-26,08:45,16:45,8.0,Mobile App,API Integration,Pending,64,68,0.0,5,1.2,8,4,56,9,8,3.4,Low,Stable
EMP005,Michael Shaw,AI/ML,2026-03-27,09:10,15:40,6.5,AI Analytics,Documentation,Completed,63,53,0.0,3,0.6,3,4,56,15,10,4.0,Low,Stable
EMP005,Michael Shaw,AI/ML,2026-03-28,08:05,16:29,8.4,CRM Dashboard,Model Training,Completed,69,37,0.4,3,1.4,3,2,65,10,10,4.0,Low,Stable
EMP005,Michael Shaw,AI/ML,2026-03-30,08:51,16:15,7.4,IoT Monitoring,Client Support,Pending,55,68,0.0,3,2.5,9,1,55,14,4,3.4,Low,Declining
EMP005,Michael Shaw,AI/ML,2026-03-31,09:57,16:33,6.6,AI Analytics,API Integration,Completed,56,36,0.0,4,1.0,4,0,46,9,9,3.6,Low,Declining
EMP005,Michael Shaw,AI/ML,2026-04-01,08:35,16:53,8.3,CRM Dashboard,API Integration,Completed,59,36,0.3,1,1.6,4,0,49,11,5,3.3,Low,Declining
EMP005,Michael Shaw,AI/ML,2026-04-02,09:24,17:24,8.0,Client Portal,Database Update,Completed,65,54,0.0,3,2.1,1,4,61,11,10,3.6,Low,Stable
EMP005,Michael Shaw,AI/ML,2026-04-03,09:07,17:43,8.6,AI Analytics,Client Support,Completed,57,52,0.6,6,2.9,6,5,53,14,5,3.4,Low,Declining
EMP005,Michael Shaw,AI/ML,2026-04-04,09:20,17:20,8.0,IoT Monitoring,Testing,Completed,63,50,0.0,4,2.0,6,6,59,14,6,3.4,Low,Stable
EMP005,Michael Shaw,AI/ML,2026-04-06,10:07,18:25,8.3,AI Analytics,Model Training,Pending,65,32,0.3,4,1.0,1,5,58,9,9,3.5,Low,Stable
EMP005,Michael Shaw,AI/ML,2026-04-07,08:43,16:25,7.7,IoT Monitoring,Documentation,Completed,61,41,0.0,4,2.4,7,4,52,15,5,3.7,Low,Stable
EMP005,Michael Shaw,AI/ML,2026-04-08,10:37,17:37,7.0,CRM Dashboard,Database Update,In Progress,69,34,0.0,6,2.2,6,7,67,14,9,4.0,Low,Stable
EMP005,Michael Shaw,AI/ML,2026-04-09,09:24,16:48,7.4,AI Analytics,Documentation,Pending,54,35,0.0,4,2.7,4,1,49,7,7,3.5,Low,Declining
EMP005,Michael Shaw,AI/ML,2026-04-10,10:35,19:29,8.9,IoT Monitoring,Client Support,In Progress,54,38,0.9,3,1.6,3,2,52,5,5,2.8,Low,Declining
EMP005,Michael Shaw,AI/ML,2026-04-11,09:16,15:58,6.7,CRM Dashboard,API Integration,In Progress,57,64,0.0,4,1.4,4,6,48,8,8,3.2,Low,Declining
EMP005,Michael Shaw,AI/ML,2026-04-13,10:56,17:38,6.7,HR System,Client Support,Completed,66,49,0.0,1,1.0,2,8,65,15,3,4.3,Low,Stable
EMP005,Michael Shaw,AI/ML,2026-04-14,09:37,18:25,8.8,CRM Dashboard,UI Design,Completed,68,30,0.8,4,0.9,5,2,67,5,4,4.1,Low,Stable
EMP005,Michael Shaw,AI/ML,2026-04-15,10:13,17:19,7.1,Mobile App,Client Support,Pending,70,68,0.0,4,1.7,10,4,67,9,9,4.4,Low,Stable
EMP005,Michael Shaw,AI/ML,2026-04-16,09:18,17:48,8.5,IoT Monitoring,Testing,In Progress,55,47,0.5,6,0.9,5,0,54,12,4,3.5,Low,Declining
EMP005,Michael Shaw,AI/ML,2026-04-17,08:04,16:10,8.1,IoT Monitoring,Database Update,Pending,60,46,0.1,1,2.2,9,5,58,7,7,3.6,Low,Stable
EMP005,Michael Shaw,AI/ML,2026-04-18,08:25,16:13,7.8,Mobile App,UI Design,Pending,52,33,0.0,1,2.8,5,3,51,7,5,3.5,Low,Declining
EMP005,Michael Shaw,AI/ML,2026-04-20,09:09,17:33,8.4,IoT Monitoring,Testing,Pending,68,64,0.4,3,2.8,10,4,60,11,11,3.8,Low,Stable
EMP005,Michael Shaw,AI/ML,2026-04-21,08:01,16:37,8.6,IoT Monitoring,Model Training,In Progress,50,58,0.6,5,2.6,7,3,40,12,7,3.5,Low,Declining
EMP005,Michael Shaw,AI/ML,2026-04-22,09:52,17:52,8.0,HR System,API Integration,Completed,66,62,0.0,6,1.7,7,1,58,14,10,4.0,Low,Stable
EMP005,Michael Shaw,AI/ML,2026-04-23,09:08,17:56,8.8,CRM Dashboard,Bug Fixing,Completed,57,60,0.8,5,1.6,3,8,52,8,8,2.9,Low,Declining
EMP005,Michael Shaw,AI/ML,2026-04-24,09:03,17:57,8.9,HR System,API Integration,Completed,64,41,0.9,6,2.2,2,8,61,7,6,3.5,Low,Stable
EMP005,Michael Shaw,AI/ML,2026-04-25,10:36,18:06,7.5,Mobile App,Database Update,Completed,65,50,0.0,4,1.1,2,4,55,11,11,3.6,Low,Stable
EMP005,Michael Shaw,AI/ML,2026-04-27,10:33,19:21,8.8,HR System,Database Update,In Progress,65,66,0.8,5,2.0,2,8,65,6,6,4.2,Low,Stable
EMP005,Michael Shaw,AI/ML,2026-04-28,09:27,16:27,7.0,CRM Dashboard,Documentation,In Progress,68,57,0.0,5,1.4,8,4,65,15,11,3.5,Low,Stable
EMP005,Michael Shaw,AI/ML,2026-04-29,08:07,15:49,7.7,HR System,Client Support,In Progress,58,39,0.0,5,2.2,7,0,55,12,12,3.8,Low,Declining
EMP005,Michael Shaw,AI/ML,2026-04-30,10:06,18:06,8.0,CRM Dashboard,Client Support,Completed,60,59,0.0,5,1.6,2,0,52,11,11,3.0,Low,Stable
EMP005,Michael Shaw,AI/ML,2026-05-01,08:10,14:52,6.7,IoT Monitoring,Bug Fixing,Completed,70,41,0.0,3,1.4,3,3,62,5,5,4.2,Low,Stable
EMP005,Michael Shaw,AI/ML,2026-05-02,09:09,15:45,6.6,Mobile App,Documentation,Pending,55,35,0.0,5,2.8,9,3,54,11,11,3.2,Low,Declining
EMP005,Michael Shaw,AI/ML,2026-05-04,08:32,17:26,8.9,Client Portal,API Integration,Completed,57,36,0.9,2,0.7,3,1,53,5,5,3.8,Low,Declining
EMP005,Michael Shaw,AI/ML,2026-05-05,10:00,17:30,7.5,HR System,Model Training,Completed,68,39,0.0,5,0.6,3,4,61,6,6,4.4,Low,Stable
EMP005,Michael Shaw,AI/ML,2026-05-06,10:29,19:29,9.0,AI Analytics,Testing,In Progress,58,45,1.0,6,0.7,4,6,50,9,3,3.1,Medium,Declining
EMP005,Michael Shaw,AI/ML,2026-05-07,10:52,18:46,7.9,AI Analytics,Model Training,In Progress,52,48,0.0,2,2.7,4,0,47,12,12,3.3,Low,Declining
EMP005,Michael Shaw,AI/ML,2026-05-08,09:50,17:26,7.6,IoT Monitoring,Client Support,Pending,64,64,0.0,1,1.5,9,2,58,12,11,3.4,Low,Stable
EMP005,Michael Shaw,AI/ML,2026-05-09,10:51,19:09,8.3,IoT Monitoring,Model Training,In Progress,53,44,0.3,3,2.5,8,8,51,6,6,3.0,Low,Declining
EMP005,Michael Shaw,AI/ML,2026-05-11,09:55,18:55,9.0,IoT Monitoring,Model Training,Pending,55,47,1.0,1,1.2,8,6,55,12,8,3.3,Medium,Declining
EMP005,Michael Shaw,AI/ML,2026-05-12,10:15,18:27,8.2,IoT Monitoring,Testing,In Progress,62,39,0.2,5,1.6,7,2,60,14,7,3.1,Low,Stable
EMP005,Michael Shaw,AI/ML,2026-05-13,10:19,18:01,7.7,Client Portal,Client Support,Completed,54,60,0.0,4,1.6,10,0,51,12,12,2.9,Low,Declining
EMP005,Michael Shaw,AI/ML,2026-05-14,09:57,18:45,8.8,Mobile App,UI Design,Pending,55,31,0.8,2,1.4,10,6,46,15,5,3.7,Low,Declining
EMP005,Michael Shaw,AI/ML,2026-05-15,09:40,16:58,7.3,IoT Monitoring,Documentation,In Progress,60,55,0.0,6,1.0,10,3,60,13,13,3.6,Low,Stable
EMP005,Michael Shaw,AI/ML,2026-05-16,10:23,19:23,9.0,Client Portal,API Integration,Pending,64,45,1.0,2,1.8,8,8,55,8,8,3.3,Medium,Stable
EMP005,Michael Shaw,AI/ML,2026-05-18,09:22,15:58,6.6,Mobile App,UI Design,Completed,63,42,0.0,4,1.7,1,7,60,15,8,4.0,Low,Stable
EMP005,Michael Shaw,AI/ML,2026-05-19,08:19,15:01,6.7,Mobile App,Testing,In Progress,60,58,0.0,1,2.9,8,1,56,12,10,3.4,Low,Stable
EMP006,Donald Davis,UI/UX,2026-02-19,10:50,19:56,9.1,HR System,Client Support,Pending,74,71,1.1,4,1.6,8,7,67,12,3,3.9,Medium,Stable
EMP006,Donald Davis,UI/UX,2026-02-20,09:52,19:10,9.3,IoT Monitoring,Bug Fixing,Pending,65,102,1.3,3,2.7,6,1,64,5,5,3.7,Medium,Stable
EMP006,Donald Davis,UI/UX,2026-02-21,10:45,21:03,10.3,Mobile App,API Integration,Pending,77,100,2.3,4,1.3,7,8,67,13,7,4.5,Medium,Stable
EMP006,Donald Davis,UI/UX,2026-02-23,08:26,18:20,9.9,Mobile App,UI Design,In Progress,73,68,1.9,5,1.8,9,7,64,14,14,4.5,Medium,Stable
EMP006,Donald Davis,UI/UX,2026-02-24,10:48,21:42,10.9,Mobile App,UI Design,Completed,75,82,2.9,1,2.7,2,2,70,8,8,4.1,Medium,Stable
EMP006,Donald Davis,UI/UX,2026-02-25,10:12,21:18,11.1,AI Analytics,API Integration,Completed,83,61,3.1,4,2.3,10,0,74,15,12,5.0,Medium,Improving
EMP006,Donald Davis,UI/UX,2026-02-26,09:47,20:11,10.4,AI Analytics,Database Update,In Progress,80,98,2.4,6,0.9,8,8,73,10,9,4.2,Medium,Improving
EMP006,Donald Davis,UI/UX,2026-02-27,09:37,21:01,11.4,Client Portal,API Integration,Pending,83,104,3.4,5,1.7,4,1,81,12,3,4.3,Medium,Improving
EMP006,Donald Davis,UI/UX,2026-02-28,09:08,19:02,9.9,IoT Monitoring,API Integration,In Progress,67,101,1.9,4,2.4,1,7,65,11,3,4.2,Medium,Stable
EMP006,Donald Davis,UI/UX,2026-03-01,09:19,21:01,11.7,Mobile App,Documentation,In Progress,72,87,3.7,1,1.0,4,3,71,14,13,4.0,Medium,Stable
EMP006,Donald Davis,UI/UX,2026-03-02,08:38,20:38,12.0,CRM Dashboard,Model Training,Completed,74,119,4.0,4,2.8,5,2,67,8,8,4.7,Medium,Stable
EMP006,Donald Davis,UI/UX,2026-03-03,09:51,20:39,10.8,Mobile App,API Integration,Completed,66,101,2.8,1,3.0,2,4,56,11,11,3.6,Medium,Stable
EMP006,Donald Davis,UI/UX,2026-03-04,10:16,21:34,11.3,Mobile App,Database Update,In Progress,81,118,3.3,1,2.8,6,0,81,14,10,4.7,Medium,Improving
EMP006,Donald Davis,UI/UX,2026-03-05,09:13,19:49,10.6,IoT Monitoring,Database Update,Completed,83,69,2.6,6,0.8,10,4,75,14,4,4.8,Medium,Improving
EMP006,Donald Davis,UI/UX,2026-03-06,09:40,21:34,11.9,AI Analytics,Documentation,Completed,67,68,3.9,4,1.6,7,6,57,6,5,4.0,Medium,Stable
EMP006,Donald Davis,UI/UX,2026-03-07,08:44,20:02,11.3,CRM Dashboard,API Integration,Completed,64,101,3.3,3,2.1,9,6,57,10,10,3.4,High,Stable
EMP006,Donald Davis,UI/UX,2026-03-08,09:18,20:42,11.4,CRM Dashboard,Documentation,Completed,74,81,3.4,5,2.0,8,5,66,10,10,4.5,Medium,Stable
EMP006,Donald Davis,UI/UX,2026-03-09,08:45,19:15,10.5,IoT Monitoring,API Integration,In Progress,77,100,2.5,3,0.6,2,0,73,12,12,4.2,Medium,Stable
EMP006,Donald Davis,UI/UX,2026-03-10,10:02,21:56,11.9,Mobile App,Model Training,In Progress,66,60,3.9,2,2.8,10,2,63,5,3,3.9,Medium,Stable
EMP006,Donald Davis,UI/UX,2026-03-11,09:11,18:23,9.2,CRM Dashboard,Client Support,Pending,68,106,1.2,3,1.4,5,7,66,14,14,4.3,Medium,Stable
EMP006,Donald Davis,UI/UX,2026-03-12,08:59,20:29,11.5,HR System,API Integration,Completed,71,119,3.5,4,2.2,4,4,70,9,9,3.7,Medium,Stable
EMP006,Donald Davis,UI/UX,2026-03-13,10:03,20:33,10.5,Client Portal,Documentation,Pending,72,96,2.5,3,1.3,5,2,66,7,5,3.9,Medium,Stable
EMP006,Donald Davis,UI/UX,2026-03-14,08:26,17:32,9.1,Client Portal,Model Training,Pending,63,85,1.1,1,1.5,1,5,55,9,8,3.5,Medium,Stable
EMP006,Donald Davis,UI/UX,2026-03-16,10:00,21:42,11.7,HR System,Bug Fixing,In Progress,77,107,3.7,5,0.8,6,0,70,14,14,4.4,Medium,Stable
EMP006,Donald Davis,UI/UX,2026-03-17,09:46,20:34,10.8,IoT Monitoring,Client Support,In Progress,82,105,2.8,5,2.8,10,1,81,11,3,4.9,Medium,Improving
EMP006,Donald Davis,UI/UX,2026-03-18,10:24,20:30,10.1,Mobile App,Model Training,Completed,66,115,2.1,1,1.7,8,0,56,11,8,3.5,Medium,Stable
EMP006,Donald Davis,UI/UX,2026-03-19,08:10,17:40,9.5,HR System,Client Support,Completed,74,98,1.5,2,1.3,5,5,72,9,9,3.8,Medium,Stable
EMP006,Donald Davis,UI/UX,2026-03-20,10:33,20:03,9.5,Mobile App,Documentation,In Progress,72,110,1.5,6,2.4,4,7,71,10,9,4.5,Medium,Stable
EMP006,Donald Davis,UI/UX,2026-03-21,08:05,19:53,11.8,AI Analytics,API Integration,Completed,79,77,3.8,6,1.5,9,8,71,12,6,4.7,Medium,Stable
EMP006,Donald Davis,UI/UX,2026-03-22,08:38,18:50,10.2,IoT Monitoring,Model Training,Completed,81,106,2.2,1,1.5,1,8,78,6,4,4.3,Medium,Improving
EMP006,Donald Davis,UI/UX,2026-03-23,08:11,17:59,9.8,IoT Monitoring,Database Update,In Progress,64,92,1.8,6,1.8,8,1,58,14,7,3.7,Medium,Stable
EMP006,Donald Davis,UI/UX,2026-03-24,10:33,20:33,10.0,IoT Monitoring,Client Support,Completed,62,118,2.0,1,1.3,4,8,52,12,12,3.2,Medium,Stable
EMP006,Donald Davis,UI/UX,2026-03-25,08:23,18:59,10.6,HR System,Client Support,Pending,64,89,2.6,6,2.9,3,0,54,6,3,3.3,Medium,Stable
EMP006,Donald Davis,UI/UX,2026-03-26,10:14,19:56,9.7,Client Portal,Documentation,Pending,63,111,1.7,1,1.4,5,6,55,10,6,3.8,Medium,Stable
EMP006,Donald Davis,UI/UX,2026-03-27,09:02,20:08,11.1,CRM Dashboard,Testing,Pending,69,108,3.1,3,2.6,4,4,68,10,10,4.4,Medium,Stable
EMP006,Donald Davis,UI/UX,2026-03-28,08:06,19:06,11.0,Client Portal,Database Update,Pending,78,86,3.0,3,2.0,3,6,77,11,9,4.1,Medium,Stable
EMP006,Donald Davis,UI/UX,2026-03-30,08:17,19:05,10.8,IoT Monitoring,Documentation,Pending,64,84,2.8,4,0.8,10,6,56,11,7,3.4,Medium,Stable
EMP006,Donald Davis,UI/UX,2026-03-31,10:53,20:59,10.1,Client Portal,Bug Fixing,Completed,69,105,2.1,4,0.5,2,2,63,7,7,3.6,Medium,Stable
EMP006,Donald Davis,UI/UX,2026-04-01,08:18,18:42,10.4,Mobile App,Database Update,In Progress,74,75,2.4,1,1.4,7,8,71,6,6,4.4,Medium,Stable
EMP006,Donald Davis,UI/UX,2026-04-02,09:36,19:18,9.7,Mobile App,Testing,Completed,68,119,1.7,5,1.4,2,1,61,11,9,3.5,Medium,Stable
EMP006,Donald Davis,UI/UX,2026-04-03,08:54,20:06,11.2,Mobile App,Documentation,In Progress,69,106,3.2,6,1.2,4,2,60,15,15,4.0,Medium,Stable
EMP006,Donald Davis,UI/UX,2026-04-04,09:32,20:56,11.4,HR System,UI Design,Completed,65,110,3.4,3,2.9,3,0,55,11,9,3.9,Medium,Stable
EMP006,Donald Davis,UI/UX,2026-04-06,09:14,20:32,11.3,HR System,Model Training,Pending,62,116,3.3,4,0.9,9,6,61,13,4,3.6,High,Stable
EMP006,Donald Davis,UI/UX,2026-04-07,08:12,19:36,11.4,Client Portal,Model Training,Pending,75,79,3.4,5,0.6,4,3,69,8,8,3.9,Medium,Stable
EMP006,Donald Davis,UI/UX,2026-04-08,09:03,20:39,11.6,IoT Monitoring,Client Support,Completed,62,61,3.6,6,2.7,8,1,53,9,5,3.8,High,Stable
EMP006,Donald Davis,UI/UX,2026-04-09,08:13,19:13,11.0,IoT Monitoring,API Integration,Completed,78,67,3.0,1,1.5,3,2,74,11,3,4.4,Medium,Stable
EMP006,Donald Davis,UI/UX,2026-04-10,10:23,20:53,10.5,IoT Monitoring,API Integration,Pending,66,117,2.5,3,2.4,7,6,56,15,6,4.3,Medium,Stable
EMP006,Donald Davis,UI/UX,2026-04-11,09:14,20:08,10.9,IoT Monitoring,UI Design,Completed,68,65,2.9,3,1.5,5,6,66,12,5,3.8,Medium,Stable
EMP006,Donald Davis,UI/UX,2026-04-12,08:36,19:54,11.3,CRM Dashboard,API Integration,In Progress,61,82,3.3,2,3.0,3,2,60,8,6,4.0,High,Stable
EMP006,Donald Davis,UI/UX,2026-04-13,08:17,17:23,9.1,AI Analytics,Bug Fixing,Pending,62,95,1.1,6,1.5,5,1,54,14,4,3.6,Medium,Stable
EMP006,Donald Davis,UI/UX,2026-04-14,09:29,20:05,10.6,Mobile App,Database Update,Pending,72,61,2.6,3,2.8,5,1,63,9,9,4.2,Medium,Stable
EMP006,Donald Davis,UI/UX,2026-04-15,08:24,19:48,11.4,CRM Dashboard,Database Update,Completed,71,71,3.4,5,0.8,8,8,62,11,11,3.6,Medium,Stable
EMP006,Donald Davis,UI/UX,2026-04-16,09:19,20:55,11.6,Mobile App,Testing,Pending,78,75,3.6,2,1.1,2,1,73,11,11,4.8,Medium,Stable
EMP006,Donald Davis,UI/UX,2026-04-17,10:31,21:43,11.2,IoT Monitoring,Model Training,Pending,75,107,3.2,4,2.2,1,2,73,13,12,4.3,Medium,Stable
EMP006,Donald Davis,UI/UX,2026-04-18,10:16,20:28,10.2,Mobile App,API Integration,Completed,69,70,2.2,1,0.9,4,2,65,8,5,4.1,Medium,Stable
EMP006,Donald Davis,UI/UX,2026-04-19,08:17,20:17,12.0,IoT Monitoring,API Integration,Pending,75,113,4.0,6,2.4,5,2,68,9,8,4.7,Medium,Stable
EMP006,Donald Davis,UI/UX,2026-04-20,08:24,19:36,11.2,Mobile App,API Integration,Completed,71,93,3.2,3,1.9,1,5,67,6,3,3.6,Medium,Stable
EMP006,Donald Davis,UI/UX,2026-04-21,08:19,18:43,10.4,IoT Monitoring,API Integration,In Progress,75,99,2.4,2,0.7,1,1,71,12,9,4.2,Medium,Stable
EMP006,Donald Davis,UI/UX,2026-04-22,09:06,19:00,9.9,IoT Monitoring,Database Update,Completed,72,90,1.9,2,2.5,4,4,71,11,11,3.8,Medium,Stable
EMP006,Donald Davis,UI/UX,2026-04-23,08:17,17:35,9.3,IoT Monitoring,Client Support,Pending,75,82,1.3,4,0.6,4,3,66,5,5,4.2,Medium,Stable
EMP006,Donald Davis,UI/UX,2026-04-24,09:55,20:25,10.5,Mobile App,UI Design,In Progress,67,77,2.5,5,2.3,4,4,64,12,10,3.9,Medium,Stable
EMP006,Donald Davis,UI/UX,2026-04-25,09:39,21:15,11.6,HR System,Bug Fixing,Pending,68,87,3.6,6,0.5,1,5,59,15,6,3.4,Medium,Stable
EMP006,Donald Davis,UI/UX,2026-04-27,08:40,19:22,10.7,HR System,API Integration,Completed,72,74,2.7,2,1.0,8,2,69,8,7,4.6,Medium,Stable
EMP006,Donald Davis,UI/UX,2026-04-28,10:28,21:46,11.3,HR System,Database Update,Pending,75,82,3.3,2,0.9,9,0,69,12,4,4.6,Medium,Stable
EMP006,Donald Davis,UI/UX,2026-04-29,09:19,19:19,10.0,Client Portal,UI Design,Pending,68,115,2.0,4,2.7,4,3,60,14,13,3.4,Medium,Stable
EMP006,Donald Davis,UI/UX,2026-04-30,09:12,19:42,10.5,Mobile App,Documentation,Pending,72,120,2.5,4,2.3,8,7,67,11,11,3.9,Medium,Stable
EMP006,Donald Davis,UI/UX,2026-05-01,08:49,18:01,9.2,Mobile App,Client Support,Completed,75,89,1.2,5,2.2,9,3,72,12,12,3.9,Medium,Stable
EMP006,Donald Davis,UI/UX,2026-05-02,10:40,21:34,10.9,Client Portal,Client Support,In Progress,69,92,2.9,4,0.6,7,6,60,14,7,3.6,Medium,Stable
EMP006,Donald Davis,UI/UX,2026-05-04,08:00,19:00,11.0,CRM Dashboard,Model Training,Completed,68,86,3.0,6,2.8,8,0,66,14,5,4.2,Medium,Stable
EMP006,Donald Davis,UI/UX,2026-05-05,08:53,19:17,10.4,IoT Monitoring,Documentation,Completed,70,89,2.4,2,0.8,10,3,60,12,10,4.0,Medium,Stable
EMP006,Donald Davis,UI/UX,2026-05-06,09:21,20:15,10.9,Mobile App,Testing,Pending,73,105,2.9,6,1.4,7,0,72,8,8,4.2,Medium,Stable
EMP006,Donald Davis,UI/UX,2026-05-07,08:45,18:09,9.4,IoT Monitoring,Documentation,Completed,70,90,1.4,4,2.0,3,5,68,10,10,4.3,Medium,Stable
EMP006,Donald Davis,UI/UX,2026-05-08,10:56,22:56,12.0,AI Analytics,Client Support,In Progress,61,109,4.0,5,2.2,7,5,56,7,7,3.1,High,Stable
EMP006,Donald Davis,UI/UX,2026-05-09,08:40,18:40,10.0,CRM Dashboard,Database Update,In Progress,63,116,2.0,2,2.6,7,5,55,7,7,3.5,Medium,Stable
EMP006,Donald Davis,UI/UX,2026-05-11,09:56,20:08,10.2,Client Portal,Client Support,Completed,77,94,2.2,5,2.0,4,4,69,9,9,4.8,Medium,Stable
EMP006,Donald Davis,UI/UX,2026-05-12,10:25,20:55,10.5,Mobile App,API Integration,Completed,74,120,2.5,1,1.3,8,6,73,9,9,3.8,Medium,Stable
EMP006,Donald Davis,UI/UX,2026-05-13,08:36,17:54,9.3,AI Analytics,Testing,Pending,75,83,1.3,1,2.6,2,7,74,10,9,4.4,Medium,Stable
EMP006,Donald Davis,UI/UX,2026-05-14,09:05,19:47,10.7,Client Portal,Documentation,In Progress,68,93,2.7,5,1.3,6,4,66,14,5,3.6,Medium,Stable
EMP006,Donald Davis,UI/UX,2026-05-15,10:23,19:41,9.3,IoT Monitoring,Client Support,Pending,72,67,1.3,4,1.2,6,3,65,11,7,4.4,Medium,Stable
EMP006,Donald Davis,UI/UX,2026-05-16,10:44,20:56,10.2,HR System,Client Support,In Progress,71,117,2.2,2,1.8,9,6,71,11,7,3.8,Medium,Stable
EMP006,Donald Davis,UI/UX,2026-05-18,08:20,18:08,9.8,AI Analytics,Bug Fixing,In Progress,62,76,1.8,5,1.8,4,8,54,5,5,3.7,Medium,Stable
EMP006,Donald Davis,UI/UX,2026-05-19,09:29,18:47,9.3,HR System,Bug Fixing,Completed,68,78,1.3,6,2.9,5,8,60,9,8,3.4,Medium,Stable
EMP007,Joseph Brown,Support,2026-02-19,08:52,19:58,11.1,CRM Dashboard,Bug Fixing,In Progress,64,110,3.1,4,1.1,8,7,55,12,12,3.4,High,Stable
EMP007,Joseph Brown,Support,2026-02-20,08:26,17:44,9.3,AI Analytics,Bug Fixing,In Progress,67,68,1.3,6,1.7,10,7,58,14,13,3.6,Medium,Stable
EMP007,Joseph Brown,Support,2026-02-21,09:21,18:51,9.5,Client Portal,API Integration,In Progress,65,94,1.5,2,1.2,2,6,61,7,7,3.9,Medium,Stable
EMP007,Joseph Brown,Support,2026-02-23,09:24,20:06,10.7,IoT Monitoring,Model Training,Completed,56,90,2.7,4,1.4,9,6,54,9,9,3.4,Medium,Declining
EMP007,Joseph Brown,Support,2026-02-24,09:10,18:46,9.6,CRM Dashboard,Database Update,Pending,56,64,1.6,6,1.8,2,4,47,12,7,2.8,Medium,Declining
EMP007,Joseph Brown,Support,2026-02-25,10:44,21:50,11.1,Client Portal,UI Design,In Progress,68,66,3.1,3,0.5,1,1,68,11,11,4.1,Medium,Stable
EMP007,Joseph Brown,Support,2026-02-26,08:47,17:59,9.2,AI Analytics,Client Support,In Progress,54,93,1.2,5,1.5,1,4,49,6,6,3.6,Medium,Declining
EMP007,Joseph Brown,Support,2026-02-27,09:02,19:44,10.7,IoT Monitoring,Model Training,Completed,61,112,2.7,1,2.9,1,3,56,12,12,3.9,Medium,Stable
EMP007,Joseph Brown,Support,2026-02-28,09:08,18:08,9.0,AI Analytics,Client Support,Completed,54,102,1.0,6,1.2,4,8,47,13,5,3.2,Medium,Declining
EMP007,Joseph Brown,Support,2026-03-02,09:57,19:57,10.0,Client Portal,Testing,Completed,51,112,2.0,3,0.6,7,3,43,6,6,3.5,Medium,Declining
EMP007,Joseph Brown,Support,2026-03-03,09:06,18:48,9.7,HR System,Client Support,In Progress,56,88,1.7,2,1.3,1,7,54,10,10,3.1,Medium,Declining
EMP007,Joseph Brown,Support,2026-03-04,08:29,20:23,11.9,Mobile App,Bug Fixing,Completed,51,79,3.9,4,2.0,4,0,41,8,8,3.1,High,Declining
EMP007,Joseph Brown,Support,2026-03-05,09:36,19:48,10.2,CRM Dashboard,API Integration,Completed,62,112,2.2,4,3.0,9,6,61,7,5,4.0,Medium,Stable
EMP007,Joseph Brown,Support,2026-03-06,08:00,17:42,9.7,IoT Monitoring,Documentation,Completed,55,99,1.7,3,0.8,8,1,51,11,11,3.4,Medium,Declining
EMP007,Joseph Brown,Support,2026-03-07,09:26,20:02,10.6,HR System,Documentation,In Progress,56,73,2.6,6,2.7,4,7,51,6,6,3.5,Medium,Declining
EMP007,Joseph Brown,Support,2026-03-08,08:17,19:59,11.7,CRM Dashboard,Client Support,Pending,51,93,3.7,2,2.6,5,3,47,6,3,3.2,High,Declining
EMP007,Joseph Brown,Support,2026-03-09,08:13,18:07,9.9,HR System,Bug Fixing,Completed,54,70,1.9,6,2.4,3,6,44,13,8,3.7,Medium,Declining
EMP007,Joseph Brown,Support,2026-03-10,08:00,19:00,11.0,Client Portal,API Integration,In Progress,49,100,3.0,2,0.7,4,0,46,6,4,3.0,High,Declining
EMP007,Joseph Brown,Support,2026-03-11,09:06,18:30,9.4,Mobile App,Client Support,Pending,56,76,1.4,4,1.9,9,1,55,15,8,3.0,Medium,Declining
EMP007,Joseph Brown,Support,2026-03-12,10:15,21:27,11.2,Client Portal,UI Design,Pending,54,64,3.2,6,2.6,3,6,49,10,9,3.3,High,Declining
EMP007,Joseph Brown,Support,2026-03-13,08:08,18:14,10.1,Client Portal,Testing,Pending,67,87,2.1,3,1.8,4,8,62,7,7,4.0,Medium,Stable
EMP007,Joseph Brown,Support,2026-03-14,08:35,17:59,9.4,IoT Monitoring,Testing,In Progress,67,74,1.4,2,2.6,7,7,67,10,8,3.5,Medium,Stable
EMP007,Joseph Brown,Support,2026-03-15,10:04,19:52,9.8,Mobile App,Documentation,Pending,56,82,1.8,6,2.0,9,8,52,14,11,3.2,Medium,Declining
EMP007,Joseph Brown,Support,2026-03-16,09:03,18:45,9.7,Mobile App,Testing,Pending,62,116,1.7,5,1.0,4,3,56,10,10,3.9,Medium,Stable
EMP007,Joseph Brown,Support,2026-03-17,10:15,20:45,10.5,CRM Dashboard,API Integration,Pending,57,119,2.5,5,0.6,7,2,48,8,4,3.4,Medium,Declining
EMP007,Joseph Brown,Support,2026-03-18,08:52,18:40,9.8,AI Analytics,Documentation,In Progress,52,101,1.8,5,2.7,3,4,46,8,5,3.0,Medium,Declining
EMP007,Joseph Brown,Support,2026-03-19,10:37,20:31,9.9,Mobile App,Testing,Completed,63,66,1.9,4,0.8,10,0,59,9,4,4.0,Medium,Stable
EMP007,Joseph Brown,Support,2026-03-20,08:15,20:03,11.8,HR System,Testing,Completed,48,82,3.8,6,0.8,9,6,48,8,7,2.7,High,Declining
EMP007,Joseph Brown,Support,2026-03-21,10:48,22:06,11.3,Client Portal,Bug Fixing,Completed,52,117,3.3,1,2.6,1,5,43,11,11,3.3,High,Declining
EMP007,Joseph Brown,Support,2026-03-23,09:27,19:51,10.4,AI Analytics,API Integration,Completed,48,60,2.4,4,0.8,8,3,44,13,12,3.1,Medium,Declining
EMP007,Joseph Brown,Support,2026-03-24,08:29,17:29,9.0,AI Analytics,Client Support,In Progress,46,88,1.0,1,1.9,9,1,42,8,5,3.2,Medium,Declining
EMP007,Joseph Brown,Support,2026-03-25,10:34,19:46,9.2,IoT Monitoring,Documentation,Pending,49,91,1.2,6,2.0,3,3,45,6,6,2.7,Medium,Declining
EMP007,Joseph Brown,Support,2026-03-26,08:12,18:48,10.6,IoT Monitoring,Testing,Completed,52,87,2.6,2,2.7,8,8,42,13,11,3.1,Medium,Declining
EMP007,Joseph Brown,Support,2026-03-27,09:52,19:22,9.5,CRM Dashboard,Documentation,Pending,49,96,1.5,3,2.6,10,3,40,11,4,2.7,Medium,Declining
EMP007,Joseph Brown,Support,2026-03-28,10:00,19:06,9.1,AI Analytics,Testing,Pending,56,60,1.1,6,2.7,7,5,48,10,10,3.2,Medium,Declining
EMP007,Joseph Brown,Support,2026-03-29,08:44,20:44,12.0,Mobile App,UI Design,In Progress,54,71,4.0,3,1.8,7,2,46,12,12,2.8,High,Declining
EMP007,Joseph Brown,Support,2026-03-30,10:55,20:25,9.5,Mobile App,Documentation,Completed,62,78,1.5,4,1.3,5,7,55,15,7,3.8,Medium,Stable
EMP007,Joseph Brown,Support,2026-03-31,08:09,20:03,11.9,CRM Dashboard,UI Design,Completed,48,89,3.9,5,0.8,1,1,44,15,11,3.0,High,Declining
EMP007,Joseph Brown,Support,2026-04-01,10:02,20:14,10.2,HR System,Documentation,In Progress,66,101,2.2,2,2.0,10,7,62,6,3,3.7,Medium,Stable
EMP007,Joseph Brown,Support,2026-04-02,09:59,21:11,11.2,IoT Monitoring,Model Training,Pending,52,98,3.2,2,1.4,1,7,46,15,5,2.8,High,Declining
EMP007,Joseph Brown,Support,2026-04-03,08:38,17:56,9.3,CRM Dashboard,Testing,In Progress,46,114,1.3,2,3.0,4,6,41,15,4,2.7,Medium,Declining
EMP007,Joseph Brown,Support,2026-04-04,10:09,19:27,9.3,CRM Dashboard,Documentation,In Progress,61,119,1.3,6,2.7,3,3,55,7,7,3.3,Medium,Stable
EMP007,Joseph Brown,Support,2026-04-05,10:50,21:50,11.0,AI Analytics,Testing,Pending,61,114,3.0,3,1.2,6,5,53,15,6,3.3,High,Stable
EMP007,Joseph Brown,Support,2026-04-06,09:28,19:58,10.5,IoT Monitoring,Database Update,In Progress,62,81,2.5,2,2.4,5,3,61,10,7,3.2,Medium,Stable
EMP007,Joseph Brown,Support,2026-04-07,08:57,18:27,9.5,HR System,Bug Fixing,Pending,52,92,1.5,4,0.8,8,1,47,14,7,3.2,Medium,Declining
EMP007,Joseph Brown,Support,2026-04-08,09:26,20:56,11.5,HR System,Bug Fixing,In Progress,52,72,3.5,2,0.6,3,0,44,9,4,2.6,High,Declining
EMP007,Joseph Brown,Support,2026-04-09,10:52,22:40,11.8,HR System,Bug Fixing,Completed,62,105,3.8,2,2.5,1,7,56,13,6,3.5,High,Stable
EMP007,Joseph Brown,Support,2026-04-10,09:10,20:16,11.1,CRM Dashboard,UI Design,Pending,59,60,3.1,4,0.6,5,1,52,11,4,3.7,High,Declining
EMP007,Joseph Brown,Support,2026-04-11,08:03,19:21,11.3,AI Analytics,API Integration,Pending,56,90,3.3,3,0.8,6,1,56,14,12,3.3,High,Declining
EMP007,Joseph Brown,Support,2026-04-13,08:24,20:24,12.0,Client Portal,Client Support,Pending,50,66,4.0,2,1.0,3,1,42,5,5,3.3,High,Declining
EMP007,Joseph Brown,Support,2026-04-14,10:23,21:05,10.7,HR System,Database Update,Completed,57,76,2.7,1,2.4,4,8,53,12,12,3.5,Medium,Declining
EMP007,Joseph Brown,Support,2026-04-15,08:52,17:58,9.1,Mobile App,Documentation,Pending,47,118,1.1,6,2.3,4,7,42,14,9,2.9,Medium,Declining
EMP007,Joseph Brown,Support,2026-04-16,09:09,18:21,9.2,CRM Dashboard,API Integration,Completed,48,117,1.2,6,1.9,9,4,48,7,7,2.8,Medium,Declining
EMP007,Joseph Brown,Support,2026-04-17,10:28,22:04,11.6,Mobile App,Client Support,In Progress,62,101,3.6,4,0.6,8,3,58,14,8,3.5,High,Stable
EMP007,Joseph Brown,Support,2026-04-18,08:01,19:43,11.7,IoT Monitoring,Database Update,In Progress,46,117,3.7,2,1.0,1,8,42,11,11,3.1,High,Declining
EMP007,Joseph Brown,Support,2026-04-20,08:45,18:21,9.6,CRM Dashboard,API Integration,Completed,48,92,1.6,5,2.6,6,8,45,13,11,3.3,Medium,Declining
EMP007,Joseph Brown,Support,2026-04-21,08:19,19:19,11.0,HR System,Model Training,In Progress,49,81,3.0,3,1.1,9,2,41,14,12,2.9,High,Declining
EMP007,Joseph Brown,Support,2026-04-22,08:47,20:05,11.3,Client Portal,API Integration,Completed,56,104,3.3,4,0.6,9,6,51,11,11,3.1,High,Declining
EMP007,Joseph Brown,Support,2026-04-23,08:37,17:55,9.3,AI Analytics,Bug Fixing,Pending,62,69,1.3,6,1.7,8,3,52,11,11,3.2,Medium,Stable
EMP007,Joseph Brown,Support,2026-04-24,10:23,20:59,10.6,HR System,UI Design,In Progress,48,93,2.6,1,2.0,7,3,40,13,6,3.3,Medium,Declining
EMP007,Joseph Brown,Support,2026-04-25,10:59,21:59,11.0,Mobile App,Bug Fixing,Completed,50,61,3.0,3,1.9,5,6,42,14,7,3.4,High,Declining
EMP007,Joseph Brown,Support,2026-04-27,08:20,18:44,10.4,Mobile App,API Integration,Pending,49,79,2.4,4,1.4,10,6,45,12,3,2.5,Medium,Declining
EMP007,Joseph Brown,Support,2026-04-28,09:07,20:25,11.3,Client Portal,UI Design,In Progress,63,113,3.3,3,2.6,2,7,59,6,4,3.7,High,Stable
EMP007,Joseph Brown,Support,2026-04-29,08:08,18:02,9.9,Client Portal,Testing,Pending,46,88,1.9,2,0.9,10,5,40,12,12,2.4,Medium,Declining
EMP007,Joseph Brown,Support,2026-04-30,08:27,19:03,10.6,HR System,Model Training,Completed,62,80,2.6,1,3.0,3,0,61,8,8,3.3,Medium,Stable
EMP007,Joseph Brown,Support,2026-05-01,09:41,19:53,10.2,CRM Dashboard,Bug Fixing,Pending,47,85,2.2,4,1.4,6,3,45,13,5,2.5,Medium,Declining
EMP007,Joseph Brown,Support,2026-05-02,09:09,20:09,11.0,HR System,Model Training,Pending,47,112,3.0,6,2.5,2,4,40,6,6,3.1,High,Declining
EMP007,Joseph Brown,Support,2026-05-04,09:17,19:53,10.6,CRM Dashboard,Documentation,In Progress,53,97,2.6,5,3.0,7,3,48,15,3,3.4,Medium,Declining
EMP007,Joseph Brown,Support,2026-05-05,08:59,20:29,11.5,IoT Monitoring,Testing,Pending,53,104,3.5,2,0.8,8,1,51,15,9,3.3,High,Declining
EMP007,Joseph Brown,Support,2026-05-06,08:40,19:40,11.0,CRM Dashboard,Bug Fixing,Pending,56,117,3.0,5,2.3,1,7,46,13,11,3.4,High,Declining
EMP007,Joseph Brown,Support,2026-05-07,10:52,22:46,11.9,Client Portal,Testing,Completed,60,64,3.9,6,2.3,8,1,55,12,8,3.4,High,Stable
EMP007,Joseph Brown,Support,2026-05-08,09:10,20:22,11.2,AI Analytics,Testing,In Progress,45,70,3.2,4,2.6,8,3,40,8,8,3.0,High,Declining
EMP007,Joseph Brown,Support,2026-05-09,08:39,20:21,11.7,Client Portal,UI Design,Pending,57,78,3.7,2,0.8,2,7,51,8,6,2.9,High,Declining
EMP007,Joseph Brown,Support,2026-05-11,09:20,18:38,9.3,IoT Monitoring,Database Update,Pending,55,79,1.3,4,0.9,5,4,49,5,5,3.3,Medium,Declining
EMP007,Joseph Brown,Support,2026-05-12,10:25,21:37,11.2,Mobile App,Model Training,In Progress,52,96,3.2,5,2.6,6,1,48,9,7,2.9,High,Declining
EMP007,Joseph Brown,Support,2026-05-13,09:10,20:40,11.5,Client Portal,Documentation,In Progress,43,119,3.5,2,0.9,3,6,40,14,4,3.1,High,Declining
EMP007,Joseph Brown,Support,2026-05-14,08:46,20:40,11.9,CRM Dashboard,Testing,Pending,50,107,3.9,2,1.2,6,1,42,14,4,3.3,High,Declining
EMP007,Joseph Brown,Support,2026-05-15,09:28,18:46,9.3,IoT Monitoring,Bug Fixing,In Progress,50,93,1.3,2,1.2,8,4,40,12,12,2.6,Medium,Declining
EMP007,Joseph Brown,Support,2026-05-16,10:56,21:20,10.4,IoT Monitoring,Client Support,Pending,46,83,2.4,2,1.9,2,6,43,15,15,2.6,Medium,Declining
EMP007,Joseph Brown,Support,2026-05-18,08:26,17:56,9.5,CRM Dashboard,Documentation,Completed,56,101,1.5,2,2.4,5,5,50,5,5,2.9,Medium,Declining
EMP007,Joseph Brown,Support,2026-05-19,10:31,22:01,11.5,Client Portal,API Integration,In Progress,45,68,3.5,4,1.5,9,4,44,11,9,2.8,High,Declining
EMP008,Angela Russell,UI/UX,2026-02-19,10:43,21:37,10.9,AI Analytics,Client Support,Pending,61,120,2.9,5,2.4,9,4,57,14,14,3.2,Medium,Stable
EMP008,Angela Russell,UI/UX,2026-02-20,10:47,20:17,9.5,IoT Monitoring,Client Support,Pending,66,104,1.5,4,0.8,8,2,58,12,4,4.0,Medium,Stable
EMP008,Angela Russell,UI/UX,2026-02-21,10:23,21:59,11.6,CRM Dashboard,API Integration,Pending,64,84,3.6,5,1.6,7,7,63,10,10,3.8,High,Stable
EMP008,Angela Russell,UI/UX,2026-02-22,09:20,18:32,9.2,CRM Dashboard,Database Update,Pending,71,93,1.2,3,3.0,4,5,70,15,13,4.0,Medium,Stable
EMP008,Angela Russell,UI/UX,2026-02-23,10:33,21:21,10.8,HR System,API Integration,Completed,75,65,2.8,5,2.9,6,3,73,9,6,4.0,Medium,Stable
EMP008,Angela Russell,UI/UX,2026-02-24,10:46,21:28,10.7,AI Analytics,API Integration,Pending,66,72,2.7,1,1.9,8,2,56,6,6,3.9,Medium,Stable
EMP008,Angela Russell,UI/UX,2026-02-25,09:22,20:10,10.8,Mobile App,Bug Fixing,Completed,72,112,2.8,1,1.9,6,6,70,9,9,4.3,Medium,Stable
EMP008,Angela Russell,UI/UX,2026-02-26,09:54,19:00,9.1,IoT Monitoring,Documentation,In Progress,72,79,1.1,4,2.3,5,7,71,6,4,3.7,Medium,Stable
EMP008,Angela Russell,UI/UX,2026-02-27,10:42,22:12,11.5,Client Portal,UI Design,In Progress,80,90,3.5,4,2.2,1,6,77,13,11,4.1,Medium,Improving
EMP008,Angela Russell,UI/UX,2026-02-28,10:11,19:53,9.7,HR System,Database Update,Pending,75,105,1.7,2,1.0,2,0,71,14,5,4.0,Medium,Stable
EMP008,Angela Russell,UI/UX,2026-03-02,08:04,18:34,10.5,Mobile App,Client Support,Completed,70,112,2.5,5,1.8,2,7,61,7,6,4.2,Medium,Stable
EMP008,Angela Russell,UI/UX,2026-03-03,08:48,20:06,11.3,Client Portal,Testing,Completed,64,85,3.3,2,3.0,7,2,58,13,4,4.1,High,Stable
EMP008,Angela Russell,UI/UX,2026-03-04,10:49,21:49,11.0,Mobile App,Bug Fixing,In Progress,75,92,3.0,5,2.2,9,4,72,6,6,4.7,Medium,Stable
EMP008,Angela Russell,UI/UX,2026-03-05,10:03,20:45,10.7,Mobile App,Client Support,In Progress,60,77,2.7,5,1.9,3,7,50,10,10,3.9,Medium,Stable
EMP008,Angela Russell,UI/UX,2026-03-06,10:55,22:01,11.1,HR System,UI Design,In Progress,67,92,3.1,5,0.9,9,7,65,10,6,3.5,Medium,Stable
EMP008,Angela Russell,UI/UX,2026-03-07,08:27,20:03,11.6,IoT Monitoring,API Integration,Completed,63,73,3.6,3,1.1,1,2,61,12,12,3.9,High,Stable
EMP008,Angela Russell,UI/UX,2026-03-08,08:55,18:49,9.9,AI Analytics,UI Design,In Progress,71,119,1.9,5,0.9,2,1,67,15,10,4.1,Medium,Stable
EMP008,Angela Russell,UI/UX,2026-03-09,08:38,18:38,10.0,Mobile App,Database Update,Completed,65,88,2.0,1,1.0,1,8,65,8,8,3.5,Medium,Stable
EMP008,Angela Russell,UI/UX,2026-03-10,10:15,20:15,10.0,IoT Monitoring,Bug Fixing,Completed,59,102,2.0,3,2.2,8,8,59,9,3,3.3,Medium,Declining
EMP008,Angela Russell,UI/UX,2026-03-11,08:30,19:00,10.5,Client Portal,UI Design,Pending,64,75,2.5,5,2.0,4,5,57,10,9,4.2,Medium,Stable
EMP008,Angela Russell,UI/UX,2026-03-12,08:53,18:41,9.8,Client Portal,Testing,Completed,77,62,1.8,3,1.0,2,6,70,7,7,4.5,Medium,Stable
EMP008,Angela Russell,UI/UX,2026-03-13,08:55,18:01,9.1,AI Analytics,Documentation,Pending,69,110,1.1,4,2.0,5,6,67,15,11,4.3,Medium,Stable
EMP008,Angela Russell,UI/UX,2026-03-14,08:34,17:40,9.1,Client Portal,Documentation,Completed,67,107,1.1,3,1.8,10,3,58,13,7,3.8,Medium,Stable
EMP008,Angela Russell,UI/UX,2026-03-15,08:00,18:36,10.6,IoT Monitoring,Testing,Completed,65,105,2.6,4,1.7,10,1,59,7,7,3.9,Medium,Stable
EMP008,Angela Russell,UI/UX,2026-03-16,09:08,18:44,9.6,Mobile App,Bug Fixing,Completed,69,77,1.6,1,2.4,6,7,59,5,5,4.3,Medium,Stable
EMP008,Angela Russell,UI/UX,2026-03-17,08:41,20:17,11.6,Client Portal,Documentation,Completed,65,90,3.6,4,1.5,3,2,60,14,14,4.0,Medium,Stable
EMP008,Angela Russell,UI/UX,2026-03-18,08:43,20:25,11.7,Client Portal,Client Support,Pending,70,74,3.7,3,1.7,4,4,66,7,6,4.0,Medium,Stable
EMP008,Angela Russell,UI/UX,2026-03-19,10:43,20:13,9.5,HR System,API Integration,Pending,66,105,1.5,4,2.8,3,8,65,14,5,3.7,Medium,Stable
EMP008,Angela Russell,UI/UX,2026-03-20,09:28,20:58,11.5,HR System,Documentation,In Progress,78,111,3.5,5,2.7,7,4,73,10,9,4.0,Medium,Stable
EMP008,Angela Russell,UI/UX,2026-03-21,09:14,20:26,11.2,Mobile App,UI Design,In Progress,66,81,3.2,1,1.2,2,2,61,9,8,3.8,Medium,Stable
EMP008,Angela Russell,UI/UX,2026-03-23,09:05,19:11,10.1,Client Portal,API Integration,In Progress,70,105,2.1,3,1.3,5,5,68,13,6,4.2,Medium,Stable
EMP008,Angela Russell,UI/UX,2026-03-24,09:26,21:26,12.0,Mobile App,Bug Fixing,In Progress,75,119,4.0,6,2.5,7,3,68,10,6,4.2,Medium,Stable
EMP008,Angela Russell,UI/UX,2026-03-25,08:23,17:35,9.2,HR System,Client Support,Pending,66,89,1.2,6,1.4,9,6,64,5,5,3.8,Medium,Stable
EMP008,Angela Russell,UI/UX,2026-03-26,10:00,20:06,10.1,AI Analytics,UI Design,Pending,73,107,2.1,2,2.1,3,8,67,9,6,4.5,Medium,Stable
EMP008,Angela Russell,UI/UX,2026-03-27,08:45,18:57,10.2,Client Portal,Client Support,Completed,62,80,2.2,2,0.8,8,6,53,13,11,3.6,Medium,Stable
EMP008,Angela Russell,UI/UX,2026-03-28,08:05,18:05,10.0,CRM Dashboard,Bug Fixing,Completed,71,110,2.0,2,1.1,1,8,64,5,5,3.7,Medium,Stable
EMP008,Angela Russell,UI/UX,2026-03-30,10:54,22:36,11.7,Mobile App,Client Support,Completed,60,83,3.7,6,2.9,4,4,57,12,5,3.8,High,Stable
EMP008,Angela Russell,UI/UX,2026-03-31,08:23,18:41,10.3,Client Portal,API Integration,Pending,69,99,2.3,6,2.1,7,8,60,11,3,3.8,Medium,Stable
EMP008,Angela Russell,UI/UX,2026-04-01,08:55,20:43,11.8,Mobile App,Testing,Completed,58,84,3.8,2,2.7,8,8,56,8,7,3.5,High,Declining
EMP008,Angela Russell,UI/UX,2026-04-02,09:37,18:49,9.2,Mobile App,API Integration,Pending,61,108,1.2,6,1.0,5,1,59,5,4,3.7,Medium,Stable
EMP008,Angela Russell,UI/UX,2026-04-03,10:57,22:03,11.1,IoT Monitoring,Documentation,Completed,59,62,3.1,4,2.1,10,5,55,5,5,3.5,High,Declining
EMP008,Angela Russell,UI/UX,2026-04-04,08:41,19:59,11.3,Client Portal,Model Training,Completed,61,71,3.3,2,1.3,5,1,60,14,8,3.5,High,Stable
EMP008,Angela Russell,UI/UX,2026-04-05,09:11,18:59,9.8,AI Analytics,Bug Fixing,Completed,61,117,1.8,6,2.5,7,8,57,5,5,3.6,Medium,Stable
EMP008,Angela Russell,UI/UX,2026-04-06,08:05,17:41,9.6,Mobile App,Client Support,In Progress,65,111,1.6,3,0.8,1,6,58,6,6,3.9,Medium,Stable
EMP008,Angela Russell,UI/UX,2026-04-07,09:06,18:06,9.0,Mobile App,API Integration,Pending,74,87,1.0,5,2.7,7,4,66,12,5,4.3,Medium,Stable
EMP008,Angela Russell,UI/UX,2026-04-08,10:54,20:06,9.2,AI Analytics,API Integration,In Progress,57,76,1.2,4,1.8,3,1,48,15,14,3.7,Medium,Declining
EMP008,Angela Russell,UI/UX,2026-04-09,08:18,17:54,9.6,IoT Monitoring,Documentation,Completed,73,100,1.6,6,2.6,3,7,73,7,7,4.6,Medium,Stable
EMP008,Angela Russell,UI/UX,2026-04-10,09:43,20:13,10.5,Mobile App,UI Design,Completed,75,62,2.5,6,2.7,10,3,66,10,6,4.7,Medium,Stable
EMP008,Angela Russell,UI/UX,2026-04-11,09:22,20:46,11.4,Mobile App,Testing,In Progress,60,99,3.4,5,2.7,10,6,57,9,3,3.1,High,Stable
EMP008,Angela Russell,UI/UX,2026-04-13,08:39,19:33,10.9,IoT Monitoring,Bug Fixing,Completed,75,101,2.9,3,2.0,4,7,66,15,10,4.4,Medium,Stable
EMP008,Angela Russell,UI/UX,2026-04-14,08:45,19:45,11.0,Client Portal,Bug Fixing,In Progress,59,81,3.0,5,2.0,3,1,52,11,11,3.6,High,Declining
EMP008,Angela Russell,UI/UX,2026-04-15,08:58,20:16,11.3,HR System,API Integration,In Progress,64,91,3.3,1,2.3,3,5,63,5,5,3.7,High,Stable
EMP008,Angela Russell,UI/UX,2026-04-16,08:14,19:14,11.0,AI Analytics,API Integration,In Progress,67,116,3.0,4,2.3,5,3,66,6,6,3.7,Medium,Stable
EMP008,Angela Russell,UI/UX,2026-04-17,10:52,22:40,11.8,Mobile App,Testing,Completed,69,115,3.8,1,0.6,2,1,65,11,11,3.5,Medium,Stable
EMP008,Angela Russell,UI/UX,2026-04-18,08:40,20:28,11.8,CRM Dashboard,API Integration,In Progress,75,108,3.8,6,2.6,8,4,68,9,9,4.7,Medium,Stable
EMP008,Angela Russell,UI/UX,2026-04-20,10:24,21:24,11.0,CRM Dashboard,UI Design,Completed,75,100,3.0,6,1.6,3,1,65,12,5,3.8,Medium,Stable
EMP008,Angela Russell,UI/UX,2026-04-21,08:16,17:28,9.2,Client Portal,Testing,In Progress,69,84,1.2,5,2.2,7,3,60,6,6,4.2,Medium,Stable
EMP008,Angela Russell,UI/UX,2026-04-22,10:33,20:27,9.9,Client Portal,Model Training,Completed,65,67,1.9,5,1.5,10,6,57,14,11,3.7,Medium,Stable
EMP008,Angela Russell,UI/UX,2026-04-23,08:42,20:18,11.6,Mobile App,Database Update,Completed,60,114,3.6,2,1.6,10,8,59,11,9,3.0,High,Stable
EMP008,Angela Russell,UI/UX,2026-04-24,09:47,18:53,9.1,Client Portal,Database Update,Completed,70,108,1.1,5,2.1,10,1,64,6,6,4.1,Medium,Stable
EMP008,Angela Russell,UI/UX,2026-04-25,10:44,21:08,10.4,Client Portal,Testing,Pending,56,89,2.4,2,1.3,6,4,46,15,9,3.7,Medium,Declining
EMP008,Angela Russell,UI/UX,2026-04-27,10:07,20:31,10.4,HR System,Documentation,Completed,62,114,2.4,4,2.5,4,6,52,12,4,3.9,Medium,Stable
EMP008,Angela Russell,UI/UX,2026-04-28,09:22,20:58,11.6,CRM Dashboard,UI Design,Completed,72,78,3.6,1,2.0,9,5,62,5,5,4.6,Medium,Stable
EMP008,Angela Russell,UI/UX,2026-04-29,10:17,22:11,11.9,AI Analytics,Testing,Completed,76,115,3.9,2,0.9,4,1,74,5,5,4.4,Medium,Stable
EMP008,Angela Russell,UI/UX,2026-04-30,08:46,18:46,10.0,Client Portal,Bug Fixing,In Progress,66,82,2.0,2,2.9,4,8,64,8,4,4.1,Medium,Stable
EMP008,Angela Russell,UI/UX,2026-05-01,09:31,19:07,9.6,Client Portal,API Integration,In Progress,70,119,1.6,6,2.5,2,1,67,7,7,3.8,Medium,Stable
EMP008,Angela Russell,UI/UX,2026-05-02,08:20,19:44,11.4,IoT Monitoring,Client Support,Completed,73,108,3.4,1,1.7,5,8,68,6,5,4.0,Medium,Stable
EMP008,Angela Russell,UI/UX,2026-05-04,09:31,19:49,10.3,AI Analytics,UI Design,Pending,56,100,2.3,3,0.8,3,3,54,12,12,3.6,Medium,Declining
EMP008,Angela Russell,UI/UX,2026-05-05,08:54,18:30,9.6,HR System,Database Update,Completed,70,68,1.6,5,2.0,8,8,68,11,6,3.5,Medium,Stable
EMP008,Angela Russell,UI/UX,2026-05-06,08:12,18:06,9.9,Client Portal,Bug Fixing,Pending,55,108,1.9,6,2.9,7,8,45,7,7,2.9,Medium,Declining
EMP008,Angela Russell,UI/UX,2026-05-07,09:15,18:45,9.5,AI Analytics,API Integration,In Progress,74,102,1.5,4,1.4,5,5,65,13,5,4.1,Medium,Stable
EMP008,Angela Russell,UI/UX,2026-05-08,09:08,18:20,9.2,Client Portal,Database Update,Completed,63,64,1.2,6,2.2,8,3,54,5,5,3.2,Medium,Stable
EMP008,Angela Russell,UI/UX,2026-05-09,08:51,18:21,9.5,AI Analytics,Client Support,In Progress,55,86,1.5,2,2.0,2,6,49,10,10,3.7,Medium,Declining
EMP008,Angela Russell,UI/UX,2026-05-11,09:57,19:03,9.1,Client Portal,UI Design,In Progress,66,77,1.1,3,1.9,7,1,56,12,5,3.4,Medium,Stable
EMP008,Angela Russell,UI/UX,2026-05-12,08:50,19:56,11.1,AI Analytics,Model Training,Completed,73,113,3.1,5,2.8,2,5,72,15,12,4.6,Medium,Stable
EMP008,Angela Russell,UI/UX,2026-05-13,10:00,21:18,11.3,AI Analytics,Client Support,Completed,64,117,3.3,6,2.6,1,0,62,8,8,3.5,High,Stable
EMP008,Angela Russell,UI/UX,2026-05-14,09:52,19:22,9.5,Client Portal,Testing,Pending,58,112,1.5,6,1.4,3,1,57,12,5,3.8,Medium,Declining
EMP008,Angela Russell,UI/UX,2026-05-15,08:37,20:19,11.7,CRM Dashboard,UI Design,Completed,72,70,3.7,6,2.6,5,5,63,13,4,3.9,Medium,Stable
EMP008,Angela Russell,UI/UX,2026-05-16,09:49,21:25,11.6,Client Portal,Bug Fixing,Completed,72,90,3.6,5,0.8,9,0,63,6,5,4.4,Medium,Stable
EMP008,Angela Russell,UI/UX,2026-05-18,08:41,19:47,11.1,IoT Monitoring,Bug Fixing,In Progress,60,94,3.1,1,2.9,3,7,55,11,11,3.8,High,Stable
EMP008,Angela Russell,UI/UX,2026-05-19,10:05,21:35,11.5,Client Portal,Client Support,Pending,64,119,3.5,1,1.8,3,5,64,15,10,3.3,High,Stable
EMP009,Joshua Singh,Development,2026-02-19,10:14,17:44,7.5,AI Analytics,API Integration,In Progress,92,23,0.0,1,1.0,7,0,86,7,7,5.0,Low,Improving
EMP009,Joshua Singh,Development,2026-02-20,10:21,19:09,8.8,AI Analytics,Documentation,Completed,91,16,0.8,5,1.6,8,3,82,9,6,4.9,Low,Improving
EMP009,Joshua Singh,Development,2026-02-21,08:40,16:46,8.1,Mobile App,Database Update,In Progress,100,16,0.1,3,1.0,3,0,94,12,11,5.0,Low,Improving
EMP009,Joshua Singh,Development,2026-02-23,08:58,18:04,9.1,HR System,Documentation,Completed,100,13,1.1,3,1.9,7,0,94,11,11,5.0,Medium,Improving
EMP009,Joshua Singh,Development,2026-02-24,10:32,18:38,8.1,Mobile App,Documentation,Completed,86,32,0.1,2,0.9,4,0,77,10,10,4.7,Low,Improving
EMP009,Joshua Singh,Development,2026-02-25,09:06,18:06,9.0,Mobile App,Testing,In Progress,87,30,1.0,6,0.7,2,6,81,7,7,5.0,Medium,Improving
EMP009,Joshua Singh,Development,2026-02-26,08:03,16:57,8.9,Client Portal,Client Support,Completed,95,33,0.9,6,1.5,9,8,89,10,5,4.9,Low,Improving
EMP009,Joshua Singh,Development,2026-02-27,08:15,17:33,9.3,Client Portal,Testing,Pending,89,14,1.3,6,0.9,6,6,80,15,11,4.6,Medium,Improving
EMP009,Joshua Singh,Development,2026-02-28,10:04,19:22,9.3,Mobile App,Model Training,Pending,86,20,1.3,1,2.1,7,0,80,8,8,4.6,Medium,Improving
EMP009,Joshua Singh,Development,2026-03-01,09:33,19:03,9.5,Client Portal,UI Design,Pending,86,27,1.5,2,1.7,5,2,86,8,8,4.6,Medium,Improving
EMP009,Joshua Singh,Development,2026-03-02,10:18,18:42,8.4,Client Portal,Client Support,In Progress,86,23,0.4,3,0.7,1,7,78,6,6,5.0,Low,Improving
EMP009,Joshua Singh,Development,2026-03-03,09:51,19:15,9.4,Client Portal,Bug Fixing,Completed,86,23,1.4,4,0.5,10,3,80,11,9,4.3,Medium,Improving
EMP009,Joshua Singh,Development,2026-03-04,09:17,18:41,9.4,HR System,API Integration,Pending,89,27,1.4,1,1.0,5,5,87,15,6,5.0,Medium,Improving
EMP009,Joshua Singh,Development,2026-03-05,10:15,17:51,7.6,HR System,Client Support,In Progress,95,24,0.0,5,1.5,3,1,88,14,14,5.0,Low,Improving
EMP009,Joshua Singh,Development,2026-03-06,09:14,18:32,9.3,AI Analytics,Model Training,Pending,100,18,1.3,2,2.9,10,2,99,10,7,5.0,Medium,Improving
EMP009,Joshua Singh,Development,2026-03-07,10:45,19:15,8.5,CRM Dashboard,Client Support,In Progress,86,23,0.5,2,0.6,7,0,82,8,8,5.0,Low,Improving
EMP009,Joshua Singh,Development,2026-03-09,09:43,17:43,8.0,CRM Dashboard,UI Design,In Progress,98,23,0.0,5,2.5,1,2,90,5,5,5.0,Low,Improving
EMP009,Joshua Singh,Development,2026-03-10,09:41,17:23,7.7,IoT Monitoring,UI Design,In Progress,94,12,0.0,4,3.0,5,8,91,13,7,5.0,Low,Improving
EMP009,Joshua Singh,Development,2026-03-11,08:50,17:38,8.8,Client Portal,API Integration,In Progress,89,22,0.8,3,2.7,6,4,86,6,5,5.0,Low,Improving
EMP009,Joshua Singh,Development,2026-03-12,09:05,18:29,9.4,Client Portal,Client Support,Completed,96,21,1.4,3,2.4,6,0,92,5,5,5.0,Medium,Improving
EMP009,Joshua Singh,Development,2026-03-13,08:35,16:17,7.7,Mobile App,Documentation,In Progress,99,19,0.0,1,2.8,3,3,99,7,4,5.0,Low,Improving
EMP009,Joshua Singh,Development,2026-03-14,10:11,18:59,8.8,AI Analytics,API Integration,In Progress,99,38,0.8,2,3.0,9,5,98,9,5,5.0,Low,Improving
EMP009,Joshua Singh,Development,2026-03-15,09:38,18:38,9.0,Mobile App,Client Support,Pending,99,29,1.0,2,1.5,3,2,95,5,5,5.0,Medium,Improving
EMP009,Joshua Singh,Development,2026-03-16,10:25,19:07,8.7,HR System,Database Update,Completed,91,16,0.7,5,1.0,3,4,82,8,5,5.0,Low,Improving
EMP009,Joshua Singh,Development,2026-03-17,10:28,18:34,8.1,IoT Monitoring,Database Update,Pending,94,14,0.1,4,0.9,9,6,91,15,14,5.0,Low,Improving
EMP009,Joshua Singh,Development,2026-03-18,10:06,18:06,8.0,HR System,Documentation,In Progress,87,12,0.0,5,2.0,8,0,83,6,3,4.7,Low,Improving
EMP009,Joshua Singh,Development,2026-03-19,09:43,18:25,8.7,Client Portal,Model Training,Completed,92,22,0.7,6,1.6,10,3,84,13,5,5.0,Low,Improving
EMP009,Joshua Singh,Development,2026-03-20,08:33,17:27,8.9,Mobile App,Model Training,In Progress,99,36,0.9,6,1.0,4,3,98,8,3,5.0,Low,Improving
EMP009,Joshua Singh,Development,2026-03-21,08:22,17:10,8.8,Client Portal,Bug Fixing,Pending,100,37,0.8,2,2.3,4,7,92,11,6,5.0,Low,Improving
EMP009,Joshua Singh,Development,2026-03-23,08:04,17:34,9.5,HR System,UI Design,Pending,98,26,1.5,4,2.7,8,1,98,8,4,5.0,Medium,Improving
EMP009,Joshua Singh,Development,2026-03-24,09:00,17:06,8.1,HR System,API Integration,Pending,88,20,0.1,2,2.2,6,3,80,7,3,5.0,Low,Improving
EMP009,Joshua Singh,Development,2026-03-25,08:55,17:55,9.0,AI Analytics,Documentation,Pending,92,40,1.0,6,1.1,6,0,84,6,6,5.0,Medium,Improving
EMP009,Joshua Singh,Development,2026-03-26,09:23,17:11,7.8,Mobile App,Client Support,Pending,89,14,0.0,3,1.4,6,6,84,6,4,4.8,Low,Improving
EMP009,Joshua Singh,Development,2026-03-27,09:09,18:33,9.4,AI Analytics,UI Design,Pending,92,10,1.4,6,0.5,10,6,83,9,3,5.0,Medium,Improving
EMP009,Joshua Singh,Development,2026-03-28,08:49,17:25,8.6,Client Portal,UI Design,In Progress,92,31,0.6,2,1.5,8,3,84,9,6,5.0,Low,Improving
EMP009,Joshua Singh,Development,2026-03-30,10:48,19:12,8.4,IoT Monitoring,Testing,Pending,91,39,0.4,3,1.1,4,0,85,7,5,4.6,Low,Improving
EMP009,Joshua Singh,Development,2026-03-31,10:19,19:37,9.3,Client Portal,Database Update,Pending,99,13,1.3,6,0.7,1,2,97,6,6,5.0,Medium,Improving
EMP009,Joshua Singh,Development,2026-04-01,09:54,19:18,9.4,IoT Monitoring,Testing,Completed,90,34,1.4,1,2.8,4,8,84,5,4,4.7,Medium,Improving
EMP009,Joshua Singh,Development,2026-04-02,09:05,17:59,8.9,HR System,Bug Fixing,Pending,87,33,0.9,6,2.4,10,8,79,10,10,4.9,Low,Improving
EMP009,Joshua Singh,Development,2026-04-03,09:27,17:21,7.9,Client Portal,Model Training,In Progress,85,34,0.0,3,1.5,8,7,78,5,5,4.6,Low,Improving
EMP009,Joshua Singh,Development,2026-04-04,10:28,19:34,9.1,AI Analytics,Testing,In Progress,88,33,1.1,5,0.8,1,1,78,6,6,4.8,Medium,Improving
EMP009,Joshua Singh,Development,2026-04-05,09:10,17:34,8.4,IoT Monitoring,UI Design,Completed,86,24,0.4,3,1.9,6,3,80,12,12,4.3,Low,Improving
EMP009,Joshua Singh,Development,2026-04-06,08:01,16:13,8.2,Mobile App,UI Design,Pending,100,32,0.2,5,2.9,9,0,97,13,6,5.0,Low,Improving
EMP009,Joshua Singh,Development,2026-04-07,10:36,19:00,8.4,Mobile App,UI Design,In Progress,89,40,0.4,1,0.6,8,8,84,6,4,4.8,Low,Improving
EMP009,Joshua Singh,Development,2026-04-08,09:54,17:54,8.0,CRM Dashboard,Testing,Completed,90,37,0.0,1,0.6,10,1,83,7,7,5.0,Low,Improving
EMP009,Joshua Singh,Development,2026-04-09,09:09,18:15,9.1,IoT Monitoring,Bug Fixing,Completed,100,11,1.1,3,0.5,1,8,90,6,6,5.0,Medium,Improving
EMP009,Joshua Singh,Development,2026-04-10,08:04,16:10,8.1,CRM Dashboard,Testing,Pending,99,10,0.1,6,1.3,3,2,89,7,7,5.0,Low,Improving
EMP009,Joshua Singh,Development,2026-04-11,10:11,18:23,8.2,HR System,Model Training,In Progress,97,40,0.2,5,1.2,8,3,90,6,5,5.0,Low,Improving
EMP009,Joshua Singh,Development,2026-04-13,10:03,17:45,7.7,Mobile App,Testing,In Progress,100,40,0.0,1,1.1,4,7,90,8,8,5.0,Low,Improving
EMP009,Joshua Singh,Development,2026-04-14,09:38,17:38,8.0,IoT Monitoring,Documentation,Completed,98,26,0.0,6,1.4,9,6,96,5,5,5.0,Low,Improving
EMP009,Joshua Singh,Development,2026-04-15,08:43,17:31,8.8,Mobile App,Model Training,Completed,89,21,0.8,5,0.7,2,2,82,6,6,5.0,Low,Improving
EMP009,Joshua Singh,Development,2026-04-16,10:28,18:16,7.8,Mobile App,Testing,In Progress,83,27,0.0,3,1.1,3,3,79,13,7,4.3,Low,Improving
EMP009,Joshua Singh,Development,2026-04-17,09:28,18:28,9.0,Client Portal,UI Design,Completed,85,22,1.0,6,1.1,4,3,82,6,4,4.8,Medium,Improving
EMP009,Joshua Singh,Development,2026-04-18,08:46,18:04,9.3,AI Analytics,Client Support,Completed,85,40,1.3,2,2.1,4,7,85,9,9,5.0,Medium,Improving
EMP009,Joshua Singh,Development,2026-04-19,09:13,16:49,7.6,AI Analytics,UI Design,Completed,91,16,0.0,6,1.4,6,3,90,6,6,5.0,Low,Improving
EMP009,Joshua Singh,Development,2026-04-20,10:40,20:10,9.5,CRM Dashboard,Database Update,In Progress,96,25,1.5,5,1.8,6,8,96,14,9,5.0,Medium,Improving
EMP009,Joshua Singh,Development,2026-04-21,08:57,18:21,9.4,CRM Dashboard,Client Support,Pending,86,14,1.4,6,2.3,5,6,82,15,7,5.0,Medium,Improving
EMP009,Joshua Singh,Development,2026-04-22,08:29,16:59,8.5,CRM Dashboard,Testing,In Progress,90,31,0.5,5,0.6,6,0,86,7,4,5.0,Low,Improving
EMP009,Joshua Singh,Development,2026-04-23,08:59,17:59,9.0,CRM Dashboard,Documentation,In Progress,100,39,1.0,2,2.2,1,0,93,9,9,5.0,Medium,Improving
EMP009,Joshua Singh,Development,2026-04-24,09:14,18:08,8.9,Client Portal,Database Update,Pending,95,32,0.9,1,0.9,7,7,93,14,11,5.0,Low,Improving
EMP009,Joshua Singh,Development,2026-04-25,08:34,17:22,8.8,Mobile App,Bug Fixing,Pending,100,39,0.8,5,1.8,7,7,90,12,12,5.0,Low,Improving
EMP009,Joshua Singh,Development,2026-04-27,10:55,19:43,8.8,HR System,Database Update,In Progress,100,31,0.8,5,0.7,5,5,95,12,3,5.0,Low,Improving
EMP009,Joshua Singh,Development,2026-04-28,10:59,18:53,7.9,CRM Dashboard,UI Design,Completed,86,40,0.0,1,2.0,2,1,79,9,8,4.4,Low,Improving
EMP009,Joshua Singh,Development,2026-04-29,08:50,16:56,8.1,AI Analytics,Testing,Pending,94,21,0.1,2,1.2,2,6,94,6,6,5.0,Low,Improving
EMP009,Joshua Singh,Development,2026-04-30,10:34,19:58,9.4,CRM Dashboard,UI Design,In Progress,87,35,1.4,6,2.7,9,2,84,9,4,5.0,Medium,Improving
EMP009,Joshua Singh,Development,2026-05-01,08:16,17:16,9.0,HR System,Testing,Pending,90,22,1.0,2,0.9,10,0,82,9,9,4.7,Medium,Improving
EMP009,Joshua Singh,Development,2026-05-02,08:43,17:43,9.0,Mobile App,Testing,In Progress,86,38,1.0,4,2.5,7,2,86,9,4,4.7,Medium,Improving
EMP009,Joshua Singh,Development,2026-05-03,09:21,18:15,8.9,CRM Dashboard,Client Support,In Progress,95,27,0.9,4,1.7,8,5,86,6,6,5.0,Low,Improving
EMP009,Joshua Singh,Development,2026-05-04,09:30,17:24,7.9,Client Portal,UI Design,In Progress,100,15,0.0,4,2.5,3,7,92,6,6,5.0,Low,Improving
EMP009,Joshua Singh,Development,2026-05-05,08:56,17:02,8.1,CRM Dashboard,API Integration,Pending,100,15,0.1,1,2.4,6,2,90,6,6,5.0,Low,Improving
EMP009,Joshua Singh,Development,2026-05-06,08:18,16:42,8.4,HR System,Documentation,In Progress,90,35,0.4,6,1.8,7,1,83,5,5,5.0,Low,Improving
EMP009,Joshua Singh,Development,2026-05-07,08:47,16:47,8.0,CRM Dashboard,UI Design,Completed,97,26,0.0,6,0.7,1,7,95,10,6,5.0,Low,Improving
EMP009,Joshua Singh,Development,2026-05-08,09:31,17:13,7.7,CRM Dashboard,UI Design,Completed,97,21,0.0,6,2.4,2,5,90,9,9,5.0,Low,Improving
EMP009,Joshua Singh,Development,2026-05-09,08:20,17:14,8.9,Client Portal,Testing,Pending,100,24,0.9,6,2.6,7,4,91,11,3,5.0,Low,Improving
EMP009,Joshua Singh,Development,2026-05-11,10:11,17:41,7.5,HR System,Model Training,Completed,100,15,0.0,6,2.5,10,4,96,7,7,5.0,Low,Improving
EMP009,Joshua Singh,Development,2026-05-12,10:29,19:59,9.5,IoT Monitoring,UI Design,Completed,100,32,1.5,5,2.0,10,6,92,6,6,5.0,Medium,Improving
EMP009,Joshua Singh,Development,2026-05-13,09:11,18:23,9.2,IoT Monitoring,UI Design,Completed,100,33,1.2,4,2.4,9,3,95,13,12,5.0,Medium,Improving
EMP009,Joshua Singh,Development,2026-05-14,08:33,17:15,8.7,Mobile App,Documentation,Pending,98,14,0.7,4,2.7,10,4,96,5,5,5.0,Low,Improving
EMP009,Joshua Singh,Development,2026-05-15,10:09,17:39,7.5,CRM Dashboard,API Integration,Pending,93,26,0.0,4,0.8,4,4,90,15,3,5.0,Low,Improving
EMP009,Joshua Singh,Development,2026-05-16,10:54,20:18,9.4,IoT Monitoring,Client Support,In Progress,95,22,1.4,4,2.0,7,4,89,14,11,5.0,Medium,Improving
EMP009,Joshua Singh,Development,2026-05-18,10:07,18:55,8.8,Mobile App,Testing,Completed,93,11,0.8,2,2.9,5,6,93,5,5,5.0,Low,Improving
EMP009,Joshua Singh,Development,2026-05-19,08:44,17:14,8.5,IoT Monitoring,Database Update,Completed,95,18,0.5,5,2.6,2,0,88,5,5,4.8,Low,Improving
EMP010,Kathleen Welch,AI/ML,2026-02-19,10:07,18:01,7.9,Client Portal,Database Update,In Progress,71,34,0.0,6,1.0,7,3,64,8,6,3.7,Low,Stable
EMP010,Kathleen Welch,AI/ML,2026-02-20,08:41,15:29,6.8,AI Analytics,Database Update,In Progress,67,44,0.0,1,2.7,9,4,65,15,13,3.7,Low,Stable
EMP010,Kathleen Welch,AI/ML,2026-02-21,08:50,17:20,8.5,Client Portal,Database Update,In Progress,74,62,0.5,2,1.3,9,6,65,15,11,4.6,Low,Stable
EMP010,Kathleen Welch,AI/ML,2026-02-23,10:35,17:29,6.9,IoT Monitoring,Database Update,Pending,58,41,0.0,6,2.3,8,2,51,14,7,3.7,Low,Declining
EMP010,Kathleen Welch,AI/ML,2026-02-24,10:20,18:20,8.0,Client Portal,Client Support,Pending,64,67,0.0,5,1.8,2,0,55,9,8,3.6,Low,Stable
EMP010,Kathleen Welch,AI/ML,2026-02-25,08:40,16:34,7.9,HR System,Model Training,Completed,64,42,0.0,4,1.2,6,1,57,5,5,3.7,Low,Stable
EMP010,Kathleen Welch,AI/ML,2026-02-26,10:00,18:54,8.9,AI Analytics,Client Support,Pending,69,34,0.9,3,1.5,5,3,64,15,14,4.0,Low,Stable
EMP010,Kathleen Welch,AI/ML,2026-02-27,08:14,15:32,7.3,HR System,Documentation,Pending,73,43,0.0,3,2.4,6,5,68,6,6,4.2,Low,Stable
EMP010,Kathleen Welch,AI/ML,2026-02-28,10:41,17:29,6.8,Mobile App,Database Update,In Progress,72,65,0.0,6,1.4,9,7,72,10,10,4.3,Low,Stable
EMP010,Kathleen Welch,AI/ML,2026-03-01,08:57,16:09,7.2,CRM Dashboard,Model Training,Completed,62,54,0.0,2,2.9,1,0,52,15,8,3.9,Low,Stable
EMP010,Kathleen Welch,AI/ML,2026-03-02,10:56,17:38,6.7,Mobile App,Testing,In Progress,60,56,0.0,1,2.0,5,8,60,13,13,3.7,Low,Stable
EMP010,Kathleen Welch,AI/ML,2026-03-03,09:43,16:37,6.9,Client Portal,UI Design,Completed,61,45,0.0,5,0.8,1,8,57,8,7,4.0,Low,Stable
EMP010,Kathleen Welch,AI/ML,2026-03-04,10:34,18:16,7.7,CRM Dashboard,API Integration,Completed,71,67,0.0,5,2.2,10,4,69,11,9,3.8,Low,Stable
EMP010,Kathleen Welch,AI/ML,2026-03-05,09:19,17:01,7.7,HR System,API Integration,Pending,76,59,0.0,4,2.3,7,0,73,5,5,4.3,Low,Stable
EMP010,Kathleen Welch,AI/ML,2026-03-06,09:27,17:15,7.8,CRM Dashboard,Database Update,In Progress,71,66,0.0,4,1.2,10,8,70,6,6,4.2,Low,Stable
EMP010,Kathleen Welch,AI/ML,2026-03-07,10:20,18:50,8.5,HR System,API Integration,In Progress,68,36,0.5,6,0.9,6,1,66,14,14,4.1,Low,Stable
EMP010,Kathleen Welch,AI/ML,2026-03-09,09:49,17:49,8.0,IoT Monitoring,Client Support,Completed,73,33,0.0,2,1.3,4,5,73,7,7,3.7,Low,Stable
EMP010,Kathleen Welch,AI/ML,2026-03-10,09:37,18:31,8.9,Mobile App,Documentation,In Progress,65,54,0.9,6,1.0,7,1,56,12,12,4.2,Low,Stable
EMP010,Kathleen Welch,AI/ML,2026-03-11,08:54,17:54,9.0,Mobile App,Model Training,Pending,62,58,1.0,4,1.1,3,3,52,7,7,3.4,Medium,Stable
EMP010,Kathleen Welch,AI/ML,2026-03-12,10:10,16:40,6.5,IoT Monitoring,Client Support,In Progress,64,40,0.0,3,2.0,7,4,54,9,6,3.2,Low,Stable
EMP010,Kathleen Welch,AI/ML,2026-03-13,09:16,17:10,7.9,Client Portal,Testing,Completed,61,65,0.0,1,2.1,5,1,54,5,5,3.4,Low,Stable
EMP010,Kathleen Welch,AI/ML,2026-03-14,09:50,17:38,7.8,CRM Dashboard,Bug Fixing,Completed,58,61,0.0,2,1.4,3,5,56,15,13,3.5,Low,Declining
EMP010,Kathleen Welch,AI/ML,2026-03-15,08:13,15:55,7.7,IoT Monitoring,API Integration,In Progress,68,64,0.0,1,2.8,7,3,68,7,7,3.9,Low,Stable
EMP010,Kathleen Welch,AI/ML,2026-03-16,09:45,16:39,6.9,HR System,Model Training,Pending,58,42,0.0,2,1.3,8,8,50,10,9,3.5,Low,Declining
EMP010,Kathleen Welch,AI/ML,2026-03-17,08:16,17:04,8.8,Mobile App,Client Support,In Progress,67,66,0.8,1,1.0,5,4,63,12,8,3.8,Low,Stable
EMP010,Kathleen Welch,AI/ML,2026-03-18,08:09,15:03,6.9,Client Portal,UI Design,In Progress,70,67,0.0,4,0.5,8,3,60,13,11,4.5,Low,Stable
EMP010,Kathleen Welch,AI/ML,2026-03-19,09:14,16:20,7.1,CRM Dashboard,Bug Fixing,Pending,56,33,0.0,5,1.1,7,6,54,12,9,3.2,Low,Declining
EMP010,Kathleen Welch,AI/ML,2026-03-20,09:56,18:50,8.9,IoT Monitoring,Database Update,Pending,63,67,0.9,1,2.6,8,4,62,7,4,3.2,Low,Stable
EMP010,Kathleen Welch,AI/ML,2026-03-21,09:01,16:25,7.4,Mobile App,Client Support,Completed,69,48,0.0,2,0.8,2,3,66,14,6,4.1,Low,Stable
EMP010,Kathleen Welch,AI/ML,2026-03-23,10:56,18:26,7.5,HR System,Model Training,Completed,65,47,0.0,2,2.8,6,0,58,14,6,4.1,Low,Stable
EMP010,Kathleen Welch,AI/ML,2026-03-24,09:28,17:34,8.1,HR System,Documentation,Completed,68,48,0.1,3,2.3,10,5,58,14,9,4.0,Low,Stable
EMP010,Kathleen Welch,AI/ML,2026-03-25,08:54,17:06,8.2,AI Analytics,API Integration,In Progress,64,67,0.2,3,1.6,8,0,59,7,4,3.6,Low,Stable
EMP010,Kathleen Welch,AI/ML,2026-03-26,10:23,18:53,8.5,IoT Monitoring,Model Training,Pending,62,38,0.5,6,1.4,10,2,59,6,5,3.6,Low,Stable
EMP010,Kathleen Welch,AI/ML,2026-03-27,08:06,14:42,6.6,Client Portal,API Integration,Completed,72,65,0.0,3,1.4,3,6,62,15,10,4.0,Low,Stable
EMP010,Kathleen Welch,AI/ML,2026-03-28,08:12,15:48,7.6,AI Analytics,UI Design,Completed,64,69,0.0,5,1.7,9,5,60,14,4,3.8,Low,Stable
EMP010,Kathleen Welch,AI/ML,2026-03-30,10:37,17:55,7.3,AI Analytics,Client Support,In Progress,60,42,0.0,2,2.8,8,1,56,14,8,3.8,Low,Stable
EMP010,Kathleen Welch,AI/ML,2026-03-31,09:15,17:09,7.9,AI Analytics,Model Training,Completed,56,31,0.0,2,1.0,7,1,52,8,6,3.5,Low,Declining
EMP010,Kathleen Welch,AI/ML,2026-04-01,09:37,17:43,8.1,Client Portal,Model Training,Pending,67,37,0.1,4,1.9,10,1,63,7,7,3.7,Low,Stable
EMP010,Kathleen Welch,AI/ML,2026-04-02,10:09,16:45,6.6,HR System,UI Design,Completed,67,42,0.0,3,1.8,8,2,67,12,11,3.4,Low,Stable
EMP010,Kathleen Welch,AI/ML,2026-04-03,10:33,17:51,7.3,AI Analytics,Documentation,Completed,58,69,0.0,3,1.9,4,7,51,8,3,3.2,Low,Declining
EMP010,Kathleen Welch,AI/ML,2026-04-04,09:50,16:26,6.6,HR System,UI Design,Completed,60,50,0.0,4,2.0,3,0,59,9,4,3.5,Low,Stable
EMP010,Kathleen Welch,AI/ML,2026-04-06,08:47,15:41,6.9,HR System,Testing,Pending,73,36,0.0,3,2.2,2,5,63,7,5,4.0,Low,Stable
EMP010,Kathleen Welch,AI/ML,2026-04-07,09:47,17:47,8.0,IoT Monitoring,API Integration,In Progress,72,52,0.0,4,1.8,6,4,71,7,7,4.1,Low,Stable
EMP010,Kathleen Welch,AI/ML,2026-04-08,08:17,16:23,8.1,HR System,Bug Fixing,In Progress,67,64,0.1,4,1.7,7,7,66,8,8,4.0,Low,Stable
EMP010,Kathleen Welch,AI/ML,2026-04-09,09:09,16:27,7.3,Client Portal,Documentation,In Progress,64,40,0.0,3,1.7,10,4,60,9,4,4.0,Low,Stable
EMP010,Kathleen Welch,AI/ML,2026-04-10,08:51,17:45,8.9,HR System,Testing,Completed,75,61,0.9,3,2.7,3,6,71,5,5,4.6,Low,Stable
EMP010,Kathleen Welch,AI/ML,2026-04-11,09:51,17:03,7.2,Client Portal,API Integration,Completed,58,70,0.0,6,1.8,2,5,48,11,8,3.7,Low,Declining
EMP010,Kathleen Welch,AI/ML,2026-04-13,08:33,15:33,7.0,HR System,Testing,In Progress,72,55,0.0,4,0.7,7,6,64,11,11,3.8,Low,Stable
EMP010,Kathleen Welch,AI/ML,2026-04-14,08:38,15:38,7.0,IoT Monitoring,Client Support,Pending,56,50,0.0,3,1.7,10,3,47,9,7,3.3,Low,Declining
EMP010,Kathleen Welch,AI/ML,2026-04-15,09:19,16:25,7.1,AI Analytics,Client Support,Completed,61,40,0.0,2,1.1,5,7,61,13,10,3.4,Low,Stable
EMP010,Kathleen Welch,AI/ML,2026-04-16,09:43,18:19,8.6,Mobile App,Model Training,Completed,66,69,0.6,4,2.2,7,7,57,13,8,3.4,Low,Stable
EMP010,Kathleen Welch,AI/ML,2026-04-17,09:08,16:32,7.4,Mobile App,Database Update,Pending,72,53,0.0,1,1.0,9,3,70,8,5,3.9,Low,Stable
EMP010,Kathleen Welch,AI/ML,2026-04-18,08:20,16:02,7.7,HR System,Documentation,Completed,67,58,0.0,3,1.9,6,1,67,14,14,4.3,Low,Stable
EMP010,Kathleen Welch,AI/ML,2026-04-19,10:05,17:47,7.7,AI Analytics,Testing,Completed,62,44,0.0,3,0.6,10,4,53,15,11,3.5,Low,Stable
EMP010,Kathleen Welch,AI/ML,2026-04-20,08:45,15:39,6.9,CRM Dashboard,Model Training,Completed,64,42,0.0,4,0.8,3,6,64,14,6,3.8,Low,Stable
EMP010,Kathleen Welch,AI/ML,2026-04-21,08:17,15:05,6.8,Client Portal,Client Support,Completed,60,56,0.0,5,2.2,5,3,58,5,5,3.2,Low,Stable
EMP010,Kathleen Welch,AI/ML,2026-04-22,09:55,17:07,7.2,Client Portal,API Integration,In Progress,62,50,0.0,1,2.7,6,6,58,13,6,3.5,Low,Stable
EMP010,Kathleen Welch,AI/ML,2026-04-23,10:38,18:26,7.8,IoT Monitoring,Testing,In Progress,63,35,0.0,6,2.3,3,6,57,7,7,3.8,Low,Stable
EMP010,Kathleen Welch,AI/ML,2026-04-24,10:36,18:30,7.9,HR System,Client Support,Pending,58,36,0.0,6,2.5,6,1,58,8,8,3.3,Low,Declining
EMP010,Kathleen Welch,AI/ML,2026-04-25,09:36,16:30,6.9,Client Portal,Documentation,Pending,58,50,0.0,2,1.5,3,3,51,14,13,3.0,Low,Declining
EMP010,Kathleen Welch,AI/ML,2026-04-27,08:42,17:24,8.7,Mobile App,Documentation,Completed,76,36,0.7,2,2.5,10,2,67,13,13,4.7,Low,Stable
EMP010,Kathleen Welch,AI/ML,2026-04-28,08:48,15:54,7.1,IoT Monitoring,UI Design,In Progress,58,59,0.0,5,2.0,9,2,58,11,9,3.2,Low,Declining
EMP010,Kathleen Welch,AI/ML,2026-04-29,10:12,17:48,7.6,CRM Dashboard,API Integration,Pending,71,39,0.0,3,1.6,4,8,71,11,6,4.5,Low,Stable
EMP010,Kathleen Welch,AI/ML,2026-04-30,10:01,18:43,8.7,Client Portal,Database Update,Pending,57,45,0.7,4,0.9,3,8,55,15,4,3.2,Low,Declining
EMP010,Kathleen Welch,AI/ML,2026-05-01,10:17,18:59,8.7,AI Analytics,Database Update,Pending,76,70,0.7,4,1.0,6,5,72,12,12,4.5,Low,Stable
EMP010,Kathleen Welch,AI/ML,2026-05-02,09:08,17:20,8.2,IoT Monitoring,UI Design,Pending,71,43,0.2,4,2.3,5,7,68,12,12,3.6,Low,Stable
EMP010,Kathleen Welch,AI/ML,2026-05-04,10:14,17:26,7.2,HR System,UI Design,Completed,57,58,0.0,2,2.3,4,4,48,9,5,3.8,Low,Declining
EMP010,Kathleen Welch,AI/ML,2026-05-05,08:30,17:12,8.7,Mobile App,UI Design,Completed,66,57,0.7,1,1.4,3,8,62,6,4,4.0,Low,Stable
EMP010,Kathleen Welch,AI/ML,2026-05-06,10:36,18:12,7.6,AI Analytics,API Integration,Pending,58,64,0.0,4,0.6,1,4,53,11,10,3.0,Low,Declining
EMP010,Kathleen Welch,AI/ML,2026-05-07,09:07,17:07,8.0,CRM Dashboard,Testing,In Progress,75,66,0.0,3,2.1,6,6,66,5,5,4.0,Low,Stable
EMP010,Kathleen Welch,AI/ML,2026-05-08,08:47,17:35,8.8,AI Analytics,Documentation,In Progress,60,58,0.8,4,1.1,9,6,50,5,4,3.7,Low,Stable
EMP010,Kathleen Welch,AI/ML,2026-05-09,09:15,17:09,7.9,Client Portal,UI Design,Pending,69,46,0.0,5,1.5,6,1,61,7,7,3.7,Low,Stable
EMP010,Kathleen Welch,AI/ML,2026-05-10,10:18,16:54,6.6,Mobile App,Model Training,Pending,63,35,0.0,4,0.5,6,7,53,14,5,3.2,Low,Stable
EMP010,Kathleen Welch,AI/ML,2026-05-11,09:39,17:09,7.5,Mobile App,UI Design,Pending,57,37,0.0,1,2.1,10,0,56,5,4,3.4,Low,Declining
EMP010,Kathleen Welch,AI/ML,2026-05-12,08:09,15:57,7.8,HR System,Database Update,Completed,64,42,0.0,6,1.8,3,5,64,11,10,3.4,Low,Stable
EMP010,Kathleen Welch,AI/ML,2026-05-13,09:03,15:45,6.7,IoT Monitoring,Database Update,Pending,58,46,0.0,4,1.6,7,1,54,15,8,3.3,Low,Declining
EMP010,Kathleen Welch,AI/ML,2026-05-14,10:24,18:30,8.1,Client Portal,API Integration,In Progress,70,39,0.1,3,2.1,5,6,64,14,4,3.8,Low,Stable
EMP010,Kathleen Welch,AI/ML,2026-05-15,09:53,17:53,8.0,HR System,API Integration,Pending,73,62,0.0,1,2.2,10,5,73,10,4,4.3,Low,Stable
EMP010,Kathleen Welch,AI/ML,2026-05-16,10:42,18:36,7.9,HR System,Database Update,Pending,61,45,0.0,1,1.3,2,2,53,10,9,3.8,Low,Stable
EMP010,Kathleen Welch,AI/ML,2026-05-17,09:27,18:03,8.6,AI Analytics,API Integration,Pending,75,60,0.6,4,2.8,2,4,74,14,4,3.9,Low,Stable
EMP010,Kathleen Welch,AI/ML,2026-05-18,10:36,18:00,7.4,Mobile App,API Integration,In Progress,58,69,0.0,5,2.5,10,4,48,15,11,3.2,Low,Declining
EMP010,Kathleen Welch,AI/ML,2026-05-19,08:40,16:52,8.2,Client Portal,UI Design,Pending,63,57,0.2,2,2.4,6,8,55,10,10,3.5,Low,Stable
EMP011,Kimberly Collier,HR,2026-02-19,09:42,18:54,9.2,HR System,Client Support,Pending,66,84,1.2,5,1.9,7,6,58,8,8,3.8,Medium,Stable
EMP011,Kimberly Collier,HR,2026-02-20,08:23,19:11,10.8,Client Portal,Model Training,In Progress,66,92,2.8,2,0.7,3,2,65,13,5,4.2,Medium,Stable
EMP011,Kimberly Collier,HR,2026-02-21,08:12,20:06,11.9,Mobile App,API Integration,Completed,62,89,3.9,1,2.3,1,5,60,15,3,3.5,High,Stable
EMP011,Kimberly Collier,HR,2026-02-23,10:15,19:57,9.7,HR System,Bug Fixing,Completed,63,82,1.7,3,3.0,4,1,61,13,5,3.2,Medium,Stable
EMP011,Kimberly Collier,HR,2026-02-24,09:10,19:52,10.7,Client Portal,API Integration,In Progress,74,82,2.7,2,1.4,8,3,70,9,3,4.2,Medium,Stable
EMP011,Kimberly Collier,HR,2026-02-25,09:40,20:40,11.0,HR System,Testing,Completed,61,83,3.0,2,0.7,1,0,56,15,12,3.4,High,Stable
EMP011,Kimberly Collier,HR,2026-02-26,09:20,18:38,9.3,CRM Dashboard,Bug Fixing,Completed,64,81,1.3,6,2.6,7,4,54,11,4,4.1,Medium,Stable
EMP011,Kimberly Collier,HR,2026-02-27,10:41,20:23,9.7,IoT Monitoring,Documentation,Completed,81,62,1.7,3,1.7,5,7,73,12,8,4.1,Medium,Improving
EMP011,Kimberly Collier,HR,2026-02-28,08:48,20:24,11.6,Client Portal,Client Support,In Progress,65,80,3.6,6,0.9,8,6,58,8,5,3.6,Medium,Stable
EMP011,Kimberly Collier,HR,2026-03-01,10:48,20:12,9.4,AI Analytics,Model Training,In Progress,67,104,1.4,5,1.7,4,2,61,6,6,4.3,Medium,Stable
EMP011,Kimberly Collier,HR,2026-03-02,08:27,19:45,11.3,CRM Dashboard,Database Update,In Progress,80,112,3.3,6,1.7,1,0,76,10,10,4.8,Medium,Improving
EMP011,Kimberly Collier,HR,2026-03-03,10:07,21:55,11.8,IoT Monitoring,Bug Fixing,Completed,68,61,3.8,6,1.5,2,8,67,12,3,4.1,Medium,Stable
EMP011,Kimberly Collier,HR,2026-03-04,09:58,19:52,9.9,IoT Monitoring,Documentation,Completed,71,104,1.9,5,1.2,6,6,70,9,5,4.1,Medium,Stable
EMP011,Kimberly Collier,HR,2026-03-05,09:24,20:48,11.4,IoT Monitoring,UI Design,Completed,67,91,3.4,4,0.8,9,7,59,6,3,3.8,Medium,Stable
EMP011,Kimberly Collier,HR,2026-03-06,08:33,19:27,10.9,CRM Dashboard,UI Design,Pending,62,67,2.9,4,2.3,10,6,53,8,8,3.6,Medium,Stable
EMP011,Kimberly Collier,HR,2026-03-07,08:59,18:41,9.7,HR System,API Integration,Pending,76,96,1.7,2,0.6,7,1,69,6,6,4.4,Medium,Stable
EMP011,Kimberly Collier,HR,2026-03-08,08:16,19:58,11.7,IoT Monitoring,Model Training,Pending,73,70,3.7,2,0.5,1,4,73,9,9,4.3,Medium,Stable
EMP011,Kimberly Collier,HR,2026-03-09,08:22,18:46,10.4,Client Portal,API Integration,Completed,71,117,2.4,6,2.8,1,2,65,11,10,4.2,Medium,Stable
EMP011,Kimberly Collier,HR,2026-03-10,10:32,20:38,10.1,Mobile App,API Integration,Completed,61,88,2.1,4,2.0,7,5,57,9,8,3.9,Medium,Stable
EMP011,Kimberly Collier,HR,2026-03-11,08:09,17:33,9.4,Client Portal,Model Training,In Progress,63,96,1.4,5,1.5,6,2,55,7,7,3.5,Medium,Stable
EMP011,Kimberly Collier,HR,2026-03-12,10:49,21:43,10.9,IoT Monitoring,Database Update,In Progress,72,76,2.9,5,2.3,10,7,65,9,3,3.8,Medium,Stable
EMP011,Kimberly Collier,HR,2026-03-13,08:47,19:53,11.1,IoT Monitoring,API Integration,Pending,69,60,3.1,5,0.8,4,8,60,8,8,3.8,Medium,Stable
EMP011,Kimberly Collier,HR,2026-03-14,08:05,20:05,12.0,Client Portal,Database Update,In Progress,64,98,4.0,1,1.9,4,1,57,13,3,3.6,High,Stable
EMP011,Kimberly Collier,HR,2026-03-16,09:42,19:24,9.7,CRM Dashboard,UI Design,Pending,75,74,1.7,4,2.9,6,2,66,14,11,3.9,Medium,Stable
EMP011,Kimberly Collier,HR,2026-03-17,10:47,21:23,10.6,CRM Dashboard,Documentation,Pending,68,63,2.6,4,3.0,10,1,65,15,5,3.7,Medium,Stable
EMP011,Kimberly Collier,HR,2026-03-18,10:23,20:17,9.9,HR System,Bug Fixing,Completed,61,85,1.9,2,0.6,1,2,56,7,7,3.5,Medium,Stable
EMP011,Kimberly Collier,HR,2026-03-19,10:46,20:46,10.0,IoT Monitoring,API Integration,Completed,76,93,2.0,1,3.0,9,1,68,11,11,4.3,Medium,Stable
EMP011,Kimberly Collier,HR,2026-03-20,10:23,20:23,10.0,CRM Dashboard,API Integration,In Progress,65,110,2.0,2,2.9,8,7,58,15,13,3.9,Medium,Stable
EMP011,Kimberly Collier,HR,2026-03-21,08:22,18:34,10.2,CRM Dashboard,Documentation,Pending,63,107,2.2,1,1.0,5,5,59,14,14,4.1,Medium,Stable
EMP011,Kimberly Collier,HR,2026-03-22,10:22,19:40,9.3,Mobile App,Client Support,Pending,69,89,1.3,5,0.8,3,0,63,6,6,4.3,Medium,Stable
EMP011,Kimberly Collier,HR,2026-03-23,08:14,18:56,10.7,HR System,UI Design,Completed,70,60,2.7,6,2.4,2,3,60,13,13,4.3,Medium,Stable
EMP011,Kimberly Collier,HR,2026-03-24,10:47,19:47,9.0,CRM Dashboard,Model Training,Completed,59,67,1.0,4,0.9,10,6,49,7,6,3.6,Medium,Declining
EMP011,Kimberly Collier,HR,2026-03-25,08:04,17:34,9.5,Client Portal,Client Support,Pending,66,66,1.5,3,2.9,3,0,58,14,4,3.9,Medium,Stable
EMP011,Kimberly Collier,HR,2026-03-26,10:37,21:25,10.8,CRM Dashboard,Client Support,In Progress,76,66,2.8,2,1.5,7,3,75,5,5,4.3,Medium,Stable
EMP011,Kimberly Collier,HR,2026-03-27,08:25,18:55,10.5,IoT Monitoring,API Integration,Completed,74,88,2.5,3,2.2,4,1,67,15,6,4.5,Medium,Stable
EMP011,Kimberly Collier,HR,2026-03-28,08:12,20:00,11.8,HR System,Model Training,In Progress,75,106,3.8,2,0.6,10,1,71,10,10,4.3,Medium,Stable
EMP011,Kimberly Collier,HR,2026-03-30,08:47,20:05,11.3,CRM Dashboard,UI Design,Pending,74,116,3.3,2,2.0,7,7,71,11,11,4.5,Medium,Stable
EMP011,Kimberly Collier,HR,2026-03-31,09:19,20:25,11.1,CRM Dashboard,API Integration,Pending,74,102,3.1,5,0.6,4,5,74,12,12,4.3,Medium,Stable
EMP011,Kimberly Collier,HR,2026-04-01,09:54,21:54,12.0,Mobile App,Bug Fixing,Pending,77,107,4.0,4,0.9,10,5,73,11,7,4.3,Medium,Stable
EMP011,Kimberly Collier,HR,2026-04-02,09:01,19:13,10.2,Mobile App,Model Training,Completed,75,77,2.2,2,1.1,3,3,67,5,5,4.7,Medium,Stable
EMP011,Kimberly Collier,HR,2026-04-03,10:43,20:19,9.6,AI Analytics,Client Support,Pending,75,112,1.6,1,1.7,2,0,70,14,5,4.1,Medium,Stable
EMP011,Kimberly Collier,HR,2026-04-04,08:10,19:04,10.9,AI Analytics,Testing,Completed,79,113,2.9,2,1.1,7,0,74,11,11,4.4,Medium,Stable
EMP011,Kimberly Collier,HR,2026-04-06,10:25,20:43,10.3,Client Portal,Bug Fixing,Pending,60,103,2.3,3,0.9,4,5,56,12,12,3.4,Medium,Stable
EMP011,Kimberly Collier,HR,2026-04-07,10:18,22:00,11.7,IoT Monitoring,Database Update,In Progress,68,62,3.7,3,2.8,3,8,66,14,9,4.0,Medium,Stable
EMP011,Kimberly Collier,HR,2026-04-08,08:29,20:23,11.9,AI Analytics,Documentation,In Progress,78,90,3.9,2,1.7,4,7,74,5,5,4.0,Medium,Stable
EMP011,Kimberly Collier,HR,2026-04-09,08:27,19:03,10.6,Client Portal,Testing,In Progress,78,66,2.6,1,1.4,9,4,75,15,9,4.2,Medium,Stable
EMP011,Kimberly Collier,HR,2026-04-10,09:02,20:08,11.1,HR System,Bug Fixing,Completed,71,120,3.1,3,0.6,8,0,69,13,13,3.6,Medium,Stable
EMP011,Kimberly Collier,HR,2026-04-11,09:33,20:33,11.0,AI Analytics,Database Update,In Progress,72,113,3.0,4,0.6,9,4,67,14,5,3.9,Medium,Stable
EMP011,Kimberly Collier,HR,2026-04-13,08:16,19:58,11.7,Mobile App,Testing,Pending,76,119,3.7,2,2.2,3,5,76,11,11,4.7,Medium,Stable
EMP011,Kimberly Collier,HR,2026-04-14,09:26,19:26,10.0,AI Analytics,Client Support,Completed,58,90,2.0,2,1.1,3,6,58,12,12,3.4,Medium,Declining
EMP011,Kimberly Collier,HR,2026-04-15,09:58,20:34,10.6,HR System,Model Training,Completed,63,97,2.6,2,1.6,8,6,59,13,4,3.6,Medium,Stable
EMP011,Kimberly Collier,HR,2026-04-16,08:25,19:49,11.4,AI Analytics,Bug Fixing,In Progress,69,64,3.4,6,1.0,1,1,59,5,5,3.5,Medium,Stable
EMP011,Kimberly Collier,HR,2026-04-17,09:47,21:11,11.4,HR System,Model Training,Pending,77,71,3.4,1,0.9,8,6,69,11,11,4.4,Medium,Stable
EMP011,Kimberly Collier,HR,2026-04-18,09:34,20:04,10.5,Client Portal,Database Update,Pending,65,66,2.5,5,1.9,6,2,60,7,7,3.3,Medium,Stable
EMP011,Kimberly Collier,HR,2026-04-20,09:07,20:13,11.1,Client Portal,UI Design,In Progress,60,65,3.1,2,2.1,9,7,52,8,8,3.9,High,Stable
EMP011,Kimberly Collier,HR,2026-04-21,10:24,21:42,11.3,Client Portal,Client Support,Completed,73,102,3.3,5,0.9,9,2,65,14,14,4.6,Medium,Stable
EMP011,Kimberly Collier,HR,2026-04-22,09:07,19:19,10.2,AI Analytics,UI Design,In Progress,73,88,2.2,1,1.6,4,7,69,14,8,3.7,Medium,Stable
EMP011,Kimberly Collier,HR,2026-04-23,08:05,17:29,9.4,CRM Dashboard,Bug Fixing,In Progress,70,112,1.4,4,0.6,9,6,63,9,9,4.3,Medium,Stable
EMP011,Kimberly Collier,HR,2026-04-24,10:48,21:54,11.1,Client Portal,Database Update,Pending,62,65,3.1,5,0.8,3,6,58,11,4,3.8,High,Stable
EMP011,Kimberly Collier,HR,2026-04-25,08:18,17:42,9.4,CRM Dashboard,UI Design,In Progress,69,64,1.4,5,2.5,3,6,64,12,10,3.8,Medium,Stable
EMP011,Kimberly Collier,HR,2026-04-26,08:21,18:27,10.1,IoT Monitoring,Testing,In Progress,66,120,2.1,4,1.3,6,5,60,7,7,4.2,Medium,Stable
EMP011,Kimberly Collier,HR,2026-04-27,10:26,19:50,9.4,CRM Dashboard,API Integration,Pending,64,82,1.4,4,2.3,3,8,64,9,4,3.3,Medium,Stable
EMP011,Kimberly Collier,HR,2026-04-28,09:34,19:04,9.5,AI Analytics,Testing,Pending,69,75,1.5,3,1.9,6,3,61,9,8,3.8,Medium,Stable
EMP011,Kimberly Collier,HR,2026-04-29,08:52,18:40,9.8,IoT Monitoring,UI Design,Completed,77,89,1.8,5,0.8,5,5,71,11,11,4.0,Medium,Stable
EMP011,Kimberly Collier,HR,2026-04-30,10:10,20:46,10.6,HR System,UI Design,Completed,67,99,2.6,5,1.6,8,3,67,7,7,4.1,Medium,Stable
EMP011,Kimberly Collier,HR,2026-05-01,09:19,20:37,11.3,AI Analytics,UI Design,Completed,74,83,3.3,4,1.0,10,1,69,8,8,3.7,Medium,Stable
EMP011,Kimberly Collier,HR,2026-05-02,10:19,21:43,11.4,HR System,Client Support,Pending,63,83,3.4,3,1.7,10,5,61,8,8,3.8,High,Stable
EMP011,Kimberly Collier,HR,2026-05-03,08:12,17:24,9.2,IoT Monitoring,Testing,Pending,73,91,1.2,5,2.5,4,1,71,7,7,4.4,Medium,Stable
EMP011,Kimberly Collier,HR,2026-05-04,10:49,20:01,9.2,IoT Monitoring,Database Update,Pending,70,82,1.2,1,1.6,2,1,70,6,4,4.2,Medium,Stable
EMP011,Kimberly Collier,HR,2026-05-05,09:30,20:36,11.1,HR System,Bug Fixing,In Progress,63,61,3.1,3,1.5,9,4,61,13,12,3.2,High,Stable
EMP011,Kimberly Collier,HR,2026-05-06,08:49,19:13,10.4,IoT Monitoring,Database Update,In Progress,72,100,2.4,3,1.8,2,4,71,10,10,3.8,Medium,Stable
EMP011,Kimberly Collier,HR,2026-05-07,08:16,17:58,9.7,AI Analytics,UI Design,Completed,76,118,1.7,3,3.0,4,5,69,15,4,4.8,Medium,Stable
EMP011,Kimberly Collier,HR,2026-05-08,09:44,19:08,9.4,AI Analytics,UI Design,In Progress,65,72,1.4,3,2.9,8,8,62,13,7,4.0,Medium,Stable
EMP011,Kimberly Collier,HR,2026-05-09,09:34,19:58,10.4,IoT Monitoring,API Integration,In Progress,63,77,2.4,5,1.7,4,4,62,6,6,3.9,Medium,Stable
EMP011,Kimberly Collier,HR,2026-05-11,09:34,19:34,10.0,Client Portal,Database Update,Pending,59,94,2.0,3,1.2,5,0,54,13,8,3.8,Medium,Declining
EMP011,Kimberly Collier,HR,2026-05-12,08:57,18:57,10.0,IoT Monitoring,Testing,Completed,58,108,2.0,3,2.7,2,8,53,6,6,3.3,Medium,Declining
EMP011,Kimberly Collier,HR,2026-05-13,09:06,20:06,11.0,CRM Dashboard,Model Training,Pending,76,91,3.0,4,1.5,9,0,66,7,7,3.8,Medium,Stable
EMP011,Kimberly Collier,HR,2026-05-14,09:51,20:33,10.7,CRM Dashboard,Documentation,In Progress,75,75,2.7,3,2.3,6,1,68,6,6,4.1,Medium,Stable
EMP011,Kimberly Collier,HR,2026-05-15,08:48,17:54,9.1,AI Analytics,Database Update,Completed,71,117,1.1,3,2.2,3,5,65,15,10,3.8,Medium,Stable
EMP011,Kimberly Collier,HR,2026-05-16,10:52,20:04,9.2,IoT Monitoring,Documentation,Completed,66,91,1.2,1,1.3,2,3,61,10,10,4.2,Medium,Stable
EMP011,Kimberly Collier,HR,2026-05-17,09:41,19:05,9.4,Mobile App,API Integration,Pending,63,84,1.4,1,1.7,6,8,56,7,7,4.1,Medium,Stable
EMP011,Kimberly Collier,HR,2026-05-18,08:18,19:54,11.6,Client Portal,Client Support,Pending,61,91,3.6,3,0.8,1,3,61,11,11,3.9,High,Stable
EMP011,Kimberly Collier,HR,2026-05-19,10:26,21:08,10.7,AI Analytics,Documentation,Pending,61,96,2.7,6,2.5,1,3,60,10,10,3.1,Medium,Stable
EMP012,Ryan Ford,UI/UX,2026-02-19,08:25,17:31,9.1,Mobile App,API Integration,Pending,100,21,1.1,5,2.6,2,6,99,6,6,5.0,Medium,Improving
EMP012,Ryan Ford,UI/UX,2026-02-20,10:41,18:47,8.1,HR System,API Integration,Completed,93,39,0.1,5,1.7,10,4,83,6,6,4.8,Low,Improving
EMP012,Ryan Ford,UI/UX,2026-02-21,08:41,17:41,9.0,IoT Monitoring,UI Design,Completed,92,15,1.0,4,1.8,1,6,88,11,9,4.8,Medium,Improving
EMP012,Ryan Ford,UI/UX,2026-02-23,09:21,17:15,7.9,HR System,Testing,In Progress,94,11,0.0,1,2.4,9,6,94,10,10,5.0,Low,Improving
EMP012,Ryan Ford,UI/UX,2026-02-24,09:03,17:03,8.0,HR System,Database Update,Pending,90,29,0.0,2,1.6,1,3,82,9,7,5.0,Low,Improving
EMP012,Ryan Ford,UI/UX,2026-02-25,09:29,18:23,8.9,HR System,Bug Fixing,Pending,83,39,0.9,4,0.7,2,8,73,5,5,4.9,Low,Improving
EMP012,Ryan Ford,UI/UX,2026-02-26,08:10,17:16,9.1,IoT Monitoring,API Integration,Completed,89,11,1.1,5,2.4,4,7,85,9,9,5.0,Medium,Improving
EMP012,Ryan Ford,UI/UX,2026-02-27,08:33,17:27,8.9,IoT Monitoring,Documentation,Pending,90,22,0.9,5,1.7,10,7,84,6,6,5.0,Low,Improving
EMP012,Ryan Ford,UI/UX,2026-02-28,08:18,17:06,8.8,Client Portal,Bug Fixing,In Progress,99,25,0.8,3,1.3,2,5,95,9,9,5.0,Low,Improving
EMP012,Ryan Ford,UI/UX,2026-03-02,08:57,16:57,8.0,AI Analytics,Client Support,Pending,100,11,0.0,1,0.9,5,4,93,9,3,5.0,Low,Improving
EMP012,Ryan Ford,UI/UX,2026-03-03,08:52,16:52,8.0,Mobile App,Bug Fixing,In Progress,85,15,0.0,4,2.7,2,2,85,12,7,4.4,Low,Improving
EMP012,Ryan Ford,UI/UX,2026-03-04,09:16,17:34,8.3,AI Analytics,Database Update,Pending,87,34,0.3,4,2.9,6,8,78,6,3,4.8,Low,Improving
EMP012,Ryan Ford,UI/UX,2026-03-05,10:24,18:00,7.6,AI Analytics,Testing,Completed,95,38,0.0,5,3.0,5,7,87,15,4,5.0,Low,Improving
EMP012,Ryan Ford,UI/UX,2026-03-06,09:23,18:11,8.8,Mobile App,Testing,Pending,88,19,0.8,2,2.0,5,6,83,11,8,4.6,Low,Improving
EMP012,Ryan Ford,UI/UX,2026-03-07,08:06,17:36,9.5,Client Portal,Bug Fixing,Pending,98,11,1.5,5,1.3,6,0,96,14,6,5.0,Medium,Improving
EMP012,Ryan Ford,UI/UX,2026-03-09,09:40,17:16,7.6,CRM Dashboard,Database Update,In Progress,86,23,0.0,3,2.7,2,6,78,12,12,4.7,Low,Improving
EMP012,Ryan Ford,UI/UX,2026-03-10,09:38,17:56,8.3,Mobile App,Documentation,Completed,85,40,0.3,5,1.3,5,6,79,7,7,5.0,Low,Improving
EMP012,Ryan Ford,UI/UX,2026-03-11,08:02,17:14,9.2,IoT Monitoring,Model Training,Pending,85,11,1.2,6,2.2,7,6,75,11,11,4.5,Medium,Improving
EMP012,Ryan Ford,UI/UX,2026-03-12,08:59,16:41,7.7,IoT Monitoring,Bug Fixing,Completed,88,28,0.0,5,1.7,3,1,87,5,3,4.9,Low,Improving
EMP012,Ryan Ford,UI/UX,2026-03-13,08:08,17:20,9.2,CRM Dashboard,UI Design,Pending,82,27,1.2,1,2.7,8,4,82,8,8,4.6,Medium,Improving
EMP012,Ryan Ford,UI/UX,2026-03-14,10:06,17:42,7.6,AI Analytics,Client Support,In Progress,90,27,0.0,1,2.0,6,1,88,12,12,4.7,Low,Improving
EMP012,Ryan Ford,UI/UX,2026-03-16,10:56,19:08,8.2,Mobile App,Bug Fixing,Pending,98,13,0.2,2,2.9,9,5,98,12,11,5.0,Low,Improving
EMP012,Ryan Ford,UI/UX,2026-03-17,08:40,17:34,8.9,HR System,Testing,Pending,82,16,0.9,4,0.9,10,6,80,12,6,4.9,Low,Improving
EMP012,Ryan Ford,UI/UX,2026-03-18,10:00,18:36,8.6,Mobile App,Testing,Completed,92,32,0.6,3,0.9,9,2,91,11,9,4.7,Low,Improving
EMP012,Ryan Ford,UI/UX,2026-03-19,09:05,17:53,8.8,Mobile App,Model Training,Completed,86,22,0.8,2,2.1,7,0,79,8,8,4.7,Low,Improving
EMP012,Ryan Ford,UI/UX,2026-03-20,09:08,17:56,8.8,Client Portal,Testing,Completed,94,34,0.8,1,0.6,4,3,90,10,10,5.0,Low,Improving
EMP012,Ryan Ford,UI/UX,2026-03-21,10:15,17:57,7.7,Client Portal,API Integration,Pending,93,40,0.0,5,0.9,4,8,93,13,12,5.0,Low,Improving
EMP012,Ryan Ford,UI/UX,2026-03-23,10:17,19:23,9.1,IoT Monitoring,API Integration,Completed,98,40,1.1,4,1.9,8,7,91,13,11,5.0,Medium,Improving
EMP012,Ryan Ford,UI/UX,2026-03-24,08:37,16:55,8.3,CRM Dashboard,Database Update,Completed,96,28,0.3,6,2.3,10,5,87,11,11,5.0,Low,Improving
EMP012,Ryan Ford,UI/UX,2026-03-25,10:41,19:59,9.3,HR System,Database Update,Pending,86,18,1.3,1,2.7,8,1,76,6,5,4.8,Medium,Improving
EMP012,Ryan Ford,UI/UX,2026-03-26,08:45,17:03,8.3,HR System,Documentation,In Progress,99,40,0.3,3,0.7,10,8,95,11,7,5.0,Low,Improving
EMP012,Ryan Ford,UI/UX,2026-03-27,09:28,18:34,9.1,IoT Monitoring,Testing,Pending,91,20,1.1,5,1.8,5,7,90,6,6,5.0,Medium,Improving
EMP012,Ryan Ford,UI/UX,2026-03-28,08:22,17:16,8.9,AI Analytics,Model Training,Completed,81,27,0.9,3,0.6,4,5,77,7,7,4.1,Low,Improving
EMP012,Ryan Ford,UI/UX,2026-03-29,09:58,18:28,8.5,CRM Dashboard,Client Support,In Progress,95,25,0.5,1,2.9,4,8,91,11,8,5.0,Low,Improving
EMP012,Ryan Ford,UI/UX,2026-03-30,09:03,18:27,9.4,AI Analytics,Bug Fixing,Completed,94,17,1.4,1,2.4,6,4,91,6,6,5.0,Medium,Improving
EMP012,Ryan Ford,UI/UX,2026-03-31,09:33,18:09,8.6,Mobile App,Database Update,In Progress,93,21,0.6,2,1.6,5,4,84,12,12,5.0,Low,Improving
EMP012,Ryan Ford,UI/UX,2026-04-01,09:47,18:11,8.4,Client Portal,Documentation,Completed,92,22,0.4,4,2.9,8,1,85,7,7,5.0,Low,Improving
EMP012,Ryan Ford,UI/UX,2026-04-02,09:39,17:45,8.1,Client Portal,Client Support,Completed,93,35,0.1,6,1.7,1,3,85,12,10,5.0,Low,Improving
EMP012,Ryan Ford,UI/UX,2026-04-03,10:47,19:41,8.9,Mobile App,Database Update,Completed,86,40,0.9,5,1.6,10,3,84,8,6,5.0,Low,Improving
EMP012,Ryan Ford,UI/UX,2026-04-04,08:30,17:30,9.0,Client Portal,UI Design,Pending,82,27,1.0,6,1.4,8,5,77,9,9,4.9,Medium,Improving
EMP012,Ryan Ford,UI/UX,2026-04-05,09:48,18:12,8.4,Client Portal,Bug Fixing,Completed,94,24,0.4,3,0.6,10,7,93,14,8,5.0,Low,Improving
EMP012,Ryan Ford,UI/UX,2026-04-06,08:48,18:00,9.2,HR System,Testing,In Progress,92,14,1.2,3,1.2,2,6,88,14,9,4.8,Medium,Improving
EMP012,Ryan Ford,UI/UX,2026-04-07,09:32,18:14,8.7,Client Portal,Database Update,In Progress,88,39,0.7,1,1.2,1,4,79,6,6,4.5,Low,Improving
EMP012,Ryan Ford,UI/UX,2026-04-08,08:45,17:39,8.9,CRM Dashboard,Database Update,Pending,93,30,0.9,5,2.7,10,2,93,11,8,5.0,Low,Improving
EMP012,Ryan Ford,UI/UX,2026-04-09,10:00,19:06,9.1,IoT Monitoring,Bug Fixing,Completed,99,33,1.1,2,2.2,6,4,91,6,6,5.0,Medium,Improving
EMP012,Ryan Ford,UI/UX,2026-04-10,08:06,16:48,8.7,Client Portal,UI Design,Completed,81,20,0.7,1,1.7,2,3,80,13,6,4.5,Low,Improving
EMP012,Ryan Ford,UI/UX,2026-04-11,10:30,19:06,8.6,IoT Monitoring,UI Design,In Progress,100,31,0.6,2,2.3,5,0,99,8,8,5.0,Low,Improving
EMP012,Ryan Ford,UI/UX,2026-04-13,10:19,19:37,9.3,IoT Monitoring,Model Training,Completed,100,25,1.3,4,0.6,8,1,95,12,5,5.0,Medium,Improving
EMP012,Ryan Ford,UI/UX,2026-04-14,10:28,19:58,9.5,Client Portal,Documentation,In Progress,92,11,1.5,3,2.2,9,4,91,11,7,4.7,Medium,Improving
EMP012,Ryan Ford,UI/UX,2026-04-15,10:02,18:38,8.6,CRM Dashboard,Client Support,Pending,90,32,0.6,2,1.6,2,0,87,13,13,4.9,Low,Improving
EMP012,Ryan Ford,UI/UX,2026-04-16,10:41,19:59,9.3,AI Analytics,Bug Fixing,Pending,91,33,1.3,3,2.6,8,1,82,7,6,5.0,Medium,Improving
EMP012,Ryan Ford,UI/UX,2026-04-17,09:50,18:32,8.7,Mobile App,Model Training,In Progress,99,37,0.7,1,1.6,10,8,99,12,11,5.0,Low,Improving
EMP012,Ryan Ford,UI/UX,2026-04-18,08:35,17:47,9.2,IoT Monitoring,Documentation,Completed,84,32,1.2,1,1.5,2,0,82,14,4,4.7,Medium,Improving
EMP012,Ryan Ford,UI/UX,2026-04-20,08:55,16:37,7.7,IoT Monitoring,Client Support,Pending,83,19,0.0,2,2.1,1,4,75,14,13,4.9,Low,Improving
EMP012,Ryan Ford,UI/UX,2026-04-21,10:33,18:27,7.9,Mobile App,Bug Fixing,Pending,98,13,0.0,1,2.5,2,5,89,12,4,5.0,Low,Improving
EMP012,Ryan Ford,UI/UX,2026-04-22,09:04,17:28,8.4,HR System,UI Design,Completed,90,40,0.4,5,2.8,2,6,90,14,12,4.8,Low,Improving
EMP012,Ryan Ford,UI/UX,2026-04-23,10:31,19:43,9.2,HR System,UI Design,Completed,97,35,1.2,5,1.8,5,3,87,9,9,5.0,Medium,Improving
EMP012,Ryan Ford,UI/UX,2026-04-24,09:04,17:28,8.4,AI Analytics,Database Update,In Progress,88,35,0.4,4,1.0,1,3,88,15,11,5.0,Low,Improving
EMP012,Ryan Ford,UI/UX,2026-04-25,09:35,17:47,8.2,IoT Monitoring,Client Support,Pending,92,20,0.2,4,1.9,7,8,83,10,8,5.0,Low,Improving
EMP012,Ryan Ford,UI/UX,2026-04-27,10:43,20:07,9.4,Mobile App,Documentation,Pending,83,14,1.4,5,2.0,4,8,81,13,6,5.0,Medium,Improving
EMP012,Ryan Ford,UI/UX,2026-04-28,08:30,17:00,8.5,AI Analytics,Model Training,Completed,97,15,0.5,1,0.9,9,0,87,15,7,5.0,Low,Improving
EMP012,Ryan Ford,UI/UX,2026-04-29,10:29,19:23,8.9,CRM Dashboard,API Integration,Completed,94,11,0.9,2,1.3,7,0,92,9,9,4.8,Low,Improving
EMP012,Ryan Ford,UI/UX,2026-04-30,08:51,17:57,9.1,Client Portal,Documentation,Completed,82,19,1.1,2,2.3,9,2,72,10,3,5.0,Medium,Improving
EMP012,Ryan Ford,UI/UX,2026-05-01,09:33,17:33,8.0,CRM Dashboard,Client Support,In Progress,93,20,0.0,2,0.6,9,0,88,11,7,5.0,Low,Improving
EMP012,Ryan Ford,UI/UX,2026-05-02,08:01,16:37,8.6,HR System,Bug Fixing,In Progress,81,13,0.6,3,1.0,6,2,71,9,9,4.6,Low,Improving
EMP012,Ryan Ford,UI/UX,2026-05-04,08:07,16:43,8.6,AI Analytics,Testing,Pending,92,40,0.6,1,2.1,8,4,86,13,6,5.0,Low,Improving
EMP012,Ryan Ford,UI/UX,2026-05-05,08:35,16:17,7.7,HR System,UI Design,Pending,87,36,0.0,1,1.3,2,6,87,13,13,4.9,Low,Improving
EMP012,Ryan Ford,UI/UX,2026-05-06,08:49,17:13,8.4,CRM Dashboard,UI Design,In Progress,93,20,0.4,6,2.0,7,8,88,13,11,5.0,Low,Improving
EMP012,Ryan Ford,UI/UX,2026-05-07,10:19,18:01,7.7,HR System,Database Update,Completed,88,40,0.0,5,2.1,1,7,83,13,13,4.4,Low,Improving
EMP012,Ryan Ford,UI/UX,2026-05-08,08:52,18:16,9.4,HR System,Documentation,In Progress,99,37,1.4,4,1.0,5,6,93,9,7,5.0,Medium,Improving
EMP012,Ryan Ford,UI/UX,2026-05-09,09:09,18:09,9.0,IoT Monitoring,Testing,Pending,95,30,1.0,2,1.6,3,6,95,15,14,5.0,Medium,Improving
EMP012,Ryan Ford,UI/UX,2026-05-11,10:20,18:44,8.4,Client Portal,Database Update,Completed,94,21,0.4,5,2.3,8,5,89,9,9,5.0,Low,Improving
EMP012,Ryan Ford,UI/UX,2026-05-12,09:47,17:47,8.0,CRM Dashboard,Documentation,Completed,88,31,0.0,6,1.6,4,1,85,13,7,4.6,Low,Improving
EMP012,Ryan Ford,UI/UX,2026-05-13,08:05,15:35,7.5,Client Portal,Model Training,Pending,84,16,0.0,4,1.2,6,8,75,10,8,4.8,Low,Improving
EMP012,Ryan Ford,UI/UX,2026-05-14,09:33,18:21,8.8,HR System,UI Design,Pending,99,19,0.8,6,0.9,8,1,92,5,5,5.0,Low,Improving
EMP012,Ryan Ford,UI/UX,2026-05-15,08:05,16:29,8.4,IoT Monitoring,UI Design,Pending,100,23,0.4,6,1.2,4,4,94,12,11,5.0,Low,Improving
EMP012,Ryan Ford,UI/UX,2026-05-16,09:29,17:41,8.2,Client Portal,Model Training,Pending,89,31,0.2,4,2.1,9,0,79,15,12,5.0,Low,Improving
EMP012,Ryan Ford,UI/UX,2026-05-18,10:41,18:59,8.3,Client Portal,UI Design,Completed,98,40,0.3,2,2.8,1,1,98,15,6,5.0,Low,Improving
EMP012,Ryan Ford,UI/UX,2026-05-19,08:11,16:29,8.3,AI Analytics,Database Update,In Progress,98,12,0.3,2,2.4,10,4,97,14,9,5.0,Low,Improving
EMP013,Darrell Shaw,Development,2026-02-19,10:35,19:53,9.3,AI Analytics,Client Support,Completed,98,29,1.3,1,1.9,1,1,94,13,10,5.0,Medium,Improving
EMP013,Darrell Shaw,Development,2026-02-20,08:26,17:14,8.8,IoT Monitoring,Client Support,In Progress,95,34,0.8,5,2.9,3,2,86,11,11,5.0,Low,Improving
EMP013,Darrell Shaw,Development,2026-02-21,09:33,18:27,8.9,IoT Monitoring,Client Support,In Progress,100,20,0.9,6,2.0,3,2,91,10,10,5.0,Low,Improving
EMP013,Darrell Shaw,Development,2026-02-23,10:49,19:43,8.9,Client Portal,Testing,Pending,83,31,0.9,1,1.0,8,5,80,7,7,4.9,Low,Improving
EMP013,Darrell Shaw,Development,2026-02-24,08:12,16:06,7.9,Mobile App,API Integration,Pending,100,22,0.0,1,1.2,7,0,94,15,15,5.0,Low,Improving
EMP013,Darrell Shaw,Development,2026-02-25,08:35,17:29,8.9,AI Analytics,Documentation,In Progress,94,38,0.9,5,2.8,7,6,90,9,3,5.0,Low,Improving
EMP013,Darrell Shaw,Development,2026-02-26,08:37,17:07,8.5,Mobile App,Model Training,In Progress,100,13,0.5,1,0.8,10,8,98,11,11,5.0,Low,Improving
EMP013,Darrell Shaw,Development,2026-02-27,09:19,18:37,9.3,Client Portal,UI Design,Pending,94,17,1.3,1,1.5,8,7,94,10,8,4.7,Medium,Improving
EMP013,Darrell Shaw,Development,2026-02-28,09:37,17:25,7.8,AI Analytics,Database Update,In Progress,94,35,0.0,4,1.5,10,5,87,15,13,4.8,Low,Improving
EMP013,Darrell Shaw,Development,2026-03-02,09:28,17:10,7.7,Mobile App,Documentation,In Progress,90,30,0.0,6,1.4,3,1,88,13,8,5.0,Low,Improving
EMP013,Darrell Shaw,Development,2026-03-03,10:51,19:21,8.5,IoT Monitoring,Bug Fixing,Pending,91,21,0.5,5,1.8,10,2,86,12,7,5.0,Low,Improving
EMP013,Darrell Shaw,Development,2026-03-04,09:51,18:33,8.7,IoT Monitoring,Database Update,In Progress,93,35,0.7,5,2.7,2,1,85,5,5,5.0,Low,Improving
EMP013,Darrell Shaw,Development,2026-03-05,10:31,18:25,7.9,AI Analytics,API Integration,Completed,87,19,0.0,5,0.5,5,4,84,12,9,4.6,Low,Improving
EMP013,Darrell Shaw,Development,2026-03-06,08:21,17:21,9.0,CRM Dashboard,Bug Fixing,Pending,87,18,1.0,2,0.7,9,7,84,14,5,5.0,Medium,Improving
EMP013,Darrell Shaw,Development,2026-03-07,10:08,19:38,9.5,CRM Dashboard,Bug Fixing,Pending,85,26,1.5,1,1.0,9,5,80,13,7,4.4,Medium,Improving
EMP013,Darrell Shaw,Development,2026-03-09,09:32,17:38,8.1,Mobile App,Testing,Pending,93,28,0.1,6,1.5,5,8,84,9,6,5.0,Low,Improving
EMP013,Darrell Shaw,Development,2026-03-10,08:59,17:05,8.1,HR System,Documentation,Completed,95,17,0.1,5,0.8,5,2,92,7,7,4.8,Low,Improving
EMP013,Darrell Shaw,Development,2026-03-11,10:59,19:11,8.2,AI Analytics,UI Design,Completed,95,29,0.2,3,1.9,5,8,87,15,5,5.0,Low,Improving
EMP013,Darrell Shaw,Development,2026-03-12,08:03,15:57,7.9,AI Analytics,API Integration,Completed,100,23,0.0,6,1.9,6,1,99,15,7,5.0,Low,Improving
EMP013,Darrell Shaw,Development,2026-03-13,08:35,16:17,7.7,CRM Dashboard,Bug Fixing,Completed,85,13,0.0,6,2.0,1,5,75,12,6,4.5,Low,Improving
EMP013,Darrell Shaw,Development,2026-03-14,09:13,16:49,7.6,Mobile App,Documentation,In Progress,93,30,0.0,6,2.7,6,0,84,14,8,5.0,Low,Improving
EMP013,Darrell Shaw,Development,2026-03-16,09:15,18:15,9.0,IoT Monitoring,Client Support,In Progress,94,33,1.0,4,1.4,10,7,89,14,8,5.0,Medium,Improving
EMP013,Darrell Shaw,Development,2026-03-17,08:36,18:06,9.5,AI Analytics,Database Update,Completed,100,30,1.5,5,0.7,7,5,95,13,3,5.0,Medium,Improving
EMP013,Darrell Shaw,Development,2026-03-18,10:00,19:06,9.1,CRM Dashboard,API Integration,Completed,90,30,1.1,1,0.6,1,2,80,14,14,5.0,Medium,Improving
EMP013,Darrell Shaw,Development,2026-03-19,10:57,18:57,8.0,Client Portal,Documentation,In Progress,86,19,0.0,1,2.6,2,7,80,6,6,4.4,Low,Improving
EMP013,Darrell Shaw,Development,2026-03-20,09:13,17:01,7.8,HR System,Documentation,Completed,89,23,0.0,6,2.1,10,7,89,13,12,4.6,Low,Improving
EMP013,Darrell Shaw,Development,2026-03-21,09:09,17:27,8.3,Client Portal,API Integration,Pending,96,12,0.3,2,1.8,2,3,96,11,11,5.0,Low,Improving
EMP013,Darrell Shaw,Development,2026-03-23,08:08,16:08,8.0,IoT Monitoring,Bug Fixing,Pending,100,29,0.0,6,2.1,7,0,98,14,14,5.0,Low,Improving
EMP013,Darrell Shaw,Development,2026-03-24,10:07,18:55,8.8,CRM Dashboard,UI Design,In Progress,89,12,0.8,1,1.5,9,2,89,10,10,5.0,Low,Improving
EMP013,Darrell Shaw,Development,2026-03-25,08:03,16:15,8.2,Client Portal,UI Design,Pending,93,12,0.2,3,2.2,9,3,84,9,9,5.0,Low,Improving
EMP013,Darrell Shaw,Development,2026-03-26,10:23,19:29,9.1,HR System,Testing,Pending,100,10,1.1,4,1.6,8,2,92,15,12,5.0,Medium,Improving
EMP013,Darrell Shaw,Development,2026-03-27,09:47,17:29,7.7,CRM Dashboard,UI Design,Completed,91,14,0.0,2,2.4,6,0,87,7,3,5.0,Low,Improving
EMP013,Darrell Shaw,Development,2026-03-28,10:44,19:08,8.4,IoT Monitoring,API Integration,Pending,86,24,0.4,5,1.0,10,7,86,6,6,5.0,Low,Improving
EMP013,Darrell Shaw,Development,2026-03-29,09:05,17:23,8.3,AI Analytics,Bug Fixing,Completed,86,13,0.3,1,2.0,2,5,80,6,6,4.6,Low,Improving
EMP013,Darrell Shaw,Development,2026-03-30,10:54,19:06,8.2,CRM Dashboard,Bug Fixing,Pending,99,27,0.2,2,2.0,5,6,96,8,8,5.0,Low,Improving
EMP013,Darrell Shaw,Development,2026-03-31,09:56,18:44,8.8,AI Analytics,Model Training,In Progress,95,11,0.8,6,0.6,6,4,93,5,5,5.0,Low,Improving
EMP013,Darrell Shaw,Development,2026-04-01,10:23,18:41,8.3,Client Portal,Client Support,Completed,88,30,0.3,3,1.6,7,4,79,14,12,5.0,Low,Improving
EMP013,Darrell Shaw,Development,2026-04-02,10:31,18:49,8.3,Mobile App,Model Training,Pending,91,19,0.3,3,1.6,3,6,88,14,3,5.0,Low,Improving
EMP013,Darrell Shaw,Development,2026-04-03,09:43,18:25,8.7,CRM Dashboard,Model Training,Pending,96,30,0.7,2,1.6,3,7,92,11,9,5.0,Low,Improving
EMP013,Darrell Shaw,Development,2026-04-04,09:52,18:28,8.6,Client Portal,UI Design,Completed,88,40,0.6,1,1.1,9,7,87,11,5,4.6,Low,Improving
EMP013,Darrell Shaw,Development,2026-04-06,08:20,17:38,9.3,Mobile App,Database Update,Pending,83,40,1.3,3,1.2,10,3,81,10,10,4.8,Medium,Improving
EMP013,Darrell Shaw,Development,2026-04-07,08:46,18:10,9.4,Client Portal,Testing,Completed,89,21,1.4,4,1.2,8,3,79,12,5,5.0,Medium,Improving
EMP013,Darrell Shaw,Development,2026-04-08,10:27,19:03,8.6,AI Analytics,Documentation,Completed,100,38,0.6,4,2.0,3,1,95,15,5,5.0,Low,Improving
EMP013,Darrell Shaw,Development,2026-04-09,10:26,19:20,8.9,Client Portal,Model Training,In Progress,100,31,0.9,6,2.2,8,4,96,9,9,5.0,Low,Improving
EMP013,Darrell Shaw,Development,2026-04-10,10:55,19:01,8.1,CRM Dashboard,Documentation,Completed,89,20,0.1,4,1.6,4,7,84,11,11,5.0,Low,Improving
EMP013,Darrell Shaw,Development,2026-04-11,10:11,17:53,7.7,HR System,Documentation,Completed,99,29,0.0,5,1.4,4,0,97,5,5,5.0,Low,Improving
EMP013,Darrell Shaw,Development,2026-04-12,09:24,18:30,9.1,Mobile App,Model Training,Completed,91,19,1.1,3,1.4,2,5,82,14,7,5.0,Medium,Improving
EMP013,Darrell Shaw,Development,2026-04-13,10:45,19:51,9.1,CRM Dashboard,API Integration,Pending,92,29,1.1,1,0.9,10,1,83,15,15,5.0,Medium,Improving
EMP013,Darrell Shaw,Development,2026-04-14,10:36,18:54,8.3,HR System,Documentation,In Progress,85,22,0.3,6,1.5,4,2,81,11,3,4.5,Low,Improving
EMP013,Darrell Shaw,Development,2026-04-15,10:48,19:54,9.1,CRM Dashboard,UI Design,Completed,86,34,1.1,4,1.2,10,6,82,8,8,4.8,Medium,Improving
EMP013,Darrell Shaw,Development,2026-04-16,09:56,18:32,8.6,IoT Monitoring,UI Design,Completed,91,21,0.6,5,1.0,5,1,83,14,14,4.9,Low,Improving
EMP013,Darrell Shaw,Development,2026-04-17,10:41,20:05,9.4,IoT Monitoring,Documentation,Completed,100,34,1.4,6,1.8,2,3,96,11,5,5.0,Medium,Improving
EMP013,Darrell Shaw,Development,2026-04-18,09:44,18:08,8.4,IoT Monitoring,Database Update,Completed,85,39,0.4,3,2.4,6,3,78,6,6,4.5,Low,Improving
EMP013,Darrell Shaw,Development,2026-04-20,10:26,19:38,9.2,AI Analytics,UI Design,Completed,86,10,1.2,6,1.7,8,1,83,14,3,4.8,Medium,Improving
EMP013,Darrell Shaw,Development,2026-04-21,09:28,17:28,8.0,HR System,Database Update,In Progress,94,15,0.0,3,1.5,10,2,90,12,3,4.9,Low,Improving
EMP013,Darrell Shaw,Development,2026-04-22,09:13,17:25,8.2,HR System,Documentation,Pending,94,10,0.2,4,1.9,4,3,86,8,4,4.8,Low,Improving
EMP013,Darrell Shaw,Development,2026-04-23,08:25,17:49,9.4,Mobile App,Bug Fixing,Completed,89,18,1.4,5,2.1,1,8,84,8,8,5.0,Medium,Improving
EMP013,Darrell Shaw,Development,2026-04-24,09:51,18:27,8.6,IoT Monitoring,Bug Fixing,Pending,98,16,0.6,1,1.5,3,0,88,10,10,5.0,Low,Improving
EMP013,Darrell Shaw,Development,2026-04-25,10:08,17:50,7.7,IoT Monitoring,Model Training,In Progress,100,21,0.0,6,1.0,1,0,96,7,7,5.0,Low,Improving
EMP013,Darrell Shaw,Development,2026-04-26,10:49,18:31,7.7,Client Portal,Database Update,Pending,95,35,0.0,6,1.6,1,8,93,12,5,4.9,Low,Improving
EMP013,Darrell Shaw,Development,2026-04-27,10:27,19:39,9.2,IoT Monitoring,Database Update,Pending,98,38,1.2,1,2.2,2,8,89,12,6,5.0,Medium,Improving
EMP013,Darrell Shaw,Development,2026-04-28,09:50,18:38,8.8,CRM Dashboard,Documentation,Completed,90,36,0.8,2,2.8,7,7,82,7,4,4.9,Low,Improving
EMP013,Darrell Shaw,Development,2026-04-29,09:05,17:29,8.4,Client Portal,Client Support,In Progress,87,20,0.4,4,1.0,2,6,78,15,7,4.7,Low,Improving
EMP013,Darrell Shaw,Development,2026-04-30,10:44,19:08,8.4,IoT Monitoring,Testing,Completed,91,32,0.4,1,1.2,5,1,89,13,13,4.7,Low,Improving
EMP013,Darrell Shaw,Development,2026-05-01,08:17,17:23,9.1,Client Portal,Testing,Completed,100,15,1.1,5,0.5,10,6,92,14,10,5.0,Medium,Improving
EMP013,Darrell Shaw,Development,2026-05-02,08:42,17:48,9.1,Client Portal,Model Training,Pending,83,17,1.1,6,2.2,1,0,78,5,5,5.0,Medium,Improving
EMP013,Darrell Shaw,Development,2026-05-04,09:05,16:59,7.9,CRM Dashboard,Database Update,Pending,100,31,0.0,1,2.5,4,4,91,10,10,5.0,Low,Improving
EMP013,Darrell Shaw,Development,2026-05-05,09:48,18:12,8.4,Client Portal,API Integration,Pending,83,25,0.4,5,2.3,1,2,78,6,6,4.6,Low,Improving
EMP013,Darrell Shaw,Development,2026-05-06,10:14,18:26,8.2,IoT Monitoring,Model Training,Completed,95,28,0.2,6,2.5,6,3,87,12,11,5.0,Low,Improving
EMP013,Darrell Shaw,Development,2026-05-07,10:55,19:25,8.5,Mobile App,API Integration,Pending,99,24,0.5,6,1.2,6,0,92,9,4,5.0,Low,Improving
EMP013,Darrell Shaw,Development,2026-05-08,08:04,16:10,8.1,Mobile App,Documentation,Pending,97,27,0.1,3,2.7,8,8,87,8,8,5.0,Low,Improving
EMP013,Darrell Shaw,Development,2026-05-09,10:10,18:40,8.5,Client Portal,Model Training,Pending,83,34,0.5,4,1.4,6,1,76,11,11,4.2,Low,Improving
EMP013,Darrell Shaw,Development,2026-05-11,08:08,17:26,9.3,Client Portal,Model Training,Pending,92,23,1.3,3,2.5,9,2,91,15,6,5.0,Medium,Improving
EMP013,Darrell Shaw,Development,2026-05-12,10:17,18:29,8.2,HR System,Client Support,Completed,99,13,0.2,6,1.3,10,5,95,11,6,5.0,Low,Improving
EMP013,Darrell Shaw,Development,2026-05-13,08:46,17:34,8.8,Client Portal,Model Training,In Progress,88,33,0.8,2,3.0,5,3,83,5,5,5.0,Low,Improving
EMP013,Darrell Shaw,Development,2026-05-14,09:50,17:50,8.0,AI Analytics,UI Design,Completed,96,29,0.0,3,0.5,9,8,96,6,6,5.0,Low,Improving
EMP013,Darrell Shaw,Development,2026-05-15,09:49,18:25,8.6,HR System,Model Training,In Progress,96,17,0.6,2,0.9,1,6,90,7,7,5.0,Low,Improving
EMP013,Darrell Shaw,Development,2026-05-16,09:49,17:25,7.6,IoT Monitoring,Database Update,Pending,99,23,0.0,2,1.5,3,1,99,6,6,5.0,Low,Improving
EMP013,Darrell Shaw,Development,2026-05-17,10:37,19:07,8.5,IoT Monitoring,UI Design,Pending,100,28,0.5,2,1.0,3,7,97,13,9,5.0,Low,Improving
EMP013,Darrell Shaw,Development,2026-05-18,08:53,17:11,8.3,AI Analytics,Documentation,Pending,85,23,0.3,3,1.3,3,1,81,6,6,4.4,Low,Improving
EMP013,Darrell Shaw,Development,2026-05-19,08:27,16:09,7.7,Mobile App,UI Design,Pending,87,39,0.0,3,2.0,5,5,86,8,8,4.6,Low,Improving
EMP014,Angela Hudson,AI/ML,2026-02-19,09:07,16:13,7.1,Mobile App,Documentation,Completed,78,33,0.0,6,2.9,5,1,76,10,8,4.1,Low,Stable
EMP014,Angela Hudson,AI/ML,2026-02-20,10:00,17:06,7.1,Mobile App,Testing,In Progress,78,61,0.0,2,2.6,7,5,68,11,6,4.7,Low,Stable
EMP014,Angela Hudson,AI/ML,2026-02-21,08:32,15:20,6.8,AI Analytics,Documentation,Completed,77,39,0.0,1,1.5,6,8,69,7,7,4.5,Low,Stable
EMP014,Angela Hudson,AI/ML,2026-02-23,10:47,17:41,6.9,HR System,Bug Fixing,Completed,76,39,0.0,5,2.6,7,8,72,10,10,4.5,Low,Stable
EMP014,Angela Hudson,AI/ML,2026-02-24,09:19,17:13,7.9,Mobile App,Client Support,In Progress,76,51,0.0,1,2.5,3,2,69,6,4,4.7,Low,Stable
EMP014,Angela Hudson,AI/ML,2026-02-25,10:00,18:36,8.6,AI Analytics,Testing,In Progress,86,44,0.6,1,1.0,2,1,80,12,12,5.0,Low,Improving
EMP014,Angela Hudson,AI/ML,2026-02-26,10:32,18:50,8.3,CRM Dashboard,Model Training,In Progress,81,56,0.3,1,2.8,3,2,77,14,3,4.9,Low,Improving
EMP014,Angela Hudson,AI/ML,2026-02-27,09:17,16:05,6.8,Client Portal,Bug Fixing,Pending,85,69,0.0,5,1.4,10,3,81,10,10,4.9,Low,Improving
EMP014,Angela Hudson,AI/ML,2026-02-28,10:22,18:28,8.1,Mobile App,Model Training,Pending,86,46,0.1,3,2.5,2,4,76,13,5,4.5,Low,Improving
EMP014,Angela Hudson,AI/ML,2026-03-02,09:12,16:06,6.9,CRM Dashboard,Model Training,Pending,70,36,0.0,6,1.3,1,6,63,5,5,4.4,Low,Stable
EMP014,Angela Hudson,AI/ML,2026-03-03,09:29,15:59,6.5,HR System,Database Update,Pending,82,65,0.0,5,1.4,5,6,79,14,13,4.7,Low,Improving
EMP014,Angela Hudson,AI/ML,2026-03-04,08:53,15:47,6.9,HR System,Bug Fixing,Completed,84,38,0.0,5,2.9,10,0,83,7,7,4.9,Low,Improving
EMP014,Angela Hudson,AI/ML,2026-03-05,08:02,16:56,8.9,Mobile App,Bug Fixing,Pending,81,59,0.9,4,2.6,6,7,78,8,8,4.3,Low,Improving
EMP014,Angela Hudson,AI/ML,2026-03-06,10:02,17:32,7.5,Mobile App,Testing,Completed,88,57,0.0,4,2.4,1,4,83,11,9,5.0,Low,Improving
EMP014,Angela Hudson,AI/ML,2026-03-07,09:33,17:33,8.0,Client Portal,Client Support,Completed,88,69,0.0,6,1.4,1,3,80,6,6,5.0,Low,Improving
EMP014,Angela Hudson,AI/ML,2026-03-09,10:52,19:28,8.6,HR System,Testing,Completed,68,30,0.6,5,0.6,2,6,58,6,6,4.3,Low,Stable
EMP014,Angela Hudson,AI/ML,2026-03-10,08:01,15:37,7.6,CRM Dashboard,Documentation,Completed,81,38,0.0,1,1.7,5,0,78,6,6,4.3,Low,Improving
EMP014,Angela Hudson,AI/ML,2026-03-11,09:53,17:11,7.3,AI Analytics,Model Training,Pending,71,66,0.0,4,2.0,9,4,66,14,8,4.4,Low,Stable
EMP014,Angela Hudson,AI/ML,2026-03-12,08:10,16:28,8.3,Mobile App,Client Support,Pending,80,69,0.3,6,1.5,2,3,71,5,3,4.8,Low,Improving
EMP014,Angela Hudson,AI/ML,2026-03-13,09:25,18:25,9.0,IoT Monitoring,Client Support,Completed,73,67,1.0,4,2.9,2,3,69,9,7,4.0,Medium,Stable
EMP014,Angela Hudson,AI/ML,2026-03-14,09:46,17:16,7.5,Client Portal,Model Training,In Progress,68,58,0.0,2,1.0,2,5,63,8,8,4.3,Low,Stable
EMP014,Angela Hudson,AI/ML,2026-03-15,09:33,17:39,8.1,IoT Monitoring,Database Update,Completed,76,32,0.1,6,0.6,4,0,67,10,7,4.3,Low,Stable
EMP014,Angela Hudson,AI/ML,2026-03-16,09:13,16:13,7.0,AI Analytics,API Integration,Completed,69,55,0.0,2,1.5,6,7,60,13,8,3.6,Low,Stable
EMP014,Angela Hudson,AI/ML,2026-03-17,09:16,16:22,7.1,IoT Monitoring,Testing,In Progress,82,69,0.0,2,2.8,6,2,79,15,6,4.1,Low,Improving
EMP014,Angela Hudson,AI/ML,2026-03-18,09:01,15:55,6.9,Client Portal,Testing,Completed,88,42,0.0,6,0.7,2,0,78,14,13,5.0,Low,Improving
EMP014,Angela Hudson,AI/ML,2026-03-19,08:07,15:49,7.7,Client Portal,Database Update,In Progress,87,67,0.0,6,2.1,2,7,81,11,4,4.4,Low,Improving
EMP014,Angela Hudson,AI/ML,2026-03-20,09:30,17:12,7.7,HR System,API Integration,In Progress,80,40,0.0,4,2.7,9,5,73,15,13,5.0,Low,Improving
EMP014,Angela Hudson,AI/ML,2026-03-21,08:27,16:33,8.1,Client Portal,Model Training,Pending,79,59,0.1,4,1.6,10,6,77,10,10,4.4,Low,Stable
EMP014,Angela Hudson,AI/ML,2026-03-23,09:15,17:03,7.8,IoT Monitoring,Model Training,In Progress,74,61,0.0,4,2.2,4,4,69,8,3,4.4,Low,Stable
EMP014,Angela Hudson,AI/ML,2026-03-24,08:06,15:18,7.2,CRM Dashboard,Testing,Pending,76,31,0.0,4,2.5,9,8,66,15,11,4.2,Low,Stable
EMP014,Angela Hudson,AI/ML,2026-03-25,10:11,17:47,7.6,AI Analytics,Database Update,Pending,83,30,0.0,5,1.9,2,0,80,10,10,4.9,Low,Improving
EMP014,Angela Hudson,AI/ML,2026-03-26,09:08,16:32,7.4,IoT Monitoring,Testing,In Progress,70,48,0.0,2,1.7,10,5,67,5,5,4.2,Low,Stable
EMP014,Angela Hudson,AI/ML,2026-03-27,08:48,16:54,8.1,CRM Dashboard,Documentation,Pending,82,43,0.1,4,2.0,5,6,81,11,8,4.2,Low,Improving
EMP014,Angela Hudson,AI/ML,2026-03-28,08:55,15:49,6.9,Client Portal,Client Support,Completed,72,48,0.0,1,2.8,8,3,66,8,4,4.3,Low,Stable
EMP014,Angela Hudson,AI/ML,2026-03-29,10:35,17:23,6.8,IoT Monitoring,Bug Fixing,Pending,78,37,0.0,1,0.6,8,7,72,10,4,4.3,Low,Stable
EMP014,Angela Hudson,AI/ML,2026-03-30,10:46,17:22,6.6,Client Portal,Database Update,In Progress,68,65,0.0,6,1.9,3,5,58,12,7,4.4,Low,Stable
EMP014,Angela Hudson,AI/ML,2026-03-31,08:09,16:27,8.3,Client Portal,Model Training,In Progress,76,44,0.3,1,1.4,7,5,69,13,10,4.3,Low,Stable
EMP014,Angela Hudson,AI/ML,2026-04-01,08:58,17:22,8.4,Mobile App,Testing,Pending,68,52,0.4,2,2.0,4,8,67,8,8,3.5,Low,Stable
EMP014,Angela Hudson,AI/ML,2026-04-02,10:23,17:53,7.5,Mobile App,Model Training,In Progress,70,44,0.0,2,2.4,6,4,67,15,4,4.1,Low,Stable
EMP014,Angela Hudson,AI/ML,2026-04-03,09:09,17:03,7.9,HR System,Bug Fixing,Pending,73,33,0.0,5,0.8,9,7,67,11,5,3.8,Low,Stable
EMP014,Angela Hudson,AI/ML,2026-04-04,08:41,15:35,6.9,Client Portal,Database Update,In Progress,74,69,0.0,4,2.9,6,7,68,9,9,4.5,Low,Stable
EMP014,Angela Hudson,AI/ML,2026-04-05,09:57,17:09,7.2,HR System,Documentation,In Progress,70,44,0.0,2,0.6,2,2,69,13,13,4.5,Low,Stable
EMP014,Angela Hudson,AI/ML,2026-04-06,10:54,17:54,7.0,HR System,Model Training,Pending,68,46,0.0,1,1.6,3,8,63,11,8,4.0,Low,Stable
EMP014,Angela Hudson,AI/ML,2026-04-07,09:09,15:51,6.7,Mobile App,Testing,Pending,86,30,0.0,6,2.8,2,8,85,8,8,4.7,Low,Improving
EMP014,Angela Hudson,AI/ML,2026-04-08,08:53,17:05,8.2,HR System,Model Training,Completed,77,66,0.2,1,1.1,1,4,77,5,5,4.6,Low,Stable
EMP014,Angela Hudson,AI/ML,2026-04-09,09:45,16:57,7.2,HR System,Client Support,Completed,71,58,0.0,3,2.0,2,6,67,14,7,4.1,Low,Stable
EMP014,Angela Hudson,AI/ML,2026-04-10,10:09,17:51,7.7,CRM Dashboard,UI Design,Pending,86,38,0.0,5,1.3,4,0,82,10,10,5.0,Low,Improving
EMP014,Angela Hudson,AI/ML,2026-04-11,09:55,18:01,8.1,AI Analytics,Documentation,Completed,81,37,0.1,2,2.1,5,7,75,10,4,4.5,Low,Improving
EMP014,Angela Hudson,AI/ML,2026-04-13,09:49,17:25,7.6,Client Portal,UI Design,Completed,78,63,0.0,4,0.7,4,3,76,5,5,4.1,Low,Stable
EMP014,Angela Hudson,AI/ML,2026-04-14,08:57,15:57,7.0,HR System,UI Design,In Progress,85,55,0.0,1,1.1,8,5,84,12,10,5.0,Low,Improving
EMP014,Angela Hudson,AI/ML,2026-04-15,10:24,17:18,6.9,CRM Dashboard,Bug Fixing,Pending,82,65,0.0,4,2.4,2,3,77,5,5,4.3,Low,Improving
EMP014,Angela Hudson,AI/ML,2026-04-16,08:51,16:45,7.9,Mobile App,Model Training,Completed,69,69,0.0,2,2.0,10,6,62,13,8,3.6,Low,Stable
EMP014,Angela Hudson,AI/ML,2026-04-17,08:06,16:36,8.5,CRM Dashboard,API Integration,Pending,87,60,0.5,4,0.6,3,3,77,5,5,4.7,Low,Improving
EMP014,Angela Hudson,AI/ML,2026-04-18,08:16,16:28,8.2,Mobile App,Client Support,In Progress,86,56,0.2,4,2.1,8,3,77,10,10,5.0,Low,Improving
EMP014,Angela Hudson,AI/ML,2026-04-20,08:45,16:51,8.1,CRM Dashboard,Documentation,In Progress,73,67,0.1,4,2.7,10,7,68,13,7,3.9,Low,Stable
EMP014,Angela Hudson,AI/ML,2026-04-21,08:07,16:37,8.5,Mobile App,Client Support,Pending,78,52,0.5,5,1.0,1,1,69,9,9,4.3,Low,Stable
EMP014,Angela Hudson,AI/ML,2026-04-22,09:05,15:59,6.9,CRM Dashboard,Documentation,Pending,78,58,0.0,4,0.7,5,8,76,14,14,3.9,Low,Stable
EMP014,Angela Hudson,AI/ML,2026-04-23,10:35,17:23,6.8,Client Portal,Testing,Pending,69,49,0.0,2,2.8,10,1,63,14,14,4.4,Low,Stable
EMP014,Angela Hudson,AI/ML,2026-04-24,10:46,18:22,7.6,Client Portal,Model Training,In Progress,69,50,0.0,4,3.0,9,7,64,10,5,4.1,Low,Stable
EMP014,Angela Hudson,AI/ML,2026-04-25,10:31,17:13,6.7,AI Analytics,Bug Fixing,Completed,77,47,0.0,5,0.9,9,7,70,6,6,4.2,Low,Stable
EMP014,Angela Hudson,AI/ML,2026-04-27,09:44,17:14,7.5,Client Portal,Documentation,Completed,69,30,0.0,6,1.9,4,0,67,15,14,4.2,Low,Stable
EMP014,Angela Hudson,AI/ML,2026-04-28,10:39,17:27,6.8,AI Analytics,Database Update,In Progress,82,40,0.0,2,2.1,9,5,76,11,11,4.8,Low,Improving
EMP014,Angela Hudson,AI/ML,2026-04-29,08:04,16:04,8.0,IoT Monitoring,Testing,Pending,71,51,0.0,6,1.1,4,2,63,7,7,4.2,Low,Stable
EMP014,Angela Hudson,AI/ML,2026-04-30,08:44,16:26,7.7,CRM Dashboard,Documentation,Pending,82,65,0.0,5,1.8,4,2,78,8,5,4.6,Low,Improving
EMP014,Angela Hudson,AI/ML,2026-05-01,08:19,16:01,7.7,IoT Monitoring,Client Support,In Progress,79,36,0.0,1,1.6,6,5,78,12,9,4.8,Low,Stable
EMP014,Angela Hudson,AI/ML,2026-05-02,10:34,17:34,7.0,Mobile App,Documentation,Pending,87,54,0.0,2,2.1,7,4,87,13,11,4.7,Low,Improving
EMP014,Angela Hudson,AI/ML,2026-05-04,08:37,16:07,7.5,AI Analytics,Bug Fixing,In Progress,68,58,0.0,4,1.2,9,0,59,9,9,3.4,Low,Stable
EMP014,Angela Hudson,AI/ML,2026-05-05,09:31,18:13,8.7,CRM Dashboard,Client Support,In Progress,85,54,0.7,5,1.6,4,0,83,8,7,4.8,Low,Improving
EMP014,Angela Hudson,AI/ML,2026-05-06,08:15,15:33,7.3,CRM Dashboard,API Integration,Pending,73,46,0.0,3,1.1,9,5,69,6,6,4.5,Low,Stable
EMP014,Angela Hudson,AI/ML,2026-05-07,09:17,17:59,8.7,CRM Dashboard,Database Update,In Progress,72,46,0.7,2,2.6,9,1,71,6,4,4.5,Low,Stable
EMP014,Angela Hudson,AI/ML,2026-05-08,10:42,19:24,8.7,Mobile App,API Integration,Pending,70,59,0.7,4,1.2,4,5,69,8,3,4.0,Low,Stable
EMP014,Angela Hudson,AI/ML,2026-05-09,08:19,17:01,8.7,HR System,Documentation,In Progress,70,30,0.7,3,0.5,9,0,63,13,13,3.6,Low,Stable
EMP014,Angela Hudson,AI/ML,2026-05-10,08:41,17:23,8.7,CRM Dashboard,Bug Fixing,Pending,82,59,0.7,3,1.8,1,6,75,5,5,4.4,Low,Improving
EMP014,Angela Hudson,AI/ML,2026-05-11,09:36,17:30,7.9,CRM Dashboard,UI Design,Pending,73,68,0.0,1,2.2,6,6,71,15,6,3.8,Low,Stable
EMP014,Angela Hudson,AI/ML,2026-05-12,09:27,16:57,7.5,AI Analytics,Bug Fixing,In Progress,84,49,0.0,1,1.5,9,1,83,10,3,4.7,Low,Improving
EMP014,Angela Hudson,AI/ML,2026-05-13,08:21,15:45,7.4,HR System,UI Design,In Progress,87,65,0.0,2,2.3,6,5,80,13,10,4.6,Low,Improving
EMP014,Angela Hudson,AI/ML,2026-05-14,10:01,17:13,7.2,CRM Dashboard,Documentation,In Progress,72,63,0.0,5,3.0,9,6,72,7,4,3.7,Low,Stable
EMP014,Angela Hudson,AI/ML,2026-05-15,10:44,17:38,6.9,CRM Dashboard,Client Support,In Progress,76,43,0.0,4,1.2,10,6,68,5,5,4.7,Low,Stable
EMP014,Angela Hudson,AI/ML,2026-05-16,08:57,17:39,8.7,AI Analytics,UI Design,Pending,73,60,0.7,1,1.5,9,8,73,6,6,3.9,Low,Stable
EMP014,Angela Hudson,AI/ML,2026-05-18,10:22,18:58,8.6,CRM Dashboard,Client Support,In Progress,73,59,0.6,5,1.9,6,1,69,7,7,4.6,Low,Stable
EMP014,Angela Hudson,AI/ML,2026-05-19,08:40,15:22,6.7,IoT Monitoring,Bug Fixing,Pending,80,33,0.0,3,2.8,10,5,71,6,6,4.5,Low,Improving
EMP015,William Castaneda,Support,2026-02-19,10:12,19:24,9.2,HR System,Testing,Pending,64,68,1.2,6,2.5,9,6,59,8,5,4.1,Medium,Stable
EMP015,William Castaneda,Support,2026-02-20,10:50,20:08,9.3,HR System,API Integration,Completed,70,98,1.3,2,0.8,2,4,60,9,9,3.9,Medium,Stable
EMP015,William Castaneda,Support,2026-02-21,10:25,20:01,9.6,Client Portal,Documentation,Completed,53,82,1.6,6,1.7,5,4,53,12,10,3.1,Medium,Declining
EMP015,William Castaneda,Support,2026-02-23,09:49,20:49,11.0,HR System,Testing,Pending,54,65,3.0,2,0.9,10,5,52,15,14,3.3,High,Declining
EMP015,William Castaneda,Support,2026-02-24,09:34,20:22,10.8,HR System,Testing,In Progress,56,98,2.8,2,1.2,5,2,49,13,11,3.6,Medium,Declining
EMP015,William Castaneda,Support,2026-02-25,08:14,18:20,10.1,HR System,Bug Fixing,Pending,62,99,2.1,6,1.6,8,6,53,8,8,4.1,Medium,Stable
EMP015,William Castaneda,Support,2026-02-26,09:05,19:17,10.2,Mobile App,Bug Fixing,Pending,71,108,2.2,1,1.5,9,0,64,12,7,4.4,Medium,Stable
EMP015,William Castaneda,Support,2026-02-27,10:48,20:06,9.3,HR System,API Integration,Completed,67,72,1.3,3,2.5,6,2,61,5,5,4.0,Medium,Stable
EMP015,William Castaneda,Support,2026-02-28,10:19,19:25,9.1,AI Analytics,Model Training,In Progress,59,105,1.1,2,2.9,6,2,51,7,3,3.0,Medium,Declining
EMP015,William Castaneda,Support,2026-03-02,09:21,19:21,10.0,CRM Dashboard,Database Update,Pending,56,96,2.0,3,2.4,5,8,51,7,7,2.8,Medium,Declining
EMP015,William Castaneda,Support,2026-03-03,08:11,17:41,9.5,AI Analytics,API Integration,In Progress,54,78,1.5,6,2.0,4,8,44,10,10,3.5,Medium,Declining
EMP015,William Castaneda,Support,2026-03-04,08:25,18:07,9.7,Mobile App,Bug Fixing,In Progress,61,71,1.7,6,2.4,1,3,59,13,4,4.0,Medium,Stable
EMP015,William Castaneda,Support,2026-03-05,09:01,20:01,11.0,IoT Monitoring,Model Training,Pending,73,76,3.0,4,1.9,7,2,66,13,8,4.2,Medium,Stable
EMP015,William Castaneda,Support,2026-03-06,10:58,22:46,11.8,CRM Dashboard,UI Design,Completed,67,89,3.8,2,0.7,2,4,67,13,12,4.3,Medium,Stable
EMP015,William Castaneda,Support,2026-03-07,08:20,19:14,10.9,Mobile App,API Integration,In Progress,66,60,2.9,6,1.9,6,3,61,11,10,3.6,Medium,Stable
EMP015,William Castaneda,Support,2026-03-08,09:59,21:35,11.6,HR System,Database Update,Completed,64,87,3.6,3,0.9,2,2,55,7,7,3.8,High,Stable
EMP015,William Castaneda,Support,2026-03-09,08:19,18:43,10.4,IoT Monitoring,Bug Fixing,In Progress,61,64,2.4,5,1.5,7,0,61,5,4,3.1,Medium,Stable
EMP015,William Castaneda,Support,2026-03-10,10:28,21:34,11.1,AI Analytics,Testing,Completed,52,79,3.1,1,0.7,10,8,45,12,10,3.5,High,Declining
EMP015,William Castaneda,Support,2026-03-11,09:55,21:43,11.8,Mobile App,Bug Fixing,Completed,64,86,3.8,6,0.8,5,0,60,13,6,3.8,High,Stable
EMP015,William Castaneda,Support,2026-03-12,10:11,20:29,10.3,Mobile App,Model Training,Completed,69,61,2.3,2,2.0,3,3,61,15,9,3.6,Medium,Stable
EMP015,William Castaneda,Support,2026-03-13,09:01,18:25,9.4,Client Portal,Model Training,Pending,72,86,1.4,6,1.5,3,0,62,13,11,3.8,Medium,Stable
EMP015,William Castaneda,Support,2026-03-14,08:11,20:05,11.9,AI Analytics,API Integration,Completed,58,110,3.9,2,2.2,3,4,53,14,13,3.9,High,Declining
EMP015,William Castaneda,Support,2026-03-16,10:38,22:14,11.6,AI Analytics,Database Update,Completed,62,71,3.6,6,3.0,7,5,60,13,13,3.9,High,Stable
EMP015,William Castaneda,Support,2026-03-17,10:56,21:14,10.3,HR System,API Integration,Completed,66,118,2.3,1,0.8,5,0,65,8,8,3.6,Medium,Stable
EMP015,William Castaneda,Support,2026-03-18,08:19,18:31,10.2,Client Portal,Bug Fixing,Pending,60,120,2.2,4,2.7,6,5,51,8,7,3.2,Medium,Stable
EMP015,William Castaneda,Support,2026-03-19,08:06,19:30,11.4,HR System,Testing,Completed,53,80,3.4,2,2.4,3,2,53,12,10,3.3,High,Declining
EMP015,William Castaneda,Support,2026-03-20,08:13,19:07,10.9,HR System,Testing,Pending,65,83,2.9,6,2.7,3,0,65,10,3,4.2,Medium,Stable
EMP015,William Castaneda,Support,2026-03-21,10:11,20:17,10.1,HR System,Testing,Pending,62,118,2.1,1,0.8,7,6,56,11,4,3.1,Medium,Stable
EMP015,William Castaneda,Support,2026-03-23,10:31,22:25,11.9,IoT Monitoring,Client Support,In Progress,63,80,3.9,3,1.8,1,7,63,14,9,3.8,High,Stable
EMP015,William Castaneda,Support,2026-03-24,10:21,19:39,9.3,CRM Dashboard,Bug Fixing,In Progress,69,91,1.3,2,1.5,4,2,68,13,12,4.4,Medium,Stable
EMP015,William Castaneda,Support,2026-03-25,09:26,18:50,9.4,HR System,Database Update,Pending,69,120,1.4,5,1.1,9,0,60,11,3,3.9,Medium,Stable
EMP015,William Castaneda,Support,2026-03-26,08:27,18:15,9.8,CRM Dashboard,Model Training,Pending,70,119,1.8,3,2.5,5,4,66,6,3,4.1,Medium,Stable
EMP015,William Castaneda,Support,2026-03-27,10:20,19:56,9.6,AI Analytics,UI Design,In Progress,71,64,1.6,6,1.7,3,8,70,7,7,3.9,Medium,Stable
EMP015,William Castaneda,Support,2026-03-28,10:59,20:05,9.1,IoT Monitoring,Database Update,In Progress,71,110,1.1,6,1.4,2,8,65,14,11,4.0,Medium,Stable
EMP015,William Castaneda,Support,2026-03-29,10:56,22:50,11.9,CRM Dashboard,Client Support,Completed,58,68,3.9,3,1.7,1,2,52,10,8,3.3,High,Declining
EMP015,William Castaneda,Support,2026-03-30,08:05,19:41,11.6,AI Analytics,Database Update,Completed,52,68,3.6,1,2.9,3,2,49,10,3,3.5,High,Declining
EMP015,William Castaneda,Support,2026-03-31,08:17,20:17,12.0,AI Analytics,UI Design,Pending,63,84,4.0,6,2.6,2,0,53,15,15,3.7,High,Stable
EMP015,William Castaneda,Support,2026-04-01,09:32,21:26,11.9,AI Analytics,Documentation,Completed,62,95,3.9,3,0.7,1,3,52,7,4,3.7,High,Stable
EMP015,William Castaneda,Support,2026-04-02,10:08,22:08,12.0,AI Analytics,Testing,Pending,63,60,4.0,2,3.0,2,3,61,8,8,3.9,High,Stable
EMP015,William Castaneda,Support,2026-04-03,09:47,19:53,10.1,Mobile App,Client Support,Completed,70,83,2.1,5,1.6,6,8,63,9,9,3.6,Medium,Stable
EMP015,William Castaneda,Support,2026-04-04,09:27,20:51,11.4,AI Analytics,UI Design,Pending,51,66,3.4,5,1.3,2,3,45,6,6,2.8,High,Declining
EMP015,William Castaneda,Support,2026-04-06,09:02,20:44,11.7,IoT Monitoring,Testing,Completed,54,99,3.7,6,2.6,6,2,50,12,5,2.9,High,Declining
EMP015,William Castaneda,Support,2026-04-07,09:22,18:28,9.1,Mobile App,API Integration,In Progress,70,103,1.1,5,1.6,4,1,61,8,4,4.3,Medium,Stable
EMP015,William Castaneda,Support,2026-04-08,10:26,20:02,9.6,Mobile App,Client Support,Pending,51,76,1.6,6,1.3,4,1,49,10,8,2.6,Medium,Declining
EMP015,William Castaneda,Support,2026-04-09,10:42,20:54,10.2,Mobile App,Model Training,In Progress,69,74,2.2,6,1.1,8,0,62,15,7,4.4,Medium,Stable
EMP015,William Castaneda,Support,2026-04-10,08:56,19:32,10.6,Client Portal,Testing,Pending,58,86,2.6,1,1.1,10,5,55,5,3,3.7,Medium,Declining
EMP015,William Castaneda,Support,2026-04-11,08:49,18:43,9.9,Mobile App,Bug Fixing,Completed,63,87,1.9,6,1.6,3,0,63,14,13,3.7,Medium,Stable
EMP015,William Castaneda,Support,2026-04-13,10:18,21:18,11.0,CRM Dashboard,Documentation,In Progress,52,81,3.0,2,1.8,5,4,46,11,11,3.2,High,Declining
EMP015,William Castaneda,Support,2026-04-14,10:32,20:38,10.1,Mobile App,API Integration,Completed,63,110,2.1,3,1.3,3,3,53,12,12,3.3,Medium,Stable
EMP015,William Castaneda,Support,2026-04-15,09:29,20:05,10.6,HR System,UI Design,In Progress,54,112,2.6,4,0.7,8,8,45,13,13,3.2,Medium,Declining
EMP015,William Castaneda,Support,2026-04-16,09:01,20:37,11.6,HR System,UI Design,In Progress,68,62,3.6,5,1.5,9,5,66,11,7,4.3,Medium,Stable
EMP015,William Castaneda,Support,2026-04-17,09:16,18:58,9.7,CRM Dashboard,API Integration,Pending,54,94,1.7,4,1.5,5,2,44,9,9,2.9,Medium,Declining
EMP015,William Castaneda,Support,2026-04-18,08:45,18:51,10.1,HR System,Model Training,Pending,66,90,2.1,3,1.6,2,7,61,13,10,3.8,Medium,Stable
EMP015,William Castaneda,Support,2026-04-20,09:58,21:46,11.8,Mobile App,Database Update,Pending,59,87,3.8,4,2.3,4,1,52,5,4,3.2,High,Declining
EMP015,William Castaneda,Support,2026-04-21,09:52,20:52,11.0,Mobile App,UI Design,Completed,52,109,3.0,2,1.8,4,5,52,8,8,3.4,High,Declining
EMP015,William Castaneda,Support,2026-04-22,08:43,19:43,11.0,AI Analytics,Testing,Completed,59,117,3.0,5,2.6,6,1,50,14,13,3.3,High,Declining
EMP015,William Castaneda,Support,2026-04-23,08:08,18:32,10.4,Client Portal,Database Update,Pending,49,89,2.4,1,3.0,2,3,49,12,4,2.7,Medium,Declining
EMP015,William Castaneda,Support,2026-04-24,10:57,20:33,9.6,IoT Monitoring,Documentation,Pending,61,92,1.6,5,2.8,4,6,55,6,6,3.4,Medium,Stable
EMP015,William Castaneda,Support,2026-04-25,09:19,21:01,11.7,CRM Dashboard,Client Support,Completed,50,83,3.7,3,2.9,8,2,40,7,3,3.3,High,Declining
EMP015,William Castaneda,Support,2026-04-27,08:53,19:59,11.1,Mobile App,Model Training,Completed,60,88,3.1,5,2.3,1,7,52,5,5,3.3,High,Stable
EMP015,William Castaneda,Support,2026-04-28,08:59,18:11,9.2,AI Analytics,Model Training,Pending,53,73,1.2,5,2.3,2,0,45,9,6,2.9,Medium,Declining
EMP015,William Castaneda,Support,2026-04-29,09:41,19:29,9.8,Mobile App,Documentation,Pending,69,119,1.8,2,1.1,2,2,66,7,7,4.2,Medium,Stable
EMP015,William Castaneda,Support,2026-04-30,08:37,18:55,10.3,CRM Dashboard,Model Training,Pending,64,60,2.3,2,2.6,1,6,62,6,6,3.7,Medium,Stable
EMP015,William Castaneda,Support,2026-05-01,08:15,20:03,11.8,AI Analytics,API Integration,Pending,69,62,3.8,1,2.1,3,4,64,10,7,4.3,Medium,Stable
EMP015,William Castaneda,Support,2026-05-02,10:40,19:52,9.2,CRM Dashboard,API Integration,Pending,61,97,1.2,1,2.8,8,6,56,5,5,3.2,Medium,Stable
EMP015,William Castaneda,Support,2026-05-03,09:49,19:19,9.5,Mobile App,UI Design,Pending,52,70,1.5,4,1.6,9,1,48,11,11,2.9,Medium,Declining
EMP015,William Castaneda,Support,2026-05-04,10:12,21:00,10.8,HR System,API Integration,Completed,60,63,2.8,6,2.2,5,0,57,12,9,3.2,Medium,Stable
EMP015,William Castaneda,Support,2026-05-05,10:41,20:23,9.7,AI Analytics,UI Design,Completed,58,118,1.7,5,2.9,7,1,49,14,8,2.9,Medium,Declining
EMP015,William Castaneda,Support,2026-05-06,09:05,20:05,11.0,Mobile App,Model Training,In Progress,51,118,3.0,5,2.5,10,2,44,14,10,3.1,High,Declining
EMP015,William Castaneda,Support,2026-05-07,08:59,19:35,10.6,HR System,API Integration,Pending,49,101,2.6,1,1.5,8,4,44,14,11,3.1,Medium,Declining
EMP015,William Castaneda,Support,2026-05-08,10:23,21:41,11.3,Client Portal,Client Support,Pending,68,72,3.3,1,2.0,2,1,60,10,4,4.2,Medium,Stable
EMP015,William Castaneda,Support,2026-05-09,09:35,19:05,9.5,CRM Dashboard,Database Update,Completed,58,107,1.5,4,1.7,5,4,49,5,5,3.7,Medium,Declining
EMP015,William Castaneda,Support,2026-05-10,08:40,19:04,10.4,Client Portal,UI Design,Pending,65,115,2.4,1,1.9,8,4,57,11,11,3.9,Medium,Stable
EMP015,William Castaneda,Support,2026-05-11,09:12,21:00,11.8,IoT Monitoring,Bug Fixing,In Progress,62,79,3.8,5,2.2,5,4,55,14,9,3.5,High,Stable
EMP015,William Castaneda,Support,2026-05-12,09:44,21:14,11.5,IoT Monitoring,Database Update,Completed,62,91,3.5,4,2.9,9,5,61,5,5,3.5,High,Stable
EMP015,William Castaneda,Support,2026-05-13,08:51,19:57,11.1,CRM Dashboard,UI Design,In Progress,68,74,3.1,4,0.8,9,5,66,15,7,4.2,Medium,Stable
EMP015,William Castaneda,Support,2026-05-14,09:21,20:57,11.6,CRM Dashboard,Documentation,Pending,54,110,3.6,3,1.9,9,2,45,15,15,3.2,High,Declining
EMP015,William Castaneda,Support,2026-05-15,10:01,20:07,10.1,IoT Monitoring,Client Support,In Progress,48,91,2.1,1,0.8,4,7,42,6,6,2.6,Medium,Declining
EMP015,William Castaneda,Support,2026-05-16,08:14,18:50,10.6,Mobile App,Database Update,In Progress,61,74,2.6,1,1.6,1,4,61,13,6,3.4,Medium,Stable
EMP015,William Castaneda,Support,2026-05-17,08:30,20:06,11.6,CRM Dashboard,Bug Fixing,Completed,64,65,3.6,3,2.9,2,5,54,12,3,3.9,High,Stable
EMP015,William Castaneda,Support,2026-05-18,08:31,17:49,9.3,AI Analytics,Documentation,In Progress,48,80,1.3,4,1.1,3,4,47,7,3,2.9,Medium,Declining
EMP015,William Castaneda,Support,2026-05-19,09:51,18:51,9.0,IoT Monitoring,Database Update,Pending,60,64,1.0,6,1.9,7,4,54,14,9,3.6,Medium,Stable
EMP016,Michael Rowe,Development,2026-02-19,10:50,18:14,7.4,HR System,UI Design,In Progress,71,47,0.0,3,0.8,9,5,67,15,10,3.7,Low,Stable
EMP016,Michael Rowe,Development,2026-02-20,10:28,18:34,8.1,IoT Monitoring,Client Support,Pending,79,32,0.1,4,0.8,9,0,79,11,11,4.2,Low,Stable
EMP016,Michael Rowe,Development,2026-02-21,09:49,18:13,8.4,CRM Dashboard,Database Update,Completed,74,51,0.4,6,2.8,7,5,69,15,14,4.6,Low,Stable
EMP016,Michael Rowe,Development,2026-02-22,10:47,18:23,7.6,IoT Monitoring,Client Support,Completed,85,59,0.0,6,2.6,8,2,83,6,5,4.4,Low,Improving
EMP016,Michael Rowe,Development,2026-02-23,10:22,19:22,9.0,Mobile App,Testing,In Progress,79,32,1.0,4,2.8,8,1,73,8,8,4.7,Medium,Stable
EMP016,Michael Rowe,Development,2026-02-24,09:42,18:06,8.4,AI Analytics,API Integration,In Progress,77,40,0.4,1,0.8,10,2,77,13,3,4.3,Low,Stable
EMP016,Michael Rowe,Development,2026-02-25,08:27,16:03,7.6,Client Portal,UI Design,Completed,72,56,0.0,6,1.7,3,7,62,6,6,4.0,Low,Stable
EMP016,Michael Rowe,Development,2026-02-26,09:45,17:57,8.2,AI Analytics,Documentation,In Progress,85,41,0.2,3,1.1,8,1,85,10,9,4.7,Low,Improving
EMP016,Michael Rowe,Development,2026-02-27,10:21,17:51,7.5,Mobile App,UI Design,Pending,74,44,0.0,4,3.0,10,7,65,5,5,4.5,Low,Stable
EMP016,Michael Rowe,Development,2026-02-28,08:58,16:46,7.8,CRM Dashboard,API Integration,Completed,74,33,0.0,5,0.6,7,3,72,10,6,4.5,Low,Stable
EMP016,Michael Rowe,Development,2026-03-01,08:36,16:06,7.5,HR System,Documentation,Completed,82,55,0.0,1,2.4,8,2,73,15,12,4.4,Low,Improving
EMP016,Michael Rowe,Development,2026-03-02,08:43,17:37,8.9,HR System,UI Design,Pending,74,42,0.9,3,2.6,4,5,73,7,7,4.0,Low,Stable
EMP016,Michael Rowe,Development,2026-03-03,08:14,16:50,8.6,Mobile App,API Integration,Pending,81,52,0.6,5,2.0,9,4,71,5,5,4.6,Low,Improving
EMP016,Michael Rowe,Development,2026-03-04,10:30,19:06,8.6,CRM Dashboard,Testing,Completed,65,39,0.6,3,2.5,1,7,57,5,5,4.0,Low,Stable
EMP016,Michael Rowe,Development,2026-03-05,10:30,18:42,8.2,Client Portal,API Integration,Completed,77,58,0.2,6,0.8,2,0,70,8,7,4.0,Low,Stable
EMP016,Michael Rowe,Development,2026-03-06,08:35,15:29,6.9,Client Portal,Database Update,Pending,78,67,0.0,4,1.3,1,5,72,14,5,4.4,Low,Stable
EMP016,Michael Rowe,Development,2026-03-07,10:26,17:32,7.1,CRM Dashboard,Database Update,In Progress,74,60,0.0,1,1.5,7,0,70,12,12,4.0,Low,Stable
EMP016,Michael Rowe,Development,2026-03-09,10:44,18:32,7.8,Mobile App,UI Design,Completed,82,43,0.0,5,0.7,9,4,73,5,3,4.4,Low,Improving
EMP016,Michael Rowe,Development,2026-03-10,10:52,19:04,8.2,AI Analytics,UI Design,In Progress,65,54,0.2,5,1.1,4,0,65,6,6,3.4,Low,Stable
EMP016,Michael Rowe,Development,2026-03-11,10:54,19:12,8.3,HR System,UI Design,In Progress,65,52,0.3,5,1.5,8,2,59,5,5,3.5,Low,Stable
EMP016,Michael Rowe,Development,2026-03-12,08:12,15:06,6.9,HR System,Testing,Completed,79,30,0.0,2,2.9,2,6,79,6,6,4.0,Low,Stable
EMP016,Michael Rowe,Development,2026-03-13,09:55,16:49,6.9,CRM Dashboard,UI Design,In Progress,83,51,0.0,5,0.6,3,7,79,15,11,4.2,Low,Improving
EMP016,Michael Rowe,Development,2026-03-14,08:07,16:25,8.3,HR System,Client Support,Pending,80,64,0.3,4,2.0,4,0,77,11,11,4.2,Low,Improving
EMP016,Michael Rowe,Development,2026-03-16,10:24,18:30,8.1,IoT Monitoring,UI Design,Completed,78,43,0.1,3,2.8,4,7,74,9,9,4.4,Low,Stable
EMP016,Michael Rowe,Development,2026-03-17,08:36,16:00,7.4,CRM Dashboard,API Integration,In Progress,69,38,0.0,2,0.6,1,1,67,11,5,4.3,Low,Stable
EMP016,Michael Rowe,Development,2026-03-18,09:33,16:39,7.1,CRM Dashboard,Database Update,In Progress,67,52,0.0,3,1.2,6,7,61,14,3,3.5,Low,Stable
EMP016,Michael Rowe,Development,2026-03-19,08:19,15:13,6.9,Mobile App,Testing,In Progress,68,37,0.0,2,0.7,6,1,61,8,8,4.0,Low,Stable
EMP016,Michael Rowe,Development,2026-03-20,08:20,15:44,7.4,Mobile App,Model Training,In Progress,75,47,0.0,2,1.3,7,5,70,6,6,4.6,Low,Stable
EMP016,Michael Rowe,Development,2026-03-21,10:21,18:09,7.8,CRM Dashboard,Database Update,Completed,81,33,0.0,1,1.4,9,8,78,9,9,4.7,Low,Improving
EMP016,Michael Rowe,Development,2026-03-23,09:55,16:55,7.0,HR System,UI Design,Pending,72,45,0.0,1,2.8,4,2,70,14,14,4.5,Low,Stable
EMP016,Michael Rowe,Development,2026-03-24,08:04,15:52,7.8,IoT Monitoring,Client Support,Pending,85,40,0.0,1,2.6,8,5,76,7,3,5.0,Low,Improving
EMP016,Michael Rowe,Development,2026-03-25,08:15,17:09,8.9,Mobile App,API Integration,Pending,81,39,0.9,2,1.7,4,1,75,5,3,4.2,Low,Improving
EMP016,Michael Rowe,Development,2026-03-26,10:24,17:30,7.1,Mobile App,API Integration,In Progress,71,50,0.0,4,1.9,5,2,69,15,14,3.7,Low,Stable
EMP016,Michael Rowe,Development,2026-03-27,09:18,16:18,7.0,CRM Dashboard,Documentation,Completed,65,33,0.0,6,0.7,7,4,64,11,11,3.6,Low,Stable
EMP016,Michael Rowe,Development,2026-03-28,09:28,16:22,6.9,AI Analytics,Bug Fixing,Completed,84,34,0.0,3,0.8,9,1,75,15,6,4.7,Low,Improving
EMP016,Michael Rowe,Development,2026-03-30,08:50,16:50,8.0,HR System,Database Update,In Progress,78,64,0.0,6,0.5,10,2,77,6,6,4.1,Low,Stable
EMP016,Michael Rowe,Development,2026-03-31,10:12,18:06,7.9,CRM Dashboard,Model Training,In Progress,85,36,0.0,2,1.9,3,7,78,5,5,5.0,Low,Improving
EMP016,Michael Rowe,Development,2026-04-01,08:44,15:38,6.9,AI Analytics,Documentation,Pending,82,49,0.0,5,2.2,1,0,79,5,4,4.4,Low,Improving
EMP016,Michael Rowe,Development,2026-04-02,10:36,17:30,6.9,CRM Dashboard,Database Update,In Progress,67,69,0.0,6,2.2,10,8,60,11,5,3.7,Low,Stable
EMP016,Michael Rowe,Development,2026-04-03,09:45,17:33,7.8,Client Portal,Client Support,Completed,75,49,0.0,3,2.8,2,4,66,5,5,4.0,Low,Stable
EMP016,Michael Rowe,Development,2026-04-04,09:25,16:19,6.9,Client Portal,Bug Fixing,Pending,85,57,0.0,4,2.0,1,3,83,15,14,4.5,Low,Improving
EMP016,Michael Rowe,Development,2026-04-06,10:53,19:23,8.5,IoT Monitoring,Testing,In Progress,82,34,0.5,3,2.0,4,0,75,15,7,4.1,Low,Improving
EMP016,Michael Rowe,Development,2026-04-07,08:36,16:48,8.2,Client Portal,Client Support,Completed,84,41,0.2,3,2.0,1,1,80,6,6,4.4,Low,Improving
EMP016,Michael Rowe,Development,2026-04-08,10:29,19:05,8.6,CRM Dashboard,Testing,Pending,81,59,0.6,2,0.6,5,0,71,8,3,4.7,Low,Improving
EMP016,Michael Rowe,Development,2026-04-09,09:51,17:27,7.6,Client Portal,Database Update,Completed,67,70,0.0,3,1.5,4,0,58,9,9,4.1,Low,Stable
EMP016,Michael Rowe,Development,2026-04-10,09:59,16:53,6.9,AI Analytics,Database Update,Pending,72,69,0.0,5,1.5,9,8,68,11,4,3.8,Low,Stable
EMP016,Michael Rowe,Development,2026-04-11,10:01,16:37,6.6,Mobile App,Model Training,Completed,75,62,0.0,5,2.3,7,2,71,15,6,4.2,Low,Stable
EMP016,Michael Rowe,Development,2026-04-13,08:07,16:01,7.9,AI Analytics,Bug Fixing,Completed,67,64,0.0,3,1.4,6,3,58,8,8,3.9,Low,Stable
EMP016,Michael Rowe,Development,2026-04-14,10:48,19:18,8.5,Mobile App,Documentation,In Progress,79,30,0.5,2,3.0,4,8,78,12,12,4.7,Low,Stable
EMP016,Michael Rowe,Development,2026-04-15,08:17,17:05,8.8,AI Analytics,API Integration,Pending,84,43,0.8,2,1.9,4,0,82,7,7,5.0,Low,Improving
EMP016,Michael Rowe,Development,2026-04-16,10:47,19:17,8.5,HR System,UI Design,Pending,85,43,0.5,3,2.4,8,7,85,14,5,5.0,Low,Improving
EMP016,Michael Rowe,Development,2026-04-17,08:47,17:05,8.3,Mobile App,UI Design,In Progress,65,59,0.3,4,1.5,7,5,59,11,4,3.4,Low,Stable
EMP016,Michael Rowe,Development,2026-04-18,10:12,17:36,7.4,Client Portal,UI Design,In Progress,80,38,0.0,3,0.6,2,6,78,5,3,4.8,Low,Improving
EMP016,Michael Rowe,Development,2026-04-20,09:50,18:32,8.7,IoT Monitoring,Testing,Completed,69,31,0.7,5,1.1,1,4,59,6,6,4.0,Low,Stable
EMP016,Michael Rowe,Development,2026-04-21,09:42,17:30,7.8,Client Portal,Testing,Pending,72,49,0.0,3,0.7,10,1,70,13,7,4.0,Low,Stable
EMP016,Michael Rowe,Development,2026-04-22,10:00,17:42,7.7,IoT Monitoring,API Integration,In Progress,69,50,0.0,1,1.0,8,6,62,11,3,4.2,Low,Stable
EMP016,Michael Rowe,Development,2026-04-23,10:14,18:38,8.4,Client Portal,Model Training,Completed,69,60,0.4,1,1.4,3,7,69,13,13,3.5,Low,Stable
EMP016,Michael Rowe,Development,2026-04-24,09:09,17:33,8.4,Mobile App,Bug Fixing,Pending,83,34,0.4,4,2.9,3,1,81,7,6,4.6,Low,Improving
EMP016,Michael Rowe,Development,2026-04-25,10:32,17:38,7.1,IoT Monitoring,Database Update,In Progress,67,48,0.0,4,1.1,7,2,57,7,7,3.9,Low,Stable
EMP016,Michael Rowe,Development,2026-04-27,09:44,17:50,8.1,CRM Dashboard,Bug Fixing,In Progress,69,57,0.1,3,2.9,2,6,65,13,13,3.8,Low,Stable
EMP016,Michael Rowe,Development,2026-04-28,09:52,17:52,8.0,AI Analytics,Bug Fixing,Completed,66,46,0.0,3,2.3,6,5,66,10,4,4.1,Low,Stable
EMP016,Michael Rowe,Development,2026-04-29,08:36,15:54,7.3,CRM Dashboard,API Integration,In Progress,72,41,0.0,4,0.7,10,0,70,13,6,4.1,Low,Stable
EMP016,Michael Rowe,Development,2026-04-30,10:13,17:07,6.9,CRM Dashboard,Client Support,In Progress,75,46,0.0,4,2.2,5,0,74,5,5,4.5,Low,Stable
EMP016,Michael Rowe,Development,2026-05-01,08:34,15:22,6.8,HR System,Bug Fixing,Pending,72,45,0.0,3,2.0,10,7,65,13,10,4.4,Low,Stable
EMP016,Michael Rowe,Development,2026-05-02,08:34,16:40,8.1,HR System,Database Update,In Progress,72,48,0.1,6,1.4,3,3,67,5,5,4.0,Low,Stable
EMP016,Michael Rowe,Development,2026-05-04,09:40,18:16,8.6,Mobile App,UI Design,In Progress,78,45,0.6,6,1.6,8,4,77,5,5,4.0,Low,Stable
EMP016,Michael Rowe,Development,2026-05-05,08:29,17:17,8.8,Client Portal,API Integration,Pending,71,34,0.8,1,2.0,2,6,62,7,7,3.8,Low,Stable
EMP016,Michael Rowe,Development,2026-05-06,08:56,15:50,6.9,IoT Monitoring,Model Training,Pending,72,38,0.0,1,2.4,1,4,72,11,11,4.4,Low,Stable
EMP016,Michael Rowe,Development,2026-05-07,09:08,17:32,8.4,HR System,Testing,In Progress,67,53,0.4,5,0.6,9,4,58,14,10,3.4,Low,Stable
EMP016,Michael Rowe,Development,2026-05-08,08:38,16:50,8.2,IoT Monitoring,Client Support,Pending,71,41,0.2,6,2.1,7,3,66,8,6,3.8,Low,Stable
EMP016,Michael Rowe,Development,2026-05-09,08:01,16:37,8.6,HR System,Model Training,Pending,73,63,0.6,6,1.9,10,8,72,12,12,3.7,Low,Stable
EMP016,Michael Rowe,Development,2026-05-11,10:25,19:07,8.7,IoT Monitoring,Model Training,Pending,66,44,0.7,3,0.8,2,1,60,15,5,3.9,Low,Stable
EMP016,Michael Rowe,Development,2026-05-12,09:05,17:41,8.6,HR System,Testing,Completed,69,38,0.6,2,1.7,5,5,69,9,9,4.3,Low,Stable
EMP016,Michael Rowe,Development,2026-05-13,10:57,18:39,7.7,Client Portal,Bug Fixing,Pending,73,37,0.0,1,2.8,4,8,65,7,7,3.9,Low,Stable
EMP016,Michael Rowe,Development,2026-05-14,10:51,19:27,8.6,HR System,API Integration,In Progress,85,44,0.6,6,1.4,10,5,83,10,10,5.0,Low,Improving
EMP016,Michael Rowe,Development,2026-05-15,09:20,16:20,7.0,Mobile App,Database Update,Pending,74,60,0.0,2,0.6,7,2,73,11,6,4.6,Low,Stable
EMP016,Michael Rowe,Development,2026-05-16,08:22,17:10,8.8,HR System,Bug Fixing,In Progress,84,63,0.8,5,2.6,2,5,74,14,3,4.4,Low,Improving
EMP016,Michael Rowe,Development,2026-05-18,09:24,17:24,8.0,AI Analytics,Database Update,Completed,74,46,0.0,1,1.9,7,1,73,5,5,4.6,Low,Stable
EMP016,Michael Rowe,Development,2026-05-19,10:02,16:50,6.8,Client Portal,Database Update,In Progress,82,30,0.0,5,2.0,5,7,77,8,8,4.6,Low,Improving
EMP017,Ryan Jones,HR,2026-02-19,09:25,17:49,8.4,Client Portal,Database Update,In Progress,71,52,0.4,6,2.1,10,6,66,9,7,4.1,Low,Stable
EMP017,Ryan Jones,HR,2026-02-20,09:48,17:24,7.6,HR System,Database Update,Pending,63,35,0.0,2,2.5,9,7,55,13,11,3.5,Low,Stable
EMP017,Ryan Jones,HR,2026-02-21,09:43,18:07,8.4,IoT Monitoring,API Integration,Completed,54,58,0.4,3,2.5,1,4,49,9,9,2.8,Low,Declining
EMP017,Ryan Jones,HR,2026-02-23,10:42,17:24,6.7,Mobile App,Database Update,Completed,58,65,0.0,1,0.6,4,1,49,9,5,3.6,Low,Declining
EMP017,Ryan Jones,HR,2026-02-24,10:08,17:26,7.3,AI Analytics,Model Training,Pending,55,38,0.0,3,2.8,2,7,46,6,6,3.4,Low,Declining
EMP017,Ryan Jones,HR,2026-02-25,09:05,16:53,7.8,Mobile App,UI Design,Pending,62,56,0.0,2,1.2,7,8,60,5,5,3.8,Low,Stable
EMP017,Ryan Jones,HR,2026-02-26,09:51,17:51,8.0,CRM Dashboard,Bug Fixing,In Progress,63,49,0.0,3,3.0,8,3,57,8,4,3.4,Low,Stable
EMP017,Ryan Jones,HR,2026-02-27,10:09,17:33,7.4,CRM Dashboard,Testing,Pending,69,30,0.0,6,0.8,6,7,68,11,6,3.8,Low,Stable
EMP017,Ryan Jones,HR,2026-02-28,10:31,18:55,8.4,CRM Dashboard,Testing,Completed,64,47,0.4,5,2.5,6,4,59,12,4,3.4,Low,Stable
EMP017,Ryan Jones,HR,2026-03-02,09:59,17:23,7.4,Client Portal,UI Design,In Progress,65,31,0.0,6,1.7,1,3,55,10,10,4.2,Low,Stable
EMP017,Ryan Jones,HR,2026-03-03,10:44,17:32,6.8,IoT Monitoring,Documentation,Completed,68,34,0.0,3,2.1,3,7,63,13,10,3.7,Low,Stable
EMP017,Ryan Jones,HR,2026-03-04,08:25,16:25,8.0,AI Analytics,Testing,In Progress,51,44,0.0,3,2.2,7,4,49,9,9,2.6,Low,Declining
EMP017,Ryan Jones,HR,2026-03-05,08:22,16:58,8.6,CRM Dashboard,UI Design,Pending,53,68,0.6,6,2.7,9,7,43,14,9,3.5,Low,Declining
EMP017,Ryan Jones,HR,2026-03-06,08:45,16:15,7.5,Mobile App,API Integration,In Progress,52,31,0.0,2,1.4,5,0,42,8,8,3.5,Low,Declining
EMP017,Ryan Jones,HR,2026-03-07,10:29,19:05,8.6,AI Analytics,UI Design,In Progress,54,54,0.6,4,0.9,4,2,54,14,7,3.3,Low,Declining
EMP017,Ryan Jones,HR,2026-03-08,10:15,18:33,8.3,Client Portal,Client Support,Completed,69,39,0.3,3,2.6,4,0,68,14,11,4.0,Low,Stable
EMP017,Ryan Jones,HR,2026-03-09,08:05,16:23,8.3,Client Portal,Database Update,Pending,53,56,0.3,2,2.5,7,5,51,10,8,3.1,Low,Declining
EMP017,Ryan Jones,HR,2026-03-10,10:26,17:20,6.9,Client Portal,Database Update,Pending,57,58,0.0,4,2.4,9,7,56,11,11,2.9,Low,Declining
EMP017,Ryan Jones,HR,2026-03-11,09:22,16:22,7.0,Mobile App,UI Design,In Progress,69,37,0.0,6,1.9,6,2,64,8,7,4.4,Low,Stable
EMP017,Ryan Jones,HR,2026-03-12,08:12,15:00,6.8,Client Portal,Client Support,Pending,67,53,0.0,4,2.4,10,6,63,8,8,3.7,Low,Stable
EMP017,Ryan Jones,HR,2026-03-13,10:58,18:04,7.1,Mobile App,Testing,In Progress,53,40,0.0,3,1.7,7,4,52,14,5,3.1,Low,Declining
EMP017,Ryan Jones,HR,2026-03-14,10:53,17:29,6.6,IoT Monitoring,Testing,Completed,64,50,0.0,5,3.0,9,2,64,6,6,4.1,Low,Stable
EMP017,Ryan Jones,HR,2026-03-15,10:56,19:26,8.5,Client Portal,Database Update,In Progress,67,61,0.5,3,0.8,1,2,61,13,13,3.9,Low,Stable
EMP017,Ryan Jones,HR,2026-03-16,10:14,17:20,7.1,CRM Dashboard,Bug Fixing,In Progress,70,43,0.0,1,2.9,2,7,62,8,8,4.3,Low,Stable
EMP017,Ryan Jones,HR,2026-03-17,08:54,16:30,7.6,IoT Monitoring,Model Training,Completed,71,52,0.0,4,1.1,6,1,63,8,8,4.0,Low,Stable
EMP017,Ryan Jones,HR,2026-03-18,10:19,17:13,6.9,AI Analytics,Model Training,In Progress,65,52,0.0,1,2.1,5,7,63,8,8,3.4,Low,Stable
EMP017,Ryan Jones,HR,2026-03-19,10:45,17:51,7.1,HR System,Bug Fixing,In Progress,71,51,0.0,6,2.9,10,3,70,6,6,4.4,Low,Stable
EMP017,Ryan Jones,HR,2026-03-20,08:24,16:42,8.3,Client Portal,Model Training,Completed,57,51,0.3,3,2.0,10,6,47,15,15,3.6,Low,Declining
EMP017,Ryan Jones,HR,2026-03-21,09:50,18:02,8.2,Mobile App,Testing,Completed,53,54,0.2,6,1.3,5,2,44,6,6,3.2,Low,Declining
EMP017,Ryan Jones,HR,2026-03-23,08:32,16:20,7.8,Client Portal,Client Support,In Progress,61,42,0.0,4,1.0,8,4,57,8,8,3.5,Low,Stable
EMP017,Ryan Jones,HR,2026-03-24,09:08,16:32,7.4,HR System,API Integration,In Progress,56,39,0.0,5,0.8,5,2,47,8,8,2.9,Low,Declining
EMP017,Ryan Jones,HR,2026-03-25,08:06,15:54,7.8,AI Analytics,Bug Fixing,Completed,69,35,0.0,4,1.2,2,1,62,11,8,3.5,Low,Stable
EMP017,Ryan Jones,HR,2026-03-26,08:55,16:13,7.3,HR System,Documentation,In Progress,51,59,0.0,5,1.6,2,1,41,9,9,2.6,Low,Declining
EMP017,Ryan Jones,HR,2026-03-27,09:20,17:26,8.1,HR System,API Integration,Pending,71,37,0.1,4,2.2,5,2,65,7,7,4.5,Low,Stable
EMP017,Ryan Jones,HR,2026-03-28,09:49,18:01,8.2,CRM Dashboard,API Integration,In Progress,66,45,0.2,4,1.1,4,7,66,6,5,4.3,Low,Stable
EMP017,Ryan Jones,HR,2026-03-29,08:15,15:39,7.4,AI Analytics,Client Support,Completed,62,34,0.0,1,2.0,10,3,52,7,5,3.5,Low,Stable
EMP017,Ryan Jones,HR,2026-03-30,10:14,18:26,8.2,CRM Dashboard,Bug Fixing,Pending,66,48,0.2,3,2.6,3,6,62,7,7,3.6,Low,Stable
EMP017,Ryan Jones,HR,2026-03-31,09:59,17:11,7.2,IoT Monitoring,Database Update,Pending,57,36,0.0,6,0.8,9,7,48,9,9,3.4,Low,Declining
EMP017,Ryan Jones,HR,2026-04-01,10:11,18:17,8.1,IoT Monitoring,Database Update,In Progress,68,63,0.1,5,1.7,8,1,62,14,8,3.7,Low,Stable
EMP017,Ryan Jones,HR,2026-04-02,08:44,16:20,7.6,Mobile App,Testing,Completed,56,43,0.0,6,1.4,6,7,53,15,4,3.6,Low,Declining
EMP017,Ryan Jones,HR,2026-04-03,10:04,18:16,8.2,Client Portal,UI Design,Pending,61,41,0.2,2,1.9,10,4,61,12,3,3.1,Low,Stable
EMP017,Ryan Jones,HR,2026-04-04,09:41,17:47,8.1,Mobile App,Model Training,In Progress,62,33,0.1,6,1.2,6,6,54,8,8,4.0,Low,Stable
EMP017,Ryan Jones,HR,2026-04-05,10:17,17:41,7.4,CRM Dashboard,API Integration,Completed,63,53,0.0,2,2.8,8,6,53,6,6,3.3,Low,Stable
EMP017,Ryan Jones,HR,2026-04-06,10:31,18:25,7.9,IoT Monitoring,Documentation,Pending,58,51,0.0,3,1.5,3,0,50,15,8,3.8,Low,Declining
EMP017,Ryan Jones,HR,2026-04-07,09:24,17:12,7.8,HR System,Client Support,Completed,59,69,0.0,1,2.3,9,7,52,14,8,3.6,Low,Declining
EMP017,Ryan Jones,HR,2026-04-08,09:55,17:07,7.2,AI Analytics,Documentation,In Progress,67,40,0.0,3,2.6,3,0,60,13,5,3.4,Low,Stable
EMP017,Ryan Jones,HR,2026-04-09,09:48,18:42,8.9,HR System,API Integration,Pending,53,35,0.9,3,1.7,1,6,50,6,6,3.5,Low,Declining
EMP017,Ryan Jones,HR,2026-04-10,10:36,18:18,7.7,HR System,Client Support,Pending,67,36,0.0,6,1.0,10,3,58,11,5,3.7,Low,Stable
EMP017,Ryan Jones,HR,2026-04-11,08:26,16:02,7.6,Mobile App,UI Design,Completed,59,35,0.0,5,3.0,9,5,53,10,10,3.5,Low,Declining
EMP017,Ryan Jones,HR,2026-04-13,08:20,16:20,8.0,CRM Dashboard,API Integration,Completed,66,40,0.0,6,1.4,5,2,57,8,8,4.2,Low,Stable
EMP017,Ryan Jones,HR,2026-04-14,08:53,16:29,7.6,HR System,API Integration,Completed,58,55,0.0,4,2.5,5,5,53,8,6,3.5,Low,Declining
EMP017,Ryan Jones,HR,2026-04-15,09:50,16:56,7.1,Client Portal,Testing,Pending,63,39,0.0,5,1.0,7,7,60,10,7,3.2,Low,Stable
EMP017,Ryan Jones,HR,2026-04-16,10:11,18:59,8.8,AI Analytics,Client Support,In Progress,63,63,0.8,2,0.5,3,0,59,13,13,3.8,Low,Stable
EMP017,Ryan Jones,HR,2026-04-17,10:43,17:19,6.6,AI Analytics,Database Update,Completed,69,44,0.0,3,1.8,9,5,68,11,4,3.6,Low,Stable
EMP017,Ryan Jones,HR,2026-04-18,10:06,19:00,8.9,IoT Monitoring,Database Update,Pending,71,41,0.9,3,1.8,4,5,65,8,8,3.6,Low,Stable
EMP017,Ryan Jones,HR,2026-04-20,10:23,18:17,7.9,Client Portal,Bug Fixing,Pending,60,30,0.0,4,1.7,4,6,57,14,11,3.8,Low,Stable
EMP017,Ryan Jones,HR,2026-04-21,09:48,18:42,8.9,HR System,Database Update,Pending,71,46,0.9,3,2.6,9,5,65,12,11,3.9,Low,Stable
EMP017,Ryan Jones,HR,2026-04-22,09:01,17:13,8.2,Client Portal,Database Update,Completed,61,42,0.2,5,0.6,5,0,60,11,6,3.8,Low,Stable
EMP017,Ryan Jones,HR,2026-04-23,09:41,17:29,7.8,AI Analytics,Database Update,In Progress,52,67,0.0,1,2.4,3,7,45,9,8,3.1,Low,Declining
EMP017,Ryan Jones,HR,2026-04-24,10:56,18:08,7.2,IoT Monitoring,UI Design,Completed,65,33,0.0,1,1.8,7,6,61,11,9,4.2,Low,Stable
EMP017,Ryan Jones,HR,2026-04-25,10:52,19:46,8.9,AI Analytics,Client Support,Pending,68,49,0.9,5,2.4,6,6,60,6,6,4.3,Low,Stable
EMP017,Ryan Jones,HR,2026-04-27,10:44,17:38,6.9,Client Portal,Client Support,Completed,63,52,0.0,5,1.3,9,0,54,5,5,3.5,Low,Stable
EMP017,Ryan Jones,HR,2026-04-28,08:18,16:36,8.3,IoT Monitoring,Client Support,Pending,68,47,0.3,2,2.4,1,4,68,11,11,4.3,Low,Stable
EMP017,Ryan Jones,HR,2026-04-29,10:43,19:07,8.4,IoT Monitoring,API Integration,Completed,69,67,0.4,2,2.0,7,7,68,7,7,3.6,Low,Stable
EMP017,Ryan Jones,HR,2026-04-30,09:22,16:28,7.1,CRM Dashboard,Model Training,Completed,67,58,0.0,6,1.9,9,4,58,7,7,4.2,Low,Stable
EMP017,Ryan Jones,HR,2026-05-01,10:28,17:04,6.6,IoT Monitoring,UI Design,In Progress,63,67,0.0,5,2.5,5,2,60,12,12,3.4,Low,Stable
EMP017,Ryan Jones,HR,2026-05-02,09:24,16:30,7.1,HR System,Client Support,In Progress,53,61,0.0,2,1.5,2,8,53,14,3,2.9,Low,Declining
EMP017,Ryan Jones,HR,2026-05-03,10:50,18:38,7.8,CRM Dashboard,Bug Fixing,Pending,61,65,0.0,5,1.7,2,2,55,8,6,3.6,Low,Stable
EMP017,Ryan Jones,HR,2026-05-04,09:01,15:37,6.6,Mobile App,API Integration,Pending,63,63,0.0,1,1.3,5,0,62,8,8,3.8,Low,Stable
EMP017,Ryan Jones,HR,2026-05-05,09:10,17:34,8.4,Client Portal,Database Update,Completed,61,45,0.4,6,0.9,6,4,52,15,7,3.9,Low,Stable
EMP017,Ryan Jones,HR,2026-05-06,09:58,17:40,7.7,IoT Monitoring,Database Update,In Progress,71,41,0.0,2,1.8,7,8,67,11,5,3.6,Low,Stable
EMP017,Ryan Jones,HR,2026-05-07,08:57,16:09,7.2,CRM Dashboard,Testing,Completed,69,33,0.0,4,1.0,4,6,59,9,9,3.7,Low,Stable
EMP017,Ryan Jones,HR,2026-05-08,09:09,15:39,6.5,Client Portal,Testing,Completed,60,40,0.0,4,1.8,9,5,57,5,5,3.4,Low,Stable
EMP017,Ryan Jones,HR,2026-05-09,10:12,19:06,8.9,Mobile App,Model Training,In Progress,55,51,0.9,3,2.6,9,3,52,13,13,3.3,Low,Declining
EMP017,Ryan Jones,HR,2026-05-11,08:22,15:22,7.0,AI Analytics,UI Design,Completed,60,31,0.0,2,2.2,3,6,51,12,7,3.5,Low,Stable
EMP017,Ryan Jones,HR,2026-05-12,10:24,18:48,8.4,HR System,Client Support,Pending,52,70,0.4,6,1.2,2,2,44,15,14,3.2,Low,Declining
EMP017,Ryan Jones,HR,2026-05-13,08:49,16:01,7.2,Mobile App,Bug Fixing,Pending,71,52,0.0,5,2.7,3,3,70,11,7,3.9,Low,Stable
EMP017,Ryan Jones,HR,2026-05-14,10:17,17:53,7.6,Client Portal,Bug Fixing,In Progress,67,42,0.0,2,2.4,7,4,63,8,8,3.5,Low,Stable
EMP017,Ryan Jones,HR,2026-05-15,09:03,16:21,7.3,IoT Monitoring,API Integration,In Progress,66,34,0.0,2,2.8,10,0,64,9,9,3.7,Low,Stable
EMP017,Ryan Jones,HR,2026-05-16,09:06,17:00,7.9,CRM Dashboard,API Integration,In Progress,61,66,0.0,3,1.4,9,7,51,12,10,3.2,Low,Stable
EMP017,Ryan Jones,HR,2026-05-18,09:19,18:13,8.9,AI Analytics,API Integration,Completed,63,56,0.9,4,0.6,2,2,58,14,12,3.2,Low,Stable
EMP017,Ryan Jones,HR,2026-05-19,09:02,17:38,8.6,Client Portal,Model Training,Pending,60,54,0.6,2,0.8,6,5,56,13,5,3.4,Low,Stable
EMP018,Jaime Cox,Support,2026-02-19,10:55,22:07,11.2,AI Analytics,Documentation,Pending,66,116,3.2,5,2.9,4,2,66,7,5,3.7,Medium,Stable
EMP018,Jaime Cox,Support,2026-02-20,10:00,20:36,10.6,IoT Monitoring,Documentation,In Progress,60,92,2.6,3,0.7,1,1,56,11,10,3.4,Medium,Stable
EMP018,Jaime Cox,Support,2026-02-21,10:47,20:53,10.1,HR System,API Integration,Completed,74,92,2.1,5,2.4,1,6,73,14,11,4.5,Medium,Stable
EMP018,Jaime Cox,Support,2026-02-23,10:00,22:00,12.0,CRM Dashboard,Testing,Pending,63,93,4.0,3,2.0,9,1,63,7,7,3.3,High,Stable
EMP018,Jaime Cox,Support,2026-02-24,10:16,19:52,9.6,Mobile App,Client Support,In Progress,76,103,1.6,6,1.5,10,0,75,14,3,4.8,Medium,Stable
EMP018,Jaime Cox,Support,2026-02-25,08:02,19:44,11.7,Mobile App,Testing,In Progress,69,90,3.7,4,2.4,1,8,61,14,8,4.4,Medium,Stable
EMP018,Jaime Cox,Support,2026-02-26,08:05,17:59,9.9,CRM Dashboard,Model Training,Completed,73,102,1.9,3,1.6,7,2,69,14,4,4.2,Medium,Stable
EMP018,Jaime Cox,Support,2026-02-27,09:39,19:27,9.8,IoT Monitoring,Documentation,In Progress,76,87,1.8,4,2.0,7,8,76,10,5,4.5,Medium,Stable
EMP018,Jaime Cox,Support,2026-02-28,08:34,18:40,10.1,Mobile App,Bug Fixing,In Progress,64,92,2.1,5,1.4,6,8,57,10,10,3.8,Medium,Stable
EMP018,Jaime Cox,Support,2026-03-02,09:26,20:32,11.1,Mobile App,Client Support,In Progress,78,84,3.1,6,1.9,1,4,71,10,10,4.5,Medium,Stable
EMP018,Jaime Cox,Support,2026-03-03,08:35,17:59,9.4,CRM Dashboard,Testing,Completed,75,95,1.4,6,0.7,10,7,67,14,3,4.7,Medium,Stable
EMP018,Jaime Cox,Support,2026-03-04,10:48,22:06,11.3,Mobile App,Documentation,In Progress,74,118,3.3,5,2.3,8,2,69,6,6,4.1,Medium,Stable
EMP018,Jaime Cox,Support,2026-03-05,10:23,19:47,9.4,IoT Monitoring,API Integration,In Progress,59,111,1.4,5,2.9,4,3,54,14,10,3.3,Medium,Declining
EMP018,Jaime Cox,Support,2026-03-06,10:51,20:33,9.7,CRM Dashboard,UI Design,In Progress,61,90,1.7,4,1.2,6,7,60,10,10,3.8,Medium,Stable
EMP018,Jaime Cox,Support,2026-03-07,08:35,20:05,11.5,IoT Monitoring,Testing,In Progress,58,119,3.5,6,2.4,8,6,52,12,10,3.1,High,Declining
EMP018,Jaime Cox,Support,2026-03-09,09:33,20:15,10.7,CRM Dashboard,Model Training,In Progress,57,83,2.7,4,1.0,3,6,47,6,6,3.6,Medium,Declining
EMP018,Jaime Cox,Support,2026-03-10,10:29,19:35,9.1,AI Analytics,Client Support,Pending,77,85,1.1,5,2.9,7,5,69,13,7,4.1,Medium,Stable
EMP018,Jaime Cox,Support,2026-03-11,09:19,19:37,10.3,Mobile App,Database Update,Completed,74,60,2.3,4,1.1,2,1,64,7,5,4.5,Medium,Stable
EMP018,Jaime Cox,Support,2026-03-12,08:36,19:00,10.4,Mobile App,Client Support,Completed,65,70,2.4,2,1.1,2,6,64,15,10,3.8,Medium,Stable
EMP018,Jaime Cox,Support,2026-03-13,09:20,19:50,10.5,AI Analytics,Bug Fixing,Pending,76,120,2.5,6,1.1,5,4,71,13,4,4.4,Medium,Stable
EMP018,Jaime Cox,Support,2026-03-14,10:38,21:02,10.4,IoT Monitoring,Model Training,In Progress,66,95,2.4,5,1.4,8,2,64,12,7,4.2,Medium,Stable
EMP018,Jaime Cox,Support,2026-03-15,10:07,22:07,12.0,CRM Dashboard,Testing,In Progress,61,82,4.0,2,2.3,4,4,60,13,6,3.2,High,Stable
EMP018,Jaime Cox,Support,2026-03-16,10:05,21:17,11.2,Mobile App,Model Training,Pending,69,115,3.2,3,2.7,5,4,68,14,13,4.3,Medium,Stable
EMP018,Jaime Cox,Support,2026-03-17,08:06,18:18,10.2,CRM Dashboard,API Integration,Completed,62,76,2.2,6,2.1,3,3,61,12,12,3.5,Medium,Stable
EMP018,Jaime Cox,Support,2026-03-18,10:01,22:01,12.0,Mobile App,Documentation,Pending,63,92,4.0,6,2.2,2,2,53,9,9,3.4,High,Stable
EMP018,Jaime Cox,Support,2026-03-19,09:36,20:06,10.5,IoT Monitoring,Documentation,Completed,65,113,2.5,1,1.0,1,8,55,13,9,4.2,Medium,Stable
EMP018,Jaime Cox,Support,2026-03-20,09:59,20:11,10.2,Client Portal,Model Training,Pending,74,70,2.2,6,0.9,3,2,65,8,8,3.8,Medium,Stable
EMP018,Jaime Cox,Support,2026-03-21,10:20,21:56,11.6,Mobile App,Documentation,In Progress,66,94,3.6,1,2.1,1,1,58,15,14,3.4,Medium,Stable
EMP018,Jaime Cox,Support,2026-03-23,08:57,18:15,9.3,AI Analytics,UI Design,Pending,63,80,1.3,2,2.3,2,3,59,12,11,3.7,Medium,Stable
EMP018,Jaime Cox,Support,2026-03-24,09:22,18:40,9.3,Mobile App,UI Design,Completed,64,116,1.3,3,2.9,7,0,59,12,4,3.9,Medium,Stable
EMP018,Jaime Cox,Support,2026-03-25,08:40,18:34,9.9,CRM Dashboard,Database Update,Completed,64,82,1.9,2,1.8,7,6,61,9,9,3.4,Medium,Stable
EMP018,Jaime Cox,Support,2026-03-26,10:15,22:03,11.8,AI Analytics,Testing,Completed,72,69,3.8,6,1.4,6,6,64,11,6,4.3,Medium,Stable
EMP018,Jaime Cox,Support,2026-03-27,09:46,21:34,11.8,HR System,Bug Fixing,In Progress,61,106,3.8,3,1.1,8,2,53,14,11,3.4,High,Stable
EMP018,Jaime Cox,Support,2026-03-28,08:16,19:16,11.0,CRM Dashboard,Client Support,In Progress,61,69,3.0,5,2.0,1,1,54,5,4,3.4,High,Stable
EMP018,Jaime Cox,Support,2026-03-29,10:36,20:48,10.2,CRM Dashboard,Database Update,Completed,76,65,2.2,5,0.8,4,7,69,12,3,4.1,Medium,Stable
EMP018,Jaime Cox,Support,2026-03-30,10:22,19:52,9.5,CRM Dashboard,Client Support,Completed,73,96,1.5,2,0.8,2,2,71,9,3,4.0,Medium,Stable
EMP018,Jaime Cox,Support,2026-03-31,09:18,19:24,10.1,IoT Monitoring,UI Design,Completed,59,64,2.1,5,1.9,5,6,51,6,6,3.7,Medium,Declining
EMP018,Jaime Cox,Support,2026-04-01,10:02,21:14,11.2,Client Portal,Model Training,In Progress,73,72,3.2,6,2.0,2,7,63,7,7,4.4,Medium,Stable
EMP018,Jaime Cox,Support,2026-04-02,10:54,21:12,10.3,IoT Monitoring,Bug Fixing,Completed,57,90,2.3,4,0.6,7,1,56,13,13,3.4,Medium,Declining
EMP018,Jaime Cox,Support,2026-04-03,10:07,19:25,9.3,HR System,Database Update,Pending,57,92,1.3,2,2.9,4,6,53,13,3,3.0,Medium,Declining
EMP018,Jaime Cox,Support,2026-04-04,09:50,21:32,11.7,HR System,Database Update,In Progress,60,63,3.7,3,1.9,4,7,50,11,10,3.1,High,Stable
EMP018,Jaime Cox,Support,2026-04-06,08:07,18:31,10.4,CRM Dashboard,Client Support,In Progress,55,78,2.4,5,2.3,9,0,45,14,6,3.5,Medium,Declining
EMP018,Jaime Cox,Support,2026-04-07,09:45,19:33,9.8,HR System,Bug Fixing,Completed,70,92,1.8,1,1.7,5,7,61,15,12,3.5,Medium,Stable
EMP018,Jaime Cox,Support,2026-04-08,08:01,18:25,10.4,AI Analytics,API Integration,In Progress,73,114,2.4,5,0.9,7,8,71,6,6,3.8,Medium,Stable
EMP018,Jaime Cox,Support,2026-04-09,08:30,20:06,11.6,AI Analytics,Bug Fixing,Completed,70,84,3.6,4,3.0,9,7,64,12,6,4.3,Medium,Stable
EMP018,Jaime Cox,Support,2026-04-10,10:31,21:49,11.3,Mobile App,Testing,Completed,60,83,3.3,6,0.6,4,3,51,8,8,3.9,High,Stable
EMP018,Jaime Cox,Support,2026-04-11,10:31,21:01,10.5,AI Analytics,Bug Fixing,Completed,75,120,2.5,6,2.8,3,8,65,15,13,4.7,Medium,Stable
EMP018,Jaime Cox,Support,2026-04-13,09:25,20:13,10.8,IoT Monitoring,Model Training,Completed,56,110,2.8,3,1.1,8,3,52,5,5,3.2,Medium,Declining
EMP018,Jaime Cox,Support,2026-04-14,09:42,21:42,12.0,IoT Monitoring,Testing,Completed,72,103,4.0,6,0.8,2,8,62,10,4,4.0,Medium,Stable
EMP018,Jaime Cox,Support,2026-04-15,10:11,21:53,11.7,AI Analytics,Client Support,In Progress,55,90,3.7,5,2.2,4,3,48,5,3,3.1,High,Declining
EMP018,Jaime Cox,Support,2026-04-16,09:09,19:21,10.2,CRM Dashboard,Testing,Completed,66,62,2.2,1,1.2,2,1,58,8,8,3.5,Medium,Stable
EMP018,Jaime Cox,Support,2026-04-17,09:12,19:18,10.1,HR System,Client Support,Completed,59,112,2.1,6,1.8,4,1,52,5,5,3.8,Medium,Declining
EMP018,Jaime Cox,Support,2026-04-18,09:56,21:26,11.5,HR System,Model Training,In Progress,58,67,3.5,4,2.0,1,2,57,11,11,3.5,High,Declining
EMP018,Jaime Cox,Support,2026-04-20,09:46,19:40,9.9,CRM Dashboard,Documentation,Completed,68,119,1.9,4,1.3,9,2,58,6,6,3.5,Medium,Stable
EMP018,Jaime Cox,Support,2026-04-21,10:00,20:12,10.2,IoT Monitoring,Database Update,Completed,74,105,2.2,2,1.8,10,7,70,13,9,4.0,Medium,Stable
EMP018,Jaime Cox,Support,2026-04-22,08:00,18:00,10.0,Mobile App,Database Update,Pending,69,106,2.0,3,1.9,2,6,62,10,8,4.0,Medium,Stable
EMP018,Jaime Cox,Support,2026-04-23,08:40,19:16,10.6,CRM Dashboard,Model Training,Completed,73,72,2.6,3,2.2,10,4,63,8,8,4.0,Medium,Stable
EMP018,Jaime Cox,Support,2026-04-24,10:31,21:43,11.2,HR System,Model Training,In Progress,73,80,3.2,2,2.6,6,1,73,5,5,4.4,Medium,Stable
EMP018,Jaime Cox,Support,2026-04-25,08:26,20:14,11.8,Mobile App,UI Design,In Progress,71,90,3.8,5,1.7,6,2,61,14,14,4.3,Medium,Stable
EMP018,Jaime Cox,Support,2026-04-27,10:58,20:52,9.9,HR System,Client Support,In Progress,66,70,1.9,3,1.3,8,1,62,13,13,4.0,Medium,Stable
EMP018,Jaime Cox,Support,2026-04-28,10:48,19:54,9.1,IoT Monitoring,Bug Fixing,Pending,65,81,1.1,2,0.6,7,6,59,10,10,3.8,Medium,Stable
EMP018,Jaime Cox,Support,2026-04-29,10:33,20:57,10.4,HR System,Client Support,Completed,63,85,2.4,3,1.2,5,0,62,7,3,3.2,Medium,Stable
EMP018,Jaime Cox,Support,2026-04-30,08:00,18:18,10.3,Mobile App,Bug Fixing,Pending,65,81,2.3,4,0.9,3,2,56,15,10,3.7,Medium,Stable
EMP018,Jaime Cox,Support,2026-05-01,08:26,20:02,11.6,CRM Dashboard,Testing,Completed,65,93,3.6,3,0.8,5,4,59,6,3,3.7,Medium,Stable
EMP018,Jaime Cox,Support,2026-05-02,08:00,18:48,10.8,Client Portal,Database Update,Pending,63,114,2.8,6,2.2,4,6,63,14,4,3.2,Medium,Stable
EMP018,Jaime Cox,Support,2026-05-04,09:29,19:53,10.4,Client Portal,Testing,Completed,72,76,2.4,5,1.5,5,7,70,10,8,4.2,Medium,Stable
EMP018,Jaime Cox,Support,2026-05-05,09:23,18:47,9.4,Mobile App,API Integration,In Progress,53,96,1.4,4,1.8,9,5,52,5,5,3.2,Medium,Declining
EMP018,Jaime Cox,Support,2026-05-06,08:53,20:41,11.8,IoT Monitoring,Database Update,In Progress,55,92,3.8,5,1.5,7,2,50,7,4,3.6,High,Declining
EMP018,Jaime Cox,Support,2026-05-07,09:29,20:17,10.8,CRM Dashboard,Database Update,Pending,53,74,2.8,5,0.5,9,5,45,8,8,3.0,Medium,Declining
EMP018,Jaime Cox,Support,2026-05-08,08:49,19:49,11.0,IoT Monitoring,API Integration,Completed,68,99,3.0,4,1.3,7,7,66,15,4,4.2,Medium,Stable
EMP018,Jaime Cox,Support,2026-05-09,09:48,20:06,10.3,Client Portal,Database Update,Completed,67,109,2.3,6,1.3,7,1,64,11,7,3.5,Medium,Stable
EMP018,Jaime Cox,Support,2026-05-11,09:39,20:33,10.9,IoT Monitoring,Testing,In Progress,70,95,2.9,6,2.5,5,2,67,8,8,4.3,Medium,Stable
EMP018,Jaime Cox,Support,2026-05-12,09:14,20:32,11.3,IoT Monitoring,Client Support,Pending,69,97,3.3,2,3.0,4,8,68,14,10,3.6,Medium,Stable
EMP018,Jaime Cox,Support,2026-05-13,10:23,21:47,11.4,Mobile App,UI Design,In Progress,73,86,3.4,5,2.3,3,0,72,7,7,4.0,Medium,Stable
EMP018,Jaime Cox,Support,2026-05-14,08:45,18:51,10.1,IoT Monitoring,UI Design,Pending,71,63,2.1,3,1.7,1,4,67,10,9,4.0,Medium,Stable
EMP018,Jaime Cox,Support,2026-05-15,08:19,18:13,9.9,AI Analytics,Database Update,In Progress,63,82,1.9,1,2.8,9,2,58,7,7,4.0,Medium,Stable
EMP018,Jaime Cox,Support,2026-05-16,08:25,19:37,11.2,Mobile App,Model Training,Pending,56,74,3.2,2,0.8,10,7,55,11,11,3.2,High,Declining
EMP018,Jaime Cox,Support,2026-05-18,10:10,21:04,10.9,AI Analytics,Testing,Pending,57,71,2.9,2,1.5,10,6,55,11,11,3.5,Medium,Declining
EMP018,Jaime Cox,Support,2026-05-19,09:23,19:53,10.5,CRM Dashboard,Client Support,Pending,69,106,2.5,6,2.4,9,2,59,15,12,3.8,Medium,Stable
EMP019,Jacob Cook,Support,2026-02-19,09:39,17:51,8.2,HR System,Documentation,Completed,85,12,0.2,4,0.8,10,8,76,12,12,4.9,Low,Improving
EMP019,Jacob Cook,Support,2026-02-20,08:40,16:34,7.9,IoT Monitoring,Database Update,Pending,96,37,0.0,3,1.0,1,7,91,12,12,5.0,Low,Improving
EMP019,Jacob Cook,Support,2026-02-21,09:23,17:17,7.9,CRM Dashboard,Testing,Completed,97,27,0.0,2,2.0,5,0,87,6,6,5.0,Low,Improving
EMP019,Jacob Cook,Support,2026-02-23,08:27,16:27,8.0,Mobile App,Client Support,Pending,87,12,0.0,4,0.8,8,0,79,8,8,5.0,Low,Improving
EMP019,Jacob Cook,Support,2026-02-24,09:05,18:17,9.2,Mobile App,Model Training,Pending,92,34,1.2,3,1.0,8,6,91,12,3,5.0,Medium,Improving
EMP019,Jacob Cook,Support,2026-02-25,09:42,18:48,9.1,AI Analytics,Database Update,In Progress,84,34,1.1,6,0.8,2,6,78,11,4,5.0,Medium,Improving
EMP019,Jacob Cook,Support,2026-02-26,08:39,17:27,8.8,Mobile App,Documentation,In Progress,94,33,0.8,5,0.6,10,1,92,5,5,5.0,Low,Improving
EMP019,Jacob Cook,Support,2026-02-27,08:14,16:38,8.4,CRM Dashboard,API Integration,In Progress,89,31,0.4,6,2.1,9,4,88,6,6,5.0,Low,Improving
EMP019,Jacob Cook,Support,2026-02-28,10:52,18:52,8.0,CRM Dashboard,Client Support,In Progress,98,34,0.0,2,2.6,7,6,97,12,4,5.0,Low,Improving
EMP019,Jacob Cook,Support,2026-03-02,08:54,17:48,8.9,IoT Monitoring,Documentation,Completed,91,22,0.9,5,0.8,4,5,88,5,5,4.7,Low,Improving
EMP019,Jacob Cook,Support,2026-03-03,10:10,18:16,8.1,CRM Dashboard,Client Support,In Progress,85,18,0.1,6,1.8,4,2,75,8,7,5.0,Low,Improving
EMP019,Jacob Cook,Support,2026-03-04,09:32,18:56,9.4,CRM Dashboard,Database Update,Completed,93,35,1.4,6,2.8,8,8,84,8,8,4.7,Medium,Improving
EMP019,Jacob Cook,Support,2026-03-05,09:24,18:00,8.6,AI Analytics,Database Update,Completed,99,35,0.6,5,0.7,5,1,99,12,5,5.0,Low,Improving
EMP019,Jacob Cook,Support,2026-03-06,10:45,18:33,7.8,CRM Dashboard,UI Design,Pending,90,22,0.0,5,1.7,9,5,87,6,4,5.0,Low,Improving
EMP019,Jacob Cook,Support,2026-03-07,09:38,17:26,7.8,Mobile App,Database Update,Pending,89,17,0.0,4,3.0,10,8,83,5,5,4.5,Low,Improving
EMP019,Jacob Cook,Support,2026-03-09,10:50,19:50,9.0,HR System,UI Design,Completed,97,12,1.0,5,3.0,10,5,97,10,10,4.9,Medium,Improving
EMP019,Jacob Cook,Support,2026-03-10,09:18,17:48,8.5,IoT Monitoring,Client Support,In Progress,96,39,0.5,2,0.9,7,6,87,5,5,5.0,Low,Improving
EMP019,Jacob Cook,Support,2026-03-11,09:39,17:51,8.2,AI Analytics,API Integration,In Progress,97,27,0.2,4,1.9,10,6,89,9,9,5.0,Low,Improving
EMP019,Jacob Cook,Support,2026-03-12,08:56,17:20,8.4,Mobile App,Testing,Completed,86,14,0.4,4,3.0,4,4,82,12,11,5.0,Low,Improving
EMP019,Jacob Cook,Support,2026-03-13,08:09,17:03,8.9,Client Portal,Testing,Completed,90,26,0.9,2,2.3,1,3,83,13,13,5.0,Low,Improving
EMP019,Jacob Cook,Support,2026-03-14,09:01,17:01,8.0,HR System,API Integration,Pending,92,39,0.0,5,1.0,4,5,92,10,10,4.9,Low,Improving
EMP019,Jacob Cook,Support,2026-03-16,08:25,17:43,9.3,CRM Dashboard,Documentation,Completed,91,13,1.3,4,1.1,9,0,90,5,5,5.0,Medium,Improving
EMP019,Jacob Cook,Support,2026-03-17,08:51,17:09,8.3,CRM Dashboard,API Integration,In Progress,86,32,0.3,6,0.5,5,5,85,14,14,4.8,Low,Improving
EMP019,Jacob Cook,Support,2026-03-18,08:03,15:51,7.8,Client Portal,Testing,Pending,86,36,0.0,3,2.8,1,1,81,13,9,4.4,Low,Improving
EMP019,Jacob Cook,Support,2026-03-19,08:36,17:36,9.0,HR System,API Integration,Pending,97,19,1.0,3,2.0,5,0,97,13,8,4.9,Medium,Improving
EMP019,Jacob Cook,Support,2026-03-20,09:28,17:40,8.2,HR System,Client Support,Pending,80,27,0.2,5,0.9,1,3,71,7,7,4.1,Low,Improving
EMP019,Jacob Cook,Support,2026-03-21,09:33,17:21,7.8,IoT Monitoring,Client Support,In Progress,92,16,0.0,6,0.9,5,2,91,14,14,5.0,Low,Improving
EMP019,Jacob Cook,Support,2026-03-23,09:36,18:06,8.5,Client Portal,Bug Fixing,Pending,91,20,0.5,4,1.3,10,2,81,12,5,5.0,Low,Improving
EMP019,Jacob Cook,Support,2026-03-24,09:05,17:05,8.0,AI Analytics,Model Training,Pending,83,17,0.0,3,0.8,7,7,73,11,10,4.4,Low,Improving
EMP019,Jacob Cook,Support,2026-03-25,10:34,18:28,7.9,CRM Dashboard,Bug Fixing,Pending,80,37,0.0,1,2.2,5,2,74,15,7,5.0,Low,Improving
EMP019,Jacob Cook,Support,2026-03-26,10:16,18:58,8.7,AI Analytics,Bug Fixing,Completed,81,32,0.7,5,2.3,4,0,75,14,6,4.2,Low,Improving
EMP019,Jacob Cook,Support,2026-03-27,10:51,18:21,7.5,Client Portal,Documentation,Pending,80,31,0.0,5,2.1,1,4,76,11,11,4.9,Low,Improving
EMP019,Jacob Cook,Support,2026-03-28,09:28,16:58,7.5,CRM Dashboard,API Integration,Completed,92,29,0.0,4,1.6,4,4,87,6,5,4.9,Low,Improving
EMP019,Jacob Cook,Support,2026-03-29,08:54,16:48,7.9,AI Analytics,API Integration,Completed,89,39,0.0,6,2.4,2,5,80,8,8,4.6,Low,Improving
EMP019,Jacob Cook,Support,2026-03-30,09:43,17:31,7.8,Mobile App,Client Support,Completed,87,36,0.0,2,1.9,10,8,87,15,7,4.7,Low,Improving
EMP019,Jacob Cook,Support,2026-03-31,08:38,16:26,7.8,CRM Dashboard,Testing,Pending,93,11,0.0,4,2.9,2,0,86,9,9,5.0,Low,Improving
EMP019,Jacob Cook,Support,2026-04-01,10:59,18:59,8.0,CRM Dashboard,Database Update,Pending,84,39,0.0,1,2.3,7,3,75,11,9,4.4,Low,Improving
EMP019,Jacob Cook,Support,2026-04-02,10:30,18:00,7.5,CRM Dashboard,Model Training,Pending,99,15,0.0,2,0.9,7,4,89,15,4,5.0,Low,Improving
EMP019,Jacob Cook,Support,2026-04-03,10:37,18:49,8.2,AI Analytics,Model Training,In Progress,82,23,0.2,1,2.1,2,2,76,5,5,4.7,Low,Improving
EMP019,Jacob Cook,Support,2026-04-04,10:34,18:46,8.2,HR System,Client Support,In Progress,86,22,0.2,2,1.0,4,7,78,14,3,4.8,Low,Improving
EMP019,Jacob Cook,Support,2026-04-06,08:42,16:36,7.9,CRM Dashboard,Bug Fixing,Pending,84,12,0.0,2,1.2,5,4,84,14,9,4.6,Low,Improving
EMP019,Jacob Cook,Support,2026-04-07,09:25,18:55,9.5,AI Analytics,Client Support,In Progress,91,14,1.5,5,1.1,4,6,91,13,13,5.0,Medium,Improving
EMP019,Jacob Cook,Support,2026-04-08,08:53,18:17,9.4,Client Portal,Client Support,In Progress,93,36,1.4,1,2.5,7,3,85,13,10,5.0,Medium,Improving
EMP019,Jacob Cook,Support,2026-04-09,08:13,15:43,7.5,IoT Monitoring,UI Design,Completed,89,21,0.0,1,1.9,2,4,87,13,10,5.0,Low,Improving
EMP019,Jacob Cook,Support,2026-04-10,08:43,17:01,8.3,Mobile App,API Integration,Completed,86,35,0.3,5,0.9,9,0,79,10,7,5.0,Low,Improving
EMP019,Jacob Cook,Support,2026-04-11,09:40,17:46,8.1,CRM Dashboard,UI Design,Completed,98,33,0.1,2,2.7,5,3,92,14,10,5.0,Low,Improving
EMP019,Jacob Cook,Support,2026-04-13,10:10,18:58,8.8,Mobile App,API Integration,In Progress,81,22,0.8,1,2.3,5,1,77,15,13,4.8,Low,Improving
EMP019,Jacob Cook,Support,2026-04-14,08:15,16:09,7.9,Mobile App,Documentation,In Progress,96,12,0.0,2,1.3,4,2,92,10,10,5.0,Low,Improving
EMP019,Jacob Cook,Support,2026-04-15,10:46,19:52,9.1,IoT Monitoring,API Integration,Completed,85,17,1.1,3,0.5,5,7,78,7,7,5.0,Medium,Improving
EMP019,Jacob Cook,Support,2026-04-16,10:31,18:37,8.1,Client Portal,UI Design,In Progress,85,35,0.1,4,2.2,10,7,75,7,3,4.8,Low,Improving
EMP019,Jacob Cook,Support,2026-04-17,08:55,17:01,8.1,Client Portal,Documentation,In Progress,93,18,0.1,4,0.8,2,4,84,9,8,5.0,Low,Improving
EMP019,Jacob Cook,Support,2026-04-18,09:33,18:39,9.1,IoT Monitoring,Bug Fixing,Completed,80,36,1.1,6,2.6,1,8,71,6,6,4.4,Medium,Improving
EMP019,Jacob Cook,Support,2026-04-20,10:41,19:53,9.2,CRM Dashboard,Model Training,Completed,86,39,1.2,2,1.2,8,5,86,12,10,4.5,Medium,Improving
EMP019,Jacob Cook,Support,2026-04-21,09:11,18:05,8.9,AI Analytics,Database Update,Completed,92,17,0.9,6,1.3,8,6,89,5,5,5.0,Low,Improving
EMP019,Jacob Cook,Support,2026-04-22,08:34,17:40,9.1,CRM Dashboard,Bug Fixing,Pending,85,14,1.1,2,0.5,7,8,76,8,8,4.9,Medium,Improving
EMP019,Jacob Cook,Support,2026-04-23,08:37,17:49,9.2,HR System,Testing,In Progress,95,23,1.2,1,1.1,4,7,90,15,6,5.0,Medium,Improving
EMP019,Jacob Cook,Support,2026-04-24,08:12,16:24,8.2,AI Analytics,Database Update,Completed,79,27,0.2,4,0.7,10,6,74,12,4,4.2,Low,Stable
EMP019,Jacob Cook,Support,2026-04-25,08:55,18:07,9.2,Mobile App,Documentation,Completed,84,35,1.2,4,2.5,9,5,83,7,5,4.8,Medium,Improving
EMP019,Jacob Cook,Support,2026-04-27,09:27,18:45,9.3,Client Portal,Documentation,In Progress,81,24,1.3,2,2.5,10,0,81,12,9,4.8,Medium,Improving
EMP019,Jacob Cook,Support,2026-04-28,08:22,16:28,8.1,Mobile App,Testing,Completed,83,10,0.1,5,0.9,5,3,73,14,14,4.7,Low,Improving
EMP019,Jacob Cook,Support,2026-04-29,08:01,17:13,9.2,IoT Monitoring,Bug Fixing,In Progress,84,26,1.2,3,0.7,6,2,77,6,6,5.0,Medium,Improving
EMP019,Jacob Cook,Support,2026-04-30,09:16,17:10,7.9,Client Portal,API Integration,Pending,98,26,0.0,6,1.8,5,2,93,12,9,5.0,Low,Improving
EMP019,Jacob Cook,Support,2026-05-01,09:06,17:42,8.6,IoT Monitoring,Client Support,Pending,82,22,0.6,3,1.1,7,8,78,6,6,4.7,Low,Improving
EMP019,Jacob Cook,Support,2026-05-02,08:57,17:45,8.8,AI Analytics,Client Support,In Progress,93,14,0.8,3,2.2,2,6,83,15,11,5.0,Low,Improving
EMP019,Jacob Cook,Support,2026-05-04,09:51,18:15,8.4,Client Portal,Bug Fixing,Pending,79,34,0.4,5,2.7,5,2,78,10,5,4.7,Low,Stable
EMP019,Jacob Cook,Support,2026-05-05,09:00,16:54,7.9,AI Analytics,API Integration,In Progress,93,13,0.0,4,1.8,5,6,87,8,5,5.0,Low,Improving
EMP019,Jacob Cook,Support,2026-05-06,08:35,17:29,8.9,CRM Dashboard,Bug Fixing,Completed,85,13,0.9,6,2.0,9,1,84,14,11,4.5,Low,Improving
EMP019,Jacob Cook,Support,2026-05-07,09:22,18:04,8.7,AI Analytics,Client Support,Completed,94,26,0.7,2,0.8,10,6,84,12,4,5.0,Low,Improving
EMP019,Jacob Cook,Support,2026-05-08,08:11,16:11,8.0,CRM Dashboard,Model Training,Completed,99,39,0.0,5,2.8,6,7,99,7,7,5.0,Low,Improving
EMP019,Jacob Cook,Support,2026-05-09,10:51,19:51,9.0,Mobile App,Client Support,Pending,94,27,1.0,3,1.8,5,4,91,15,15,5.0,Medium,Improving
EMP019,Jacob Cook,Support,2026-05-10,09:44,19:02,9.3,CRM Dashboard,Bug Fixing,In Progress,96,11,1.3,3,2.9,7,3,92,7,7,5.0,Medium,Improving
EMP019,Jacob Cook,Support,2026-05-11,08:38,17:56,9.3,CRM Dashboard,Client Support,Completed,93,15,1.3,1,2.0,10,6,88,14,5,5.0,Medium,Improving
EMP019,Jacob Cook,Support,2026-05-12,10:08,18:08,8.0,Client Portal,Documentation,In Progress,83,32,0.0,5,2.2,9,2,78,15,5,4.9,Low,Improving
EMP019,Jacob Cook,Support,2026-05-13,10:51,19:21,8.5,IoT Monitoring,Client Support,Completed,98,34,0.5,3,2.9,2,8,89,5,5,5.0,Low,Improving
EMP019,Jacob Cook,Support,2026-05-14,08:30,16:54,8.4,AI Analytics,Testing,Completed,79,31,0.4,5,1.5,10,3,78,8,7,4.3,Low,Stable
EMP019,Jacob Cook,Support,2026-05-15,09:03,18:15,9.2,HR System,Client Support,Completed,96,10,1.2,2,1.8,3,6,89,8,8,4.8,Medium,Improving
EMP019,Jacob Cook,Support,2026-05-16,09:07,16:49,7.7,Client Portal,Documentation,Completed,96,17,0.0,4,1.2,10,8,87,9,9,5.0,Low,Improving
EMP019,Jacob Cook,Support,2026-05-18,09:37,19:07,9.5,Mobile App,Model Training,In Progress,81,25,1.5,4,2.2,4,7,73,8,8,4.5,Medium,Improving
EMP019,Jacob Cook,Support,2026-05-19,08:22,16:28,8.1,IoT Monitoring,Testing,In Progress,98,29,0.1,5,2.8,7,2,89,7,4,5.0,Low,Improving
EMP020,Ashlee Foster,Development,2026-02-19,10:12,19:36,9.4,CRM Dashboard,Model Training,Pending,59,82,1.4,4,1.1,2,5,59,13,5,3.4,Medium,Declining
EMP020,Ashlee Foster,Development,2026-02-20,10:14,20:26,10.2,Client Portal,Bug Fixing,Pending,49,117,2.2,5,0.8,1,2,48,15,12,2.5,Medium,Declining
EMP020,Ashlee Foster,Development,2026-02-21,08:11,18:11,10.0,Client Portal,UI Design,In Progress,59,60,2.0,1,1.5,9,4,53,12,11,3.9,Medium,Declining
EMP020,Ashlee Foster,Development,2026-02-22,10:19,22:01,11.7,AI Analytics,Bug Fixing,Completed,60,84,3.7,6,1.7,7,5,58,8,4,3.6,High,Stable
EMP020,Ashlee Foster,Development,2026-02-23,08:46,18:28,9.7,Client Portal,Model Training,In Progress,51,119,1.7,3,0.7,9,6,41,11,11,3.2,Medium,Declining
EMP020,Ashlee Foster,Development,2026-02-24,08:45,19:39,10.9,IoT Monitoring,UI Design,Pending,59,84,2.9,5,1.3,7,2,53,15,8,3.9,Medium,Declining
EMP020,Ashlee Foster,Development,2026-02-25,08:17,18:17,10.0,Mobile App,Documentation,Pending,49,75,2.0,6,1.3,5,1,41,15,11,2.5,Medium,Declining
EMP020,Ashlee Foster,Development,2026-02-26,09:13,20:37,11.4,CRM Dashboard,Bug Fixing,Completed,52,63,3.4,1,1.8,1,3,46,13,10,3.6,High,Declining
EMP020,Ashlee Foster,Development,2026-02-27,08:24,19:00,10.6,HR System,Model Training,Pending,57,120,2.6,4,1.5,8,2,53,11,8,3.1,Medium,Declining
EMP020,Ashlee Foster,Development,2026-02-28,08:51,18:33,9.7,CRM Dashboard,Model Training,Pending,52,62,1.7,4,2.6,10,5,51,13,8,3.3,Medium,Declining
EMP020,Ashlee Foster,Development,2026-03-02,10:41,22:41,12.0,AI Analytics,Testing,Completed,56,67,4.0,5,0.8,6,4,46,14,4,3.4,High,Declining
EMP020,Ashlee Foster,Development,2026-03-03,10:10,19:34,9.4,Client Portal,UI Design,Completed,52,80,1.4,6,2.5,3,4,49,7,7,2.8,Medium,Declining
EMP020,Ashlee Foster,Development,2026-03-04,10:25,20:49,10.4,CRM Dashboard,Testing,Completed,53,96,2.4,3,2.2,1,8,47,5,3,3.5,Medium,Declining
EMP020,Ashlee Foster,Development,2026-03-05,10:27,21:21,10.9,Client Portal,Client Support,Pending,57,64,2.9,1,1.3,7,5,48,12,6,3.1,Medium,Declining
EMP020,Ashlee Foster,Development,2026-03-06,09:01,19:43,10.7,AI Analytics,Testing,Pending,63,109,2.7,6,2.9,4,6,57,15,3,3.8,Medium,Stable
EMP020,Ashlee Foster,Development,2026-03-07,09:48,20:48,11.0,IoT Monitoring,Database Update,Completed,51,95,3.0,4,1.2,4,6,45,5,5,3.4,High,Declining
EMP020,Ashlee Foster,Development,2026-03-09,08:34,20:22,11.8,IoT Monitoring,Model Training,Pending,63,93,3.8,5,1.0,2,7,59,13,5,3.5,High,Stable
EMP020,Ashlee Foster,Development,2026-03-10,10:05,21:41,11.6,Mobile App,Documentation,Pending,52,72,3.6,4,2.9,8,6,52,9,9,3.2,High,Declining
EMP020,Ashlee Foster,Development,2026-03-11,10:05,19:17,9.2,HR System,Documentation,Pending,67,87,1.2,3,2.7,3,5,60,5,5,4.0,Medium,Stable
EMP020,Ashlee Foster,Development,2026-03-12,08:00,17:42,9.7,HR System,Model Training,Completed,67,92,1.7,4,0.6,10,1,61,8,8,3.6,Medium,Stable
EMP020,Ashlee Foster,Development,2026-03-13,10:22,20:16,9.9,CRM Dashboard,API Integration,Pending,63,115,1.9,3,0.6,2,2,63,15,7,4.0,Medium,Stable
EMP020,Ashlee Foster,Development,2026-03-14,09:36,20:00,10.4,HR System,API Integration,Completed,48,68,2.4,4,0.8,8,3,42,13,5,3.1,Medium,Declining
EMP020,Ashlee Foster,Development,2026-03-15,10:42,22:24,11.7,Mobile App,Database Update,Completed,64,65,3.7,5,0.7,10,7,54,7,3,3.4,High,Stable
EMP020,Ashlee Foster,Development,2026-03-16,09:21,20:21,11.0,IoT Monitoring,Database Update,Pending,49,77,3.0,6,0.8,8,6,47,9,6,3.4,High,Declining
EMP020,Ashlee Foster,Development,2026-03-17,08:45,19:39,10.9,Mobile App,Model Training,Completed,48,77,2.9,3,1.1,1,6,40,8,8,3.3,Medium,Declining
EMP020,Ashlee Foster,Development,2026-03-18,10:45,22:09,11.4,HR System,Documentation,Pending,66,93,3.4,1,2.6,5,2,59,9,9,3.9,Medium,Stable
EMP020,Ashlee Foster,Development,2026-03-19,08:46,18:34,9.8,AI Analytics,Database Update,In Progress,53,69,1.8,2,1.4,4,1,52,15,13,3.4,Medium,Declining
EMP020,Ashlee Foster,Development,2026-03-20,08:42,20:12,11.5,Client Portal,UI Design,Pending,61,72,3.5,1,1.3,2,7,52,11,11,3.9,High,Stable
EMP020,Ashlee Foster,Development,2026-03-21,09:42,21:00,11.3,HR System,Bug Fixing,In Progress,56,92,3.3,2,1.6,1,2,54,12,8,3.7,High,Declining
EMP020,Ashlee Foster,Development,2026-03-23,09:49,21:01,11.2,HR System,Model Training,Pending,61,88,3.2,2,1.5,3,3,54,8,4,3.1,High,Stable
EMP020,Ashlee Foster,Development,2026-03-24,10:04,19:16,9.2,AI Analytics,Client Support,Completed,46,85,1.2,3,2.0,10,1,40,6,6,2.7,Medium,Declining
EMP020,Ashlee Foster,Development,2026-03-25,09:30,20:06,10.6,CRM Dashboard,Documentation,Completed,48,71,2.6,1,1.8,7,2,40,10,10,2.6,Medium,Declining
EMP020,Ashlee Foster,Development,2026-03-26,09:16,20:28,11.2,CRM Dashboard,Bug Fixing,Pending,48,76,3.2,5,2.8,6,5,41,12,8,2.6,High,Declining
EMP020,Ashlee Foster,Development,2026-03-27,10:00,19:42,9.7,CRM Dashboard,Model Training,In Progress,54,100,1.7,3,0.9,5,0,54,9,7,2.9,Medium,Declining
EMP020,Ashlee Foster,Development,2026-03-28,09:44,19:44,10.0,CRM Dashboard,UI Design,Completed,53,112,2.0,2,2.1,4,7,53,14,11,3.0,Medium,Declining
EMP020,Ashlee Foster,Development,2026-03-29,10:15,21:39,11.4,Client Portal,Client Support,In Progress,56,110,3.4,2,0.5,6,7,49,10,10,3.1,High,Declining
EMP020,Ashlee Foster,Development,2026-03-30,08:19,18:37,10.3,CRM Dashboard,API Integration,In Progress,51,114,2.3,3,0.6,10,8,50,14,13,3.0,Medium,Declining
EMP020,Ashlee Foster,Development,2026-03-31,10:35,22:29,11.9,IoT Monitoring,Database Update,Pending,63,95,3.9,4,2.0,4,2,61,5,5,4.0,High,Stable
EMP020,Ashlee Foster,Development,2026-04-01,09:23,18:41,9.3,IoT Monitoring,Documentation,Pending,65,99,1.3,4,1.1,10,0,56,7,7,3.6,Medium,Stable
EMP020,Ashlee Foster,Development,2026-04-02,10:37,21:37,11.0,AI Analytics,Model Training,Pending,62,112,3.0,5,2.8,6,1,55,12,3,3.6,High,Stable
EMP020,Ashlee Foster,Development,2026-04-03,10:52,22:10,11.3,Mobile App,Client Support,Pending,55,106,3.3,2,2.9,5,8,48,5,5,3.2,High,Declining
EMP020,Ashlee Foster,Development,2026-04-04,08:10,18:04,9.9,IoT Monitoring,Database Update,In Progress,56,117,1.9,4,1.3,6,0,50,7,6,3.3,Medium,Declining
EMP020,Ashlee Foster,Development,2026-04-05,10:31,21:31,11.0,Mobile App,API Integration,Pending,51,89,3.0,6,1.0,9,7,50,6,6,2.6,High,Declining
EMP020,Ashlee Foster,Development,2026-04-06,09:55,20:37,10.7,Mobile App,Documentation,In Progress,46,94,2.7,1,0.9,9,5,46,7,7,2.7,Medium,Declining
EMP020,Ashlee Foster,Development,2026-04-07,09:19,18:43,9.4,HR System,Bug Fixing,Pending,47,103,1.4,2,0.7,7,6,46,7,7,3.1,Medium,Declining
EMP020,Ashlee Foster,Development,2026-04-08,08:52,18:52,10.0,CRM Dashboard,Testing,Completed,61,94,2.0,5,2.2,7,2,58,6,6,3.4,Medium,Stable
EMP020,Ashlee Foster,Development,2026-04-09,08:16,19:16,11.0,Mobile App,Bug Fixing,Completed,55,95,3.0,1,1.5,6,2,53,14,7,3.7,High,Declining
EMP020,Ashlee Foster,Development,2026-04-10,10:24,21:24,11.0,Mobile App,Client Support,Completed,45,65,3.0,3,1.5,3,3,40,12,12,3.1,High,Declining
EMP020,Ashlee Foster,Development,2026-04-11,09:15,19:45,10.5,AI Analytics,UI Design,In Progress,48,96,2.5,4,2.1,9,5,44,5,3,2.7,Medium,Declining
EMP020,Ashlee Foster,Development,2026-04-13,09:41,18:47,9.1,AI Analytics,UI Design,In Progress,59,96,1.1,1,1.4,4,5,53,6,6,3.0,Medium,Declining
EMP020,Ashlee Foster,Development,2026-04-14,09:50,19:32,9.7,Client Portal,UI Design,Pending,47,89,1.7,5,2.4,4,8,40,13,9,2.9,Medium,Declining
EMP020,Ashlee Foster,Development,2026-04-15,08:41,18:11,9.5,Client Portal,Client Support,Completed,55,86,1.5,3,2.4,8,2,45,14,7,3.6,Medium,Declining
EMP020,Ashlee Foster,Development,2026-04-16,08:53,20:41,11.8,AI Analytics,UI Design,Pending,45,87,3.8,6,0.7,3,5,44,6,4,3.2,High,Declining
EMP020,Ashlee Foster,Development,2026-04-17,10:12,20:36,10.4,CRM Dashboard,Model Training,Pending,58,69,2.4,2,0.8,8,3,51,7,7,2.9,Medium,Declining
EMP020,Ashlee Foster,Development,2026-04-18,09:40,19:40,10.0,HR System,Testing,Pending,65,95,2.0,5,1.1,2,0,58,10,7,4.1,Medium,Stable
EMP020,Ashlee Foster,Development,2026-04-19,10:21,21:09,10.8,CRM Dashboard,Documentation,In Progress,65,60,2.8,6,2.4,9,1,64,10,3,3.3,Medium,Stable
EMP020,Ashlee Foster,Development,2026-04-20,09:22,20:46,11.4,CRM Dashboard,UI Design,Completed,52,78,3.4,4,2.7,10,8,45,10,8,3.1,High,Declining
EMP020,Ashlee Foster,Development,2026-04-21,10:59,21:11,10.2,CRM Dashboard,UI Design,Completed,55,72,2.2,2,0.7,4,2,53,12,12,3.4,Medium,Declining
EMP020,Ashlee Foster,Development,2026-04-22,10:17,20:47,10.5,HR System,Database Update,In Progress,54,89,2.5,2,2.6,4,1,45,9,9,2.9,Medium,Declining
EMP020,Ashlee Foster,Development,2026-04-23,10:25,20:25,10.0,HR System,Database Update,Completed,58,110,2.0,2,0.6,5,7,55,7,5,3.1,Medium,Declining
EMP020,Ashlee Foster,Development,2026-04-24,10:48,21:18,10.5,CRM Dashboard,Database Update,Completed,44,119,2.5,4,1.8,3,1,40,10,10,3.0,Medium,Declining
EMP020,Ashlee Foster,Development,2026-04-25,08:54,17:54,9.0,AI Analytics,Model Training,In Progress,50,60,1.0,1,2.8,10,3,48,10,10,2.5,Medium,Declining
EMP020,Ashlee Foster,Development,2026-04-27,10:21,20:03,9.7,Mobile App,Client Support,Pending,60,62,1.7,6,2.2,10,2,52,6,6,3.3,Medium,Stable
EMP020,Ashlee Foster,Development,2026-04-28,10:04,19:52,9.8,AI Analytics,Bug Fixing,In Progress,62,107,1.8,1,1.2,6,0,53,10,10,4.0,Medium,Stable
EMP020,Ashlee Foster,Development,2026-04-29,08:42,18:48,10.1,IoT Monitoring,UI Design,Pending,50,72,2.1,2,1.6,9,1,48,15,14,3.2,Medium,Declining
EMP020,Ashlee Foster,Development,2026-04-30,08:10,19:40,11.5,HR System,API Integration,Pending,53,70,3.5,1,1.8,7,6,53,9,9,2.8,High,Declining
EMP020,Ashlee Foster,Development,2026-05-01,10:41,22:35,11.9,HR System,Database Update,Pending,60,95,3.9,3,3.0,3,4,53,7,7,3.6,High,Stable
EMP020,Ashlee Foster,Development,2026-05-02,10:02,20:14,10.2,IoT Monitoring,Client Support,In Progress,44,68,2.2,4,2.1,5,3,42,14,6,2.6,Medium,Declining
EMP020,Ashlee Foster,Development,2026-05-04,08:02,18:02,10.0,Mobile App,UI Design,Pending,64,83,2.0,4,2.6,9,6,59,6,6,4.2,Medium,Stable
EMP020,Ashlee Foster,Development,2026-05-05,10:15,21:57,11.7,Mobile App,API Integration,In Progress,49,71,3.7,4,2.7,8,7,47,12,6,2.8,High,Declining
EMP020,Ashlee Foster,Development,2026-05-06,08:12,17:30,9.3,CRM Dashboard,Database Update,Pending,58,105,1.3,3,1.3,5,7,50,5,5,3.1,Medium,Declining
EMP020,Ashlee Foster,Development,2026-05-07,08:25,19:07,10.7,AI Analytics,Testing,Completed,49,95,2.7,6,2.1,5,3,40,12,5,3.2,Medium,Declining
EMP020,Ashlee Foster,Development,2026-05-08,10:25,21:37,11.2,IoT Monitoring,Documentation,Completed,43,76,3.2,5,0.7,7,4,40,11,3,2.4,High,Declining
EMP020,Ashlee Foster,Development,2026-05-09,09:13,20:55,11.7,Client Portal,Testing,Completed,61,60,3.7,4,1.2,10,0,54,10,8,3.2,High,Stable
EMP020,Ashlee Foster,Development,2026-05-10,10:58,21:34,10.6,AI Analytics,Testing,Pending,49,75,2.6,6,0.8,9,6,49,15,10,3.4,Medium,Declining
EMP020,Ashlee Foster,Development,2026-05-11,10:13,21:37,11.4,HR System,Database Update,In Progress,45,73,3.4,3,0.6,4,4,41,9,3,2.7,High,Declining
EMP020,Ashlee Foster,Development,2026-05-12,09:04,19:46,10.7,CRM Dashboard,Client Support,Completed,62,97,2.7,1,2.2,1,0,54,10,10,3.9,Medium,Stable
EMP020,Ashlee Foster,Development,2026-05-13,09:38,19:20,9.7,Mobile App,Testing,In Progress,47,92,1.7,5,1.4,1,0,40,5,5,3.0,Medium,Declining
EMP020,Ashlee Foster,Development,2026-05-14,08:45,18:15,9.5,Client Portal,Testing,Completed,54,116,1.5,2,2.4,7,5,50,15,15,2.9,Medium,Declining
EMP020,Ashlee Foster,Development,2026-05-15,08:13,17:55,9.7,CRM Dashboard,Documentation,Pending,58,117,1.7,2,1.8,1,3,58,6,3,3.7,Medium,Declining
EMP020,Ashlee Foster,Development,2026-05-16,09:30,20:54,11.4,IoT Monitoring,Documentation,Completed,46,80,3.4,1,2.1,4,1,40,15,13,3.0,High,Declining
EMP020,Ashlee Foster,Development,2026-05-17,09:40,18:46,9.1,HR System,Database Update,Pending,57,65,1.1,4,2.2,9,4,56,8,8,3.0,Medium,Declining
EMP020,Ashlee Foster,Development,2026-05-18,08:09,18:09,10.0,Mobile App,Testing,Completed,43,81,2.0,3,0.8,2,0,40,7,7,2.8,Medium,Declining
EMP020,Ashlee Foster,Development,2026-05-19,09:13,19:13,10.0,Mobile App,UI Design,Completed,43,76,2.0,5,1.8,3,7,40,8,8,3.0,Medium,Declining
EMP021,Scott West,HR,2026-02-19,09:23,16:17,6.9,Mobile App,Testing,Completed,55,70,0.0,5,2.1,5,2,45,6,6,3.4,Low,Declining
EMP021,Scott West,HR,2026-02-20,09:53,17:59,8.1,CRM Dashboard,Testing,Completed,71,52,0.1,5,2.7,9,1,64,13,4,3.9,Low,Stable
EMP021,Scott West,HR,2026-02-21,08:06,15:48,7.7,CRM Dashboard,UI Design,In Progress,67,53,0.0,1,0.8,6,0,67,8,8,3.7,Low,Stable
EMP021,Scott West,HR,2026-02-23,09:03,15:39,6.6,Mobile App,API Integration,Completed,64,45,0.0,6,0.9,4,8,57,5,5,3.8,Low,Stable
EMP021,Scott West,HR,2026-02-24,09:13,16:07,6.9,CRM Dashboard,Testing,Pending,54,70,0.0,6,2.2,3,2,48,15,14,3.0,Low,Declining
EMP021,Scott West,HR,2026-02-25,09:57,17:57,8.0,AI Analytics,Model Training,Completed,66,49,0.0,2,2.9,6,3,59,10,4,3.6,Low,Stable
EMP021,Scott West,HR,2026-02-26,10:10,17:16,7.1,HR System,Client Support,Pending,68,31,0.0,1,3.0,7,4,64,15,11,3.4,Low,Stable
EMP021,Scott West,HR,2026-02-27,10:02,18:20,8.3,CRM Dashboard,UI Design,In Progress,57,54,0.3,2,2.1,5,4,56,13,7,3.0,Low,Declining
EMP021,Scott West,HR,2026-02-28,10:35,17:41,7.1,HR System,Bug Fixing,In Progress,71,44,0.0,4,2.0,2,6,66,14,6,4.0,Low,Stable
EMP021,Scott West,HR,2026-03-02,09:24,17:36,8.2,CRM Dashboard,Model Training,Pending,53,45,0.2,2,2.8,1,0,44,5,5,2.7,Low,Declining
EMP021,Scott West,HR,2026-03-03,08:58,17:04,8.1,AI Analytics,UI Design,In Progress,65,53,0.1,1,1.7,6,6,59,8,6,4.0,Low,Stable
EMP021,Scott West,HR,2026-03-04,08:16,15:16,7.0,HR System,Documentation,Pending,64,67,0.0,1,1.7,4,6,58,8,8,3.9,Low,Stable
EMP021,Scott West,HR,2026-03-05,10:49,18:55,8.1,AI Analytics,Database Update,Completed,71,70,0.1,4,2.8,7,0,67,5,5,4.2,Low,Stable
EMP021,Scott West,HR,2026-03-06,10:42,18:06,7.4,IoT Monitoring,Bug Fixing,Pending,65,50,0.0,3,1.5,4,3,55,9,4,3.8,Low,Stable
EMP021,Scott West,HR,2026-03-07,09:02,15:44,6.7,HR System,Testing,Completed,52,39,0.0,3,2.9,2,1,43,7,7,3.1,Low,Declining
EMP021,Scott West,HR,2026-03-09,10:17,17:11,6.9,CRM Dashboard,Model Training,In Progress,72,40,0.0,4,1.5,3,1,66,15,9,3.7,Low,Stable
EMP021,Scott West,HR,2026-03-10,09:07,16:43,7.6,IoT Monitoring,UI Design,Pending,68,30,0.0,5,1.9,1,5,67,13,12,3.9,Low,Stable
EMP021,Scott West,HR,2026-03-11,09:17,16:41,7.4,HR System,API Integration,Completed,55,48,0.0,3,2.2,6,8,55,13,5,3.6,Low,Declining
EMP021,Scott West,HR,2026-03-12,08:37,16:55,8.3,Client Portal,Client Support,Pending,66,60,0.3,4,0.8,1,6,57,9,9,3.4,Low,Stable
EMP021,Scott West,HR,2026-03-13,08:34,17:04,8.5,IoT Monitoring,API Integration,Completed,52,61,0.5,2,2.7,8,6,51,13,11,3.2,Low,Declining
EMP021,Scott West,HR,2026-03-14,10:15,18:21,8.1,Client Portal,Testing,Completed,54,37,0.1,6,2.9,6,6,47,8,6,3.6,Low,Declining
EMP021,Scott West,HR,2026-03-16,08:06,15:36,7.5,Mobile App,UI Design,Completed,69,63,0.0,4,2.4,10,6,64,6,6,4.2,Low,Stable
EMP021,Scott West,HR,2026-03-17,09:55,17:19,7.4,IoT Monitoring,Bug Fixing,Pending,59,40,0.0,4,0.8,3,1,54,12,9,3.2,Low,Declining
EMP021,Scott West,HR,2026-03-18,08:29,16:41,8.2,HR System,UI Design,Pending,55,32,0.2,6,2.1,7,2,47,11,11,2.8,Low,Declining
EMP021,Scott West,HR,2026-03-19,09:37,18:25,8.8,Mobile App,Documentation,In Progress,58,69,0.8,3,0.7,5,4,53,8,8,3.8,Low,Declining
EMP021,Scott West,HR,2026-03-20,08:29,15:35,7.1,Mobile App,API Integration,Completed,54,54,0.0,5,2.5,3,1,45,14,11,2.7,Low,Declining
EMP021,Scott West,HR,2026-03-21,08:56,17:32,8.6,IoT Monitoring,Testing,Completed,52,60,0.6,1,1.5,8,8,48,6,6,2.7,Low,Declining
EMP021,Scott West,HR,2026-03-23,08:53,16:47,7.9,Client Portal,Database Update,Completed,52,38,0.0,5,1.2,6,5,43,12,4,2.9,Low,Declining
EMP021,Scott West,HR,2026-03-24,08:30,16:12,7.7,AI Analytics,Bug Fixing,In Progress,71,57,0.0,3,2.3,5,0,68,6,6,4.3,Low,Stable
EMP021,Scott West,HR,2026-03-25,09:28,17:52,8.4,Client Portal,Model Training,In Progress,71,70,0.4,1,0.9,1,4,68,5,5,4.0,Low,Stable
EMP021,Scott West,HR,2026-03-26,08:02,15:50,7.8,IoT Monitoring,Client Support,In Progress,61,34,0.0,2,2.5,5,8,61,7,7,3.7,Low,Stable
EMP021,Scott West,HR,2026-03-27,09:53,17:17,7.4,Mobile App,Documentation,In Progress,70,60,0.0,2,2.1,1,7,69,5,5,4.3,Low,Stable
EMP021,Scott West,HR,2026-03-28,09:46,16:52,7.1,IoT Monitoring,Database Update,Completed,57,70,0.0,4,1.4,10,1,52,6,6,3.7,Low,Declining
EMP021,Scott West,HR,2026-03-30,08:34,17:28,8.9,Mobile App,UI Design,In Progress,56,39,0.9,4,2.4,6,4,53,11,11,3.2,Low,Declining
EMP021,Scott West,HR,2026-03-31,09:27,16:15,6.8,Client Portal,Testing,Completed,62,44,0.0,1,2.6,5,2,53,5,5,4.0,Low,Stable
EMP021,Scott West,HR,2026-04-01,09:32,18:32,9.0,CRM Dashboard,Model Training,Pending,58,39,1.0,2,2.7,8,0,49,13,10,3.1,Medium,Declining
EMP021,Scott West,HR,2026-04-02,08:25,15:13,6.8,Mobile App,Database Update,Completed,61,40,0.0,1,1.5,5,0,58,5,4,3.7,Low,Stable
EMP021,Scott West,HR,2026-04-03,09:45,17:09,7.4,Mobile App,Client Support,Pending,56,65,0.0,3,1.5,5,6,47,6,6,3.1,Low,Declining
EMP021,Scott West,HR,2026-04-04,10:18,19:06,8.8,Client Portal,Model Training,Completed,55,62,0.8,3,1.4,8,6,55,8,8,2.9,Low,Declining
EMP021,Scott West,HR,2026-04-06,10:44,17:56,7.2,IoT Monitoring,Bug Fixing,In Progress,63,49,0.0,5,1.8,7,2,57,7,7,3.4,Low,Stable
EMP021,Scott West,HR,2026-04-07,09:57,16:51,6.9,Client Portal,API Integration,In Progress,66,66,0.0,5,0.6,7,4,58,7,7,4.1,Low,Stable
EMP021,Scott West,HR,2026-04-08,08:23,16:59,8.6,CRM Dashboard,UI Design,Pending,58,49,0.6,5,2.3,6,5,52,11,11,3.7,Low,Declining
EMP021,Scott West,HR,2026-04-09,09:52,17:34,7.7,CRM Dashboard,UI Design,In Progress,61,31,0.0,6,2.3,5,0,55,7,3,3.8,Low,Stable
EMP021,Scott West,HR,2026-04-10,10:44,17:14,6.5,Mobile App,Model Training,Pending,52,42,0.0,4,0.6,1,2,44,10,10,3.2,Low,Declining
EMP021,Scott West,HR,2026-04-11,08:05,16:47,8.7,HR System,Bug Fixing,Pending,68,54,0.7,3,1.0,3,7,67,6,6,3.8,Low,Stable
EMP021,Scott West,HR,2026-04-13,10:17,17:35,7.3,IoT Monitoring,API Integration,Completed,53,41,0.0,6,0.7,5,3,45,15,12,2.7,Low,Declining
EMP021,Scott West,HR,2026-04-14,08:21,16:27,8.1,Mobile App,UI Design,Completed,65,62,0.1,2,2.6,6,0,61,5,5,3.4,Low,Stable
EMP021,Scott West,HR,2026-04-15,09:30,17:54,8.4,CRM Dashboard,Client Support,Completed,61,59,0.4,1,0.9,9,6,61,15,13,3.9,Low,Stable
EMP021,Scott West,HR,2026-04-16,10:39,19:21,8.7,AI Analytics,UI Design,Completed,66,68,0.7,4,0.8,5,4,66,8,8,3.5,Low,Stable
EMP021,Scott West,HR,2026-04-17,09:57,17:21,7.4,CRM Dashboard,API Integration,Completed,54,59,0.0,1,1.8,2,3,54,11,5,3.7,Low,Declining
EMP021,Scott West,HR,2026-04-18,10:56,19:50,8.9,HR System,UI Design,Completed,63,50,0.9,5,1.3,5,2,62,11,4,3.9,Low,Stable
EMP021,Scott West,HR,2026-04-20,08:41,15:47,7.1,IoT Monitoring,Testing,In Progress,64,37,0.0,4,1.9,1,4,55,6,6,4.1,Low,Stable
EMP021,Scott West,HR,2026-04-21,08:44,15:26,6.7,Client Portal,API Integration,Completed,59,36,0.0,1,2.7,8,1,55,7,4,3.3,Low,Declining
EMP021,Scott West,HR,2026-04-22,08:11,16:17,8.1,HR System,Model Training,In Progress,55,69,0.1,2,1.3,9,4,46,6,6,3.6,Low,Declining
EMP021,Scott West,HR,2026-04-23,09:32,18:20,8.8,CRM Dashboard,Model Training,Pending,60,39,0.8,2,1.9,1,8,51,7,7,3.3,Low,Stable
EMP021,Scott West,HR,2026-04-24,10:14,17:08,6.9,Client Portal,Client Support,Pending,63,66,0.0,4,1.9,3,4,55,6,6,3.3,Low,Stable
EMP021,Scott West,HR,2026-04-25,10:11,17:53,7.7,IoT Monitoring,Documentation,Pending,54,61,0.0,6,2.7,7,4,50,6,4,3.4,Low,Declining
EMP021,Scott West,HR,2026-04-27,08:57,16:51,7.9,AI Analytics,Client Support,Pending,56,46,0.0,4,2.8,2,6,47,11,11,2.9,Low,Declining
EMP021,Scott West,HR,2026-04-28,10:53,19:29,8.6,AI Analytics,UI Design,Pending,55,43,0.6,6,1.7,1,2,53,15,7,2.8,Low,Declining
EMP021,Scott West,HR,2026-04-29,10:40,18:16,7.6,CRM Dashboard,Model Training,In Progress,72,46,0.0,3,1.8,6,8,65,8,3,3.8,Low,Stable
EMP021,Scott West,HR,2026-04-30,10:18,19:06,8.8,IoT Monitoring,UI Design,In Progress,72,58,0.8,1,1.4,4,8,68,13,13,3.8,Low,Stable
EMP021,Scott West,HR,2026-05-01,09:44,18:08,8.4,IoT Monitoring,Bug Fixing,Pending,70,52,0.4,3,2.9,7,2,66,9,9,3.5,Low,Stable
EMP021,Scott West,HR,2026-05-02,10:34,19:10,8.6,AI Analytics,API Integration,In Progress,66,34,0.6,4,1.2,3,1,66,12,11,4.2,Low,Stable
EMP021,Scott West,HR,2026-05-04,10:36,18:18,7.7,AI Analytics,Model Training,In Progress,53,70,0.0,2,0.6,9,2,50,15,13,3.5,Low,Declining
EMP021,Scott West,HR,2026-05-05,10:17,19:11,8.9,CRM Dashboard,UI Design,Completed,64,33,0.9,2,1.4,8,4,59,13,6,4.0,Low,Stable
EMP021,Scott West,HR,2026-05-06,09:38,17:02,7.4,Mobile App,Model Training,In Progress,69,37,0.0,1,3.0,8,8,60,13,12,3.8,Low,Stable
EMP021,Scott West,HR,2026-05-07,10:49,17:43,6.9,Mobile App,API Integration,In Progress,71,46,0.0,6,2.8,1,2,70,6,6,4.3,Low,Stable
EMP021,Scott West,HR,2026-05-08,10:16,18:04,7.8,CRM Dashboard,Bug Fixing,Completed,55,51,0.0,2,0.5,1,0,47,5,5,3.6,Low,Declining
EMP021,Scott West,HR,2026-05-09,08:49,16:31,7.7,HR System,UI Design,In Progress,69,58,0.0,3,1.5,10,1,67,5,5,3.7,Low,Stable
EMP021,Scott West,HR,2026-05-11,09:17,16:05,6.8,Mobile App,Testing,Pending,60,35,0.0,3,2.8,6,1,60,11,3,3.5,Low,Stable
EMP021,Scott West,HR,2026-05-12,09:20,16:02,6.7,CRM Dashboard,Client Support,In Progress,60,60,0.0,3,2.3,6,1,54,11,11,3.3,Low,Stable
EMP021,Scott West,HR,2026-05-13,08:02,14:32,6.5,AI Analytics,Database Update,Pending,71,70,0.0,3,2.6,1,2,64,6,6,4.2,Low,Stable
EMP021,Scott West,HR,2026-05-14,10:26,17:44,7.3,IoT Monitoring,Model Training,Pending,67,70,0.0,4,1.9,3,5,61,9,5,4.3,Low,Stable
EMP021,Scott West,HR,2026-05-15,10:06,17:54,7.8,CRM Dashboard,Bug Fixing,In Progress,60,63,0.0,5,1.6,5,2,59,7,7,3.1,Low,Stable
EMP021,Scott West,HR,2026-05-16,10:50,19:02,8.2,IoT Monitoring,Testing,Pending,58,36,0.2,5,2.9,10,8,53,7,7,3.6,Low,Declining
EMP021,Scott West,HR,2026-05-18,09:14,17:32,8.3,Mobile App,Database Update,Completed,71,45,0.3,3,2.0,6,0,71,14,11,4.4,Low,Stable
EMP021,Scott West,HR,2026-05-19,09:13,16:07,6.9,AI Analytics,Client Support,Completed,53,61,0.0,1,0.8,3,8,43,6,6,3.0,Low,Declining
EMP022,Melissa Cunningham,UI/UX,2026-02-19,09:37,19:43,10.1,AI Analytics,Client Support,In Progress,73,96,2.1,5,2.6,8,7,69,12,12,4.2,Medium,Stable
EMP022,Melissa Cunningham,UI/UX,2026-02-20,10:02,19:44,9.7,AI Analytics,Testing,Pending,68,95,1.7,2,2.3,3,8,60,8,8,4.0,Medium,Stable
EMP022,Melissa Cunningham,UI/UX,2026-02-21,09:36,21:24,11.8,Mobile App,Client Support,In Progress,71,107,3.8,6,0.7,8,4,68,5,5,4.0,Medium,Stable
EMP022,Melissa Cunningham,UI/UX,2026-02-23,09:02,20:38,11.6,AI Analytics,Client Support,In Progress,56,90,3.6,5,1.3,10,5,47,14,5,3.7,High,Declining
EMP022,Melissa Cunningham,UI/UX,2026-02-24,10:53,22:35,11.7,IoT Monitoring,Bug Fixing,In Progress,63,80,3.7,3,2.1,1,8,62,15,3,3.8,High,Stable
EMP022,Melissa Cunningham,UI/UX,2026-02-25,09:35,21:17,11.7,AI Analytics,Client Support,In Progress,56,107,3.7,5,0.5,4,0,48,13,3,3.3,High,Declining
EMP022,Melissa Cunningham,UI/UX,2026-02-26,09:52,19:46,9.9,Client Portal,Model Training,Pending,60,98,1.9,6,1.0,8,2,50,15,9,3.7,Medium,Stable
EMP022,Melissa Cunningham,UI/UX,2026-02-27,08:58,18:10,9.2,AI Analytics,Client Support,Pending,60,99,1.2,2,2.4,8,2,52,13,7,3.8,Medium,Stable
EMP022,Melissa Cunningham,UI/UX,2026-02-28,09:01,19:43,10.7,AI Analytics,API Integration,Completed,66,81,2.7,6,0.9,8,0,61,6,5,3.9,Medium,Stable
EMP022,Melissa Cunningham,UI/UX,2026-03-01,09:16,20:40,11.4,HR System,Database Update,Pending,64,63,3.4,5,2.8,3,3,63,10,10,3.6,High,Stable
EMP022,Melissa Cunningham,UI/UX,2026-03-02,10:29,20:29,10.0,IoT Monitoring,Database Update,Pending,66,114,2.0,1,1.0,2,7,60,12,10,3.5,Medium,Stable
EMP022,Melissa Cunningham,UI/UX,2026-03-03,10:13,19:49,9.6,Mobile App,Client Support,In Progress,66,96,1.6,1,2.2,3,2,60,12,8,3.6,Medium,Stable
EMP022,Melissa Cunningham,UI/UX,2026-03-04,10:08,20:38,10.5,HR System,Documentation,Completed,63,112,2.5,5,2.1,9,7,58,15,12,3.5,Medium,Stable
EMP022,Melissa Cunningham,UI/UX,2026-03-05,08:44,20:32,11.8,AI Analytics,Testing,Pending,75,88,3.8,5,1.2,2,1,75,7,7,4.7,Medium,Stable
EMP022,Melissa Cunningham,UI/UX,2026-03-06,10:28,21:46,11.3,CRM Dashboard,API Integration,In Progress,59,111,3.3,6,2.6,7,4,55,7,7,3.0,High,Declining
EMP022,Melissa Cunningham,UI/UX,2026-03-07,08:05,18:53,10.8,Client Portal,Client Support,Completed,70,94,2.8,6,2.3,3,4,60,7,7,3.7,Medium,Stable
EMP022,Melissa Cunningham,UI/UX,2026-03-09,09:42,20:36,10.9,AI Analytics,Bug Fixing,Completed,59,71,2.9,1,1.1,3,0,50,6,6,3.8,Medium,Declining
EMP022,Melissa Cunningham,UI/UX,2026-03-10,08:42,19:48,11.1,AI Analytics,Documentation,In Progress,67,79,3.1,3,0.6,7,8,59,6,6,3.6,Medium,Stable
EMP022,Melissa Cunningham,UI/UX,2026-03-11,10:26,21:08,10.7,AI Analytics,Model Training,Completed,63,71,2.7,5,0.9,9,7,56,10,3,3.2,Medium,Stable
EMP022,Melissa Cunningham,UI/UX,2026-03-12,08:04,17:16,9.2,IoT Monitoring,Model Training,Completed,75,60,1.2,2,2.1,3,0,72,14,14,3.8,Medium,Stable
EMP022,Melissa Cunningham,UI/UX,2026-03-13,09:03,19:33,10.5,Mobile App,Documentation,Completed,72,86,2.5,3,2.3,7,1,69,12,3,4.1,Medium,Stable
EMP022,Melissa Cunningham,UI/UX,2026-03-14,10:39,21:39,11.0,CRM Dashboard,Bug Fixing,Completed,62,87,3.0,3,2.1,5,6,59,9,7,3.9,High,Stable
EMP022,Melissa Cunningham,UI/UX,2026-03-16,10:29,19:29,9.0,AI Analytics,Client Support,Pending,61,119,1.0,1,2.6,7,7,60,11,3,3.1,Medium,Stable
EMP022,Melissa Cunningham,UI/UX,2026-03-17,08:18,19:42,11.4,AI Analytics,Documentation,In Progress,68,74,3.4,5,0.8,7,1,63,9,9,3.8,Medium,Stable
EMP022,Melissa Cunningham,UI/UX,2026-03-18,08:32,18:44,10.2,CRM Dashboard,Testing,In Progress,61,70,2.2,1,0.8,9,2,58,7,7,3.6,Medium,Stable
EMP022,Melissa Cunningham,UI/UX,2026-03-19,08:30,17:36,9.1,IoT Monitoring,API Integration,Pending,56,114,1.1,2,2.8,3,5,51,14,5,3.3,Medium,Declining
EMP022,Melissa Cunningham,UI/UX,2026-03-20,10:17,21:17,11.0,HR System,Model Training,In Progress,74,116,3.0,2,2.8,7,5,70,13,13,4.4,Medium,Stable
EMP022,Melissa Cunningham,UI/UX,2026-03-21,08:51,19:09,10.3,CRM Dashboard,Model Training,Pending,67,66,2.3,2,2.7,1,5,59,11,5,4.2,Medium,Stable
EMP022,Melissa Cunningham,UI/UX,2026-03-23,09:42,19:06,9.4,HR System,Documentation,Completed,58,79,1.4,3,2.0,8,3,58,15,4,3.0,Medium,Declining
EMP022,Melissa Cunningham,UI/UX,2026-03-24,10:22,22:04,11.7,Mobile App,Database Update,In Progress,66,101,3.7,5,1.1,9,0,66,14,7,3.5,Medium,Stable
EMP022,Melissa Cunningham,UI/UX,2026-03-25,10:03,20:39,10.6,AI Analytics,UI Design,Completed,74,81,2.6,3,1.4,3,4,64,5,5,4.5,Medium,Stable
EMP022,Melissa Cunningham,UI/UX,2026-03-26,10:35,20:05,9.5,IoT Monitoring,UI Design,In Progress,71,76,1.5,2,2.0,7,3,64,14,11,4.5,Medium,Stable
EMP022,Melissa Cunningham,UI/UX,2026-03-27,09:14,20:44,11.5,AI Analytics,Database Update,Completed,67,82,3.5,1,1.9,9,3,63,5,5,4.2,Medium,Stable
EMP022,Melissa Cunningham,UI/UX,2026-03-28,08:17,20:05,11.8,CRM Dashboard,API Integration,Completed,66,64,3.8,4,2.9,10,7,59,12,12,3.6,Medium,Stable
EMP022,Melissa Cunningham,UI/UX,2026-03-30,09:14,18:38,9.4,CRM Dashboard,Bug Fixing,Completed,56,63,1.4,1,2.4,3,2,51,13,13,3.5,Medium,Declining
EMP022,Melissa Cunningham,UI/UX,2026-03-31,09:04,20:22,11.3,IoT Monitoring,Bug Fixing,Completed,72,86,3.3,2,2.1,9,2,70,14,8,4.2,Medium,Stable
EMP022,Melissa Cunningham,UI/UX,2026-04-01,09:42,18:48,9.1,Client Portal,Bug Fixing,Completed,58,115,1.1,4,2.3,3,7,57,9,3,3.3,Medium,Declining
EMP022,Melissa Cunningham,UI/UX,2026-04-02,10:37,21:19,10.7,Mobile App,UI Design,Completed,57,93,2.7,2,2.4,9,6,50,14,3,3.1,Medium,Declining
EMP022,Melissa Cunningham,UI/UX,2026-04-03,08:22,18:40,10.3,Mobile App,Database Update,In Progress,67,102,2.3,2,0.7,4,4,66,10,10,3.6,Medium,Stable
EMP022,Melissa Cunningham,UI/UX,2026-04-04,10:00,20:48,10.8,HR System,UI Design,Completed,68,102,2.8,5,1.0,4,3,60,10,10,4.1,Medium,Stable
EMP022,Melissa Cunningham,UI/UX,2026-04-06,09:51,18:51,9.0,IoT Monitoring,UI Design,Completed,71,90,1.0,3,2.8,8,2,66,13,3,3.6,Medium,Stable
EMP022,Melissa Cunningham,UI/UX,2026-04-07,10:27,20:09,9.7,Mobile App,Bug Fixing,Completed,69,97,1.7,5,1.0,7,7,59,6,6,4.1,Medium,Stable
EMP022,Melissa Cunningham,UI/UX,2026-04-08,09:43,21:25,11.7,IoT Monitoring,UI Design,Completed,73,89,3.7,3,2.8,9,4,66,10,10,4.2,Medium,Stable
EMP022,Melissa Cunningham,UI/UX,2026-04-09,10:09,21:45,11.6,Client Portal,UI Design,In Progress,68,64,3.6,3,2.7,3,8,68,13,13,3.4,Medium,Stable
EMP022,Melissa Cunningham,UI/UX,2026-04-10,09:20,20:44,11.4,Mobile App,UI Design,Completed,63,66,3.4,1,2.8,1,7,55,14,5,3.7,High,Stable
EMP022,Melissa Cunningham,UI/UX,2026-04-11,10:25,21:37,11.2,IoT Monitoring,Model Training,Pending,70,83,3.2,2,2.3,5,5,60,11,11,4.5,Medium,Stable
EMP022,Melissa Cunningham,UI/UX,2026-04-13,09:44,19:32,9.8,IoT Monitoring,Client Support,In Progress,53,81,1.8,5,1.2,8,8,45,11,9,3.4,Medium,Declining
EMP022,Melissa Cunningham,UI/UX,2026-04-14,10:02,19:02,9.0,HR System,Documentation,Completed,63,65,1.0,4,1.5,6,6,57,14,7,3.3,Medium,Stable
EMP022,Melissa Cunningham,UI/UX,2026-04-15,08:07,18:01,9.9,AI Analytics,Testing,Pending,58,116,1.9,1,1.7,8,4,56,10,10,3.8,Medium,Declining
EMP022,Melissa Cunningham,UI/UX,2026-04-16,08:59,19:59,11.0,Client Portal,Bug Fixing,Pending,55,107,3.0,4,2.8,1,2,51,10,10,3.0,High,Declining
EMP022,Melissa Cunningham,UI/UX,2026-04-17,08:41,19:53,11.2,IoT Monitoring,Database Update,Completed,59,102,3.2,4,0.9,4,5,55,7,5,3.9,High,Declining
EMP022,Melissa Cunningham,UI/UX,2026-04-18,08:16,17:46,9.5,CRM Dashboard,Testing,In Progress,57,62,1.5,6,0.5,5,5,55,15,14,3.3,Medium,Declining
EMP022,Melissa Cunningham,UI/UX,2026-04-19,08:14,19:20,11.1,HR System,Documentation,In Progress,63,120,3.1,3,1.6,8,2,55,9,8,3.5,High,Stable
EMP022,Melissa Cunningham,UI/UX,2026-04-20,08:20,17:50,9.5,Mobile App,Testing,Completed,52,69,1.5,3,1.2,2,7,50,8,6,2.7,Medium,Declining
EMP022,Melissa Cunningham,UI/UX,2026-04-21,08:27,18:21,9.9,AI Analytics,Database Update,Pending,61,75,1.9,3,1.7,2,0,53,7,7,3.3,Medium,Stable
EMP022,Melissa Cunningham,UI/UX,2026-04-22,08:51,18:21,9.5,IoT Monitoring,API Integration,Pending,53,118,1.5,5,2.7,2,6,50,8,8,2.8,Medium,Declining
EMP022,Melissa Cunningham,UI/UX,2026-04-23,10:14,21:20,11.1,CRM Dashboard,Model Training,Pending,58,66,3.1,5,1.5,3,8,52,12,8,3.3,High,Declining
EMP022,Melissa Cunningham,UI/UX,2026-04-24,09:36,19:54,10.3,CRM Dashboard,Client Support,Completed,52,62,2.3,3,3.0,2,1,50,14,10,3.5,Medium,Declining
EMP022,Melissa Cunningham,UI/UX,2026-04-25,08:15,20:09,11.9,CRM Dashboard,Database Update,In Progress,55,71,3.9,2,2.4,3,7,52,14,14,2.9,High,Declining
EMP022,Melissa Cunningham,UI/UX,2026-04-27,08:44,17:44,9.0,CRM Dashboard,UI Design,In Progress,59,80,1.0,4,1.2,2,2,53,8,8,3.6,Medium,Declining
EMP022,Melissa Cunningham,UI/UX,2026-04-28,10:44,20:44,10.0,CRM Dashboard,Documentation,Completed,65,70,2.0,3,1.7,5,2,64,9,9,3.6,Medium,Stable
EMP022,Melissa Cunningham,UI/UX,2026-04-29,09:47,20:41,10.9,CRM Dashboard,Client Support,Pending,66,63,2.9,6,0.8,2,3,57,7,4,3.5,Medium,Stable
EMP022,Melissa Cunningham,UI/UX,2026-04-30,08:43,20:19,11.6,IoT Monitoring,Documentation,In Progress,66,105,3.6,2,0.6,1,3,66,12,8,3.8,Medium,Stable
EMP022,Melissa Cunningham,UI/UX,2026-05-01,09:09,18:21,9.2,CRM Dashboard,Documentation,Pending,54,105,1.2,4,2.2,4,2,47,15,14,2.9,Medium,Declining
EMP022,Melissa Cunningham,UI/UX,2026-05-02,08:38,19:44,11.1,IoT Monitoring,Testing,Pending,56,120,3.1,3,1.4,8,4,53,5,5,3.0,High,Declining
EMP022,Melissa Cunningham,UI/UX,2026-05-04,09:05,20:11,11.1,AI Analytics,Model Training,In Progress,53,68,3.1,6,2.0,7,6,46,10,3,3.3,High,Declining
EMP022,Melissa Cunningham,UI/UX,2026-05-05,10:03,21:45,11.7,AI Analytics,Client Support,Completed,57,110,3.7,5,1.0,8,7,48,6,3,3.0,High,Declining
EMP022,Melissa Cunningham,UI/UX,2026-05-06,10:26,19:56,9.5,Mobile App,Model Training,In Progress,62,69,1.5,6,0.7,2,0,62,5,5,3.3,Medium,Stable
EMP022,Melissa Cunningham,UI/UX,2026-05-07,09:48,19:36,9.8,Client Portal,Bug Fixing,Completed,69,67,1.8,1,2.7,6,7,65,7,6,3.8,Medium,Stable
EMP022,Melissa Cunningham,UI/UX,2026-05-08,08:39,19:27,10.8,HR System,UI Design,In Progress,66,114,2.8,6,2.6,3,4,63,13,10,3.6,Medium,Stable
EMP022,Melissa Cunningham,UI/UX,2026-05-09,09:40,20:46,11.1,Mobile App,Bug Fixing,Pending,54,90,3.1,3,1.2,3,2,46,7,7,3.1,High,Declining
EMP022,Melissa Cunningham,UI/UX,2026-05-10,08:37,18:01,9.4,AI Analytics,UI Design,Completed,61,70,1.4,1,1.9,4,6,61,10,10,3.5,Medium,Stable
EMP022,Melissa Cunningham,UI/UX,2026-05-11,09:59,21:11,11.2,Client Portal,Client Support,Completed,70,71,3.2,6,0.6,2,4,60,9,9,3.9,Medium,Stable
EMP022,Melissa Cunningham,UI/UX,2026-05-12,09:59,20:47,10.8,Mobile App,Client Support,Pending,62,73,2.8,4,1.2,6,3,60,12,7,3.2,Medium,Stable
EMP022,Melissa Cunningham,UI/UX,2026-05-13,09:51,21:15,11.4,IoT Monitoring,Client Support,Pending,67,80,3.4,6,1.6,7,7,61,12,12,3.6,Medium,Stable
EMP022,Melissa Cunningham,UI/UX,2026-05-14,09:41,20:35,10.9,HR System,Documentation,In Progress,62,74,2.9,3,2.3,8,0,61,8,8,3.9,Medium,Stable
EMP022,Melissa Cunningham,UI/UX,2026-05-15,09:32,18:38,9.1,CRM Dashboard,Documentation,In Progress,54,107,1.1,4,0.6,6,5,53,13,11,2.9,Medium,Declining
EMP022,Melissa Cunningham,UI/UX,2026-05-16,10:56,22:38,11.7,IoT Monitoring,Client Support,In Progress,71,109,3.7,4,1.6,6,1,64,12,12,3.8,Medium,Stable
EMP022,Melissa Cunningham,UI/UX,2026-05-18,10:35,22:05,11.5,Mobile App,API Integration,In Progress,52,85,3.5,5,1.3,4,7,52,10,3,3.4,High,Declining
EMP022,Melissa Cunningham,UI/UX,2026-05-19,10:02,20:32,10.5,AI Analytics,API Integration,Completed,60,69,2.5,2,2.1,10,2,53,10,10,3.1,Medium,Stable
EMP023,Sarah Blevins,Development,2026-02-19,08:38,17:08,8.5,IoT Monitoring,Testing,In Progress,81,59,0.5,1,0.7,7,5,81,12,11,4.8,Low,Improving
EMP023,Sarah Blevins,Development,2026-02-20,10:20,17:50,7.5,HR System,Model Training,In Progress,78,68,0.0,2,0.9,5,8,72,8,6,4.1,Low,Stable
EMP023,Sarah Blevins,Development,2026-02-21,08:27,14:57,6.5,Client Portal,Documentation,Pending,78,63,0.0,6,2.2,6,0,70,8,7,4.1,Low,Stable
EMP023,Sarah Blevins,Development,2026-02-22,08:25,15:19,6.9,Client Portal,Database Update,In Progress,82,56,0.0,4,0.6,8,1,79,11,11,4.3,Low,Improving
EMP023,Sarah Blevins,Development,2026-02-23,10:15,18:51,8.6,HR System,Model Training,In Progress,80,33,0.6,1,2.0,1,1,74,11,11,5.0,Low,Improving
EMP023,Sarah Blevins,Development,2026-02-24,08:44,16:56,8.2,IoT Monitoring,Model Training,In Progress,81,34,0.2,4,2.0,8,8,78,12,12,4.8,Low,Improving
EMP023,Sarah Blevins,Development,2026-02-25,09:09,16:15,7.1,HR System,Client Support,In Progress,75,55,0.0,1,1.4,3,8,75,5,5,4.3,Low,Stable
EMP023,Sarah Blevins,Development,2026-02-26,10:49,18:13,7.4,IoT Monitoring,Model Training,In Progress,71,65,0.0,1,0.8,6,7,70,10,10,3.9,Low,Stable
EMP023,Sarah Blevins,Development,2026-02-27,08:35,17:35,9.0,IoT Monitoring,Model Training,Pending,80,70,1.0,6,1.4,2,8,73,11,8,4.8,Medium,Improving
EMP023,Sarah Blevins,Development,2026-02-28,09:43,16:19,6.6,Client Portal,API Integration,Completed,81,44,0.0,5,0.7,3,5,76,15,5,4.2,Low,Improving
EMP023,Sarah Blevins,Development,2026-03-01,08:58,17:46,8.8,Client Portal,Testing,Completed,83,64,0.8,6,3.0,3,7,79,7,7,4.9,Low,Improving
EMP023,Sarah Blevins,Development,2026-03-02,09:51,18:09,8.3,AI Analytics,Testing,Completed,74,53,0.3,1,0.8,9,8,72,12,6,3.9,Low,Stable
EMP023,Sarah Blevins,Development,2026-03-03,10:24,17:12,6.8,IoT Monitoring,API Integration,Pending,78,58,0.0,2,1.2,2,1,68,10,8,4.8,Low,Stable
EMP023,Sarah Blevins,Development,2026-03-04,10:30,17:12,6.7,AI Analytics,Database Update,Pending,75,57,0.0,1,1.3,3,1,68,13,13,3.9,Low,Stable
EMP023,Sarah Blevins,Development,2026-03-05,08:07,15:13,7.1,CRM Dashboard,UI Design,In Progress,82,64,0.0,3,1.6,3,1,78,10,7,4.6,Low,Improving
EMP023,Sarah Blevins,Development,2026-03-06,09:13,15:55,6.7,IoT Monitoring,Database Update,Pending,88,34,0.0,3,1.1,4,5,78,12,11,4.9,Low,Improving
EMP023,Sarah Blevins,Development,2026-03-07,10:01,19:01,9.0,IoT Monitoring,Documentation,Pending,72,33,1.0,5,2.2,8,3,64,6,6,4.6,Medium,Stable
EMP023,Sarah Blevins,Development,2026-03-09,09:47,16:23,6.6,CRM Dashboard,UI Design,Pending,69,42,0.0,4,1.7,5,7,59,14,13,4.3,Low,Stable
EMP023,Sarah Blevins,Development,2026-03-10,09:00,17:36,8.6,Mobile App,Client Support,Pending,78,65,0.6,5,0.6,9,6,75,11,5,3.9,Low,Stable
EMP023,Sarah Blevins,Development,2026-03-11,08:56,17:56,9.0,CRM Dashboard,Documentation,Completed,85,52,1.0,3,2.3,7,0,81,6,6,4.4,Medium,Improving
EMP023,Sarah Blevins,Development,2026-03-12,10:18,18:42,8.4,Mobile App,Client Support,In Progress,78,50,0.4,3,2.9,4,7,76,11,11,4.6,Low,Stable
EMP023,Sarah Blevins,Development,2026-03-13,09:07,16:31,7.4,AI Analytics,Client Support,Pending,76,61,0.0,3,1.3,4,8,72,10,10,3.8,Low,Stable
EMP023,Sarah Blevins,Development,2026-03-14,09:18,18:18,9.0,Client Portal,UI Design,Pending,74,46,1.0,4,1.5,7,5,64,12,9,4.6,Medium,Stable
EMP023,Sarah Blevins,Development,2026-03-16,08:34,17:16,8.7,HR System,API Integration,Completed,74,31,0.7,4,0.9,4,5,73,10,10,4.5,Low,Stable
EMP023,Sarah Blevins,Development,2026-03-17,10:53,17:41,6.8,HR System,Client Support,Completed,86,58,0.0,3,2.4,7,8,85,15,11,4.5,Low,Improving
EMP023,Sarah Blevins,Development,2026-03-18,10:40,18:28,7.8,HR System,Testing,Completed,74,51,0.0,3,2.4,6,6,64,14,6,3.7,Low,Stable
EMP023,Sarah Blevins,Development,2026-03-19,10:08,19:02,8.9,IoT Monitoring,Database Update,Completed,87,42,0.9,2,1.4,6,3,83,13,5,4.5,Low,Improving
EMP023,Sarah Blevins,Development,2026-03-20,10:42,18:30,7.8,IoT Monitoring,Client Support,Pending,74,45,0.0,6,0.9,4,0,64,14,14,4.5,Low,Stable
EMP023,Sarah Blevins,Development,2026-03-21,09:46,16:46,7.0,Client Portal,API Integration,Completed,76,51,0.0,4,1.6,1,0,66,5,5,4.1,Low,Stable
EMP023,Sarah Blevins,Development,2026-03-22,09:24,16:18,6.9,Mobile App,Client Support,Pending,73,54,0.0,3,2.7,10,6,69,12,12,3.8,Low,Stable
EMP023,Sarah Blevins,Development,2026-03-23,09:46,18:10,8.4,AI Analytics,Testing,Completed,80,61,0.4,2,2.4,9,4,79,8,8,4.4,Low,Improving
EMP023,Sarah Blevins,Development,2026-03-24,10:39,17:15,6.6,CRM Dashboard,Documentation,In Progress,69,59,0.0,5,2.9,5,8,60,14,13,3.7,Low,Stable
EMP023,Sarah Blevins,Development,2026-03-25,09:40,17:10,7.5,HR System,Documentation,Pending,87,47,0.0,2,2.7,6,2,82,11,9,4.4,Low,Improving
EMP023,Sarah Blevins,Development,2026-03-26,09:48,18:42,8.9,HR System,API Integration,Completed,77,66,0.9,3,0.9,7,5,73,13,13,4.3,Low,Stable
EMP023,Sarah Blevins,Development,2026-03-27,09:52,16:34,6.7,AI Analytics,Model Training,In Progress,73,42,0.0,5,2.1,2,8,68,10,10,3.7,Low,Stable
EMP023,Sarah Blevins,Development,2026-03-28,10:44,18:26,7.7,IoT Monitoring,Database Update,Completed,78,70,0.0,3,0.6,8,7,73,12,8,4.6,Low,Stable
EMP023,Sarah Blevins,Development,2026-03-30,10:33,17:39,7.1,HR System,API Integration,Completed,70,52,0.0,2,0.8,10,6,61,11,5,4.1,Low,Stable
EMP023,Sarah Blevins,Development,2026-03-31,10:59,19:05,8.1,IoT Monitoring,Model Training,Completed,77,67,0.1,4,2.3,7,6,71,14,12,4.3,Low,Stable
EMP023,Sarah Blevins,Development,2026-04-01,09:13,17:25,8.2,CRM Dashboard,Bug Fixing,Pending,86,49,0.2,3,2.7,4,7,85,8,8,5.0,Low,Improving
EMP023,Sarah Blevins,Development,2026-04-02,09:21,17:51,8.5,Client Portal,Model Training,Pending,88,44,0.5,2,2.7,7,4,78,8,8,5.0,Low,Improving
EMP023,Sarah Blevins,Development,2026-04-03,09:07,16:37,7.5,Client Portal,UI Design,In Progress,73,52,0.0,4,2.1,3,6,67,6,6,4.3,Low,Stable
EMP023,Sarah Blevins,Development,2026-04-04,09:52,17:28,7.6,IoT Monitoring,Client Support,Completed,72,62,0.0,5,1.0,7,1,64,13,8,4.4,Low,Stable
EMP023,Sarah Blevins,Development,2026-04-06,09:25,16:07,6.7,Client Portal,Client Support,Completed,83,69,0.0,2,2.3,10,7,78,10,7,4.5,Low,Improving
EMP023,Sarah Blevins,Development,2026-04-07,10:42,18:30,7.8,CRM Dashboard,UI Design,In Progress,73,30,0.0,1,1.8,7,0,73,15,6,4.5,Low,Stable
EMP023,Sarah Blevins,Development,2026-04-08,10:53,18:53,8.0,Mobile App,Database Update,Pending,79,65,0.0,4,0.9,4,6,76,15,10,4.1,Low,Stable
EMP023,Sarah Blevins,Development,2026-04-09,10:54,17:48,6.9,IoT Monitoring,UI Design,Pending,88,70,0.0,2,0.7,2,5,83,13,6,4.6,Low,Improving
EMP023,Sarah Blevins,Development,2026-04-10,09:14,17:44,8.5,AI Analytics,Model Training,Completed,86,53,0.5,1,0.7,7,3,84,13,9,5.0,Low,Improving
EMP023,Sarah Blevins,Development,2026-04-11,10:20,16:56,6.6,Client Portal,Bug Fixing,In Progress,69,34,0.0,6,2.1,5,5,66,12,7,3.5,Low,Stable
EMP023,Sarah Blevins,Development,2026-04-13,09:23,18:17,8.9,HR System,API Integration,Pending,83,55,0.9,3,2.7,3,1,83,5,5,4.3,Low,Improving
EMP023,Sarah Blevins,Development,2026-04-14,08:56,16:56,8.0,CRM Dashboard,Database Update,Pending,87,68,0.0,6,2.5,7,3,78,8,8,5.0,Low,Improving
EMP023,Sarah Blevins,Development,2026-04-15,09:19,17:43,8.4,Client Portal,API Integration,Completed,81,70,0.4,5,2.4,9,0,73,10,9,4.2,Low,Improving
EMP023,Sarah Blevins,Development,2026-04-16,10:57,18:57,8.0,CRM Dashboard,Testing,Completed,74,62,0.0,4,1.7,1,0,64,12,11,4.4,Low,Stable
EMP023,Sarah Blevins,Development,2026-04-17,09:14,17:44,8.5,CRM Dashboard,API Integration,In Progress,82,69,0.5,6,2.0,6,7,75,12,9,4.3,Low,Improving
EMP023,Sarah Blevins,Development,2026-04-18,10:52,17:28,6.6,HR System,Testing,In Progress,82,46,0.0,6,0.7,6,0,79,7,3,4.3,Low,Improving
EMP023,Sarah Blevins,Development,2026-04-19,08:15,14:51,6.6,HR System,UI Design,Completed,70,47,0.0,4,0.8,1,8,65,13,8,3.9,Low,Stable
EMP023,Sarah Blevins,Development,2026-04-20,10:52,17:40,6.8,AI Analytics,Database Update,In Progress,75,54,0.0,4,2.6,2,8,67,11,11,4.1,Low,Stable
EMP023,Sarah Blevins,Development,2026-04-21,10:50,19:50,9.0,IoT Monitoring,Testing,In Progress,76,50,1.0,3,2.7,2,1,69,6,6,4.7,Medium,Stable
EMP023,Sarah Blevins,Development,2026-04-22,09:39,16:27,6.8,CRM Dashboard,Client Support,Pending,79,62,0.0,3,2.7,1,6,74,9,6,4.8,Low,Stable
EMP023,Sarah Blevins,Development,2026-04-23,10:15,17:03,6.8,CRM Dashboard,Documentation,Pending,82,47,0.0,2,2.5,4,5,79,5,3,4.9,Low,Improving
EMP023,Sarah Blevins,Development,2026-04-24,08:14,17:02,8.8,AI Analytics,Bug Fixing,Completed,74,31,0.8,1,1.6,9,2,68,8,8,3.8,Low,Stable
EMP023,Sarah Blevins,Development,2026-04-25,10:22,18:34,8.2,AI Analytics,UI Design,In Progress,83,63,0.2,1,2.5,3,2,74,15,8,4.4,Low,Improving
EMP023,Sarah Blevins,Development,2026-04-27,08:06,16:18,8.2,Mobile App,Testing,Pending,89,68,0.2,2,1.6,7,3,88,12,12,4.9,Low,Improving
EMP023,Sarah Blevins,Development,2026-04-28,10:07,17:49,7.7,Client Portal,Client Support,Completed,83,69,0.0,2,2.6,7,3,78,14,7,4.4,Low,Improving
EMP023,Sarah Blevins,Development,2026-04-29,08:21,17:15,8.9,CRM Dashboard,API Integration,In Progress,73,42,0.9,2,2.4,7,6,73,14,5,4.5,Low,Stable
EMP023,Sarah Blevins,Development,2026-04-30,09:05,16:05,7.0,Client Portal,Testing,Completed,72,43,0.0,3,1.0,5,1,72,12,12,3.7,Low,Stable
EMP023,Sarah Blevins,Development,2026-05-01,09:04,18:04,9.0,AI Analytics,Testing,In Progress,86,42,1.0,2,1.7,5,5,81,8,8,4.6,Medium,Improving
EMP023,Sarah Blevins,Development,2026-05-02,08:47,17:05,8.3,IoT Monitoring,Client Support,Pending,80,57,0.3,3,2.7,4,7,73,8,8,4.2,Low,Improving
EMP023,Sarah Blevins,Development,2026-05-03,10:29,18:47,8.3,HR System,Model Training,Pending,74,44,0.3,6,2.8,6,1,64,14,14,4.6,Low,Stable
EMP023,Sarah Blevins,Development,2026-05-04,10:25,17:01,6.6,Client Portal,Bug Fixing,Pending,72,51,0.0,2,1.1,8,3,72,11,11,4.1,Low,Stable
EMP023,Sarah Blevins,Development,2026-05-05,08:25,15:25,7.0,IoT Monitoring,API Integration,Completed,69,51,0.0,3,0.5,8,5,66,15,15,3.6,Low,Stable
EMP023,Sarah Blevins,Development,2026-05-06,10:47,19:41,8.9,Client Portal,API Integration,Pending,76,69,0.9,3,0.6,8,8,73,7,7,4.1,Low,Stable
EMP023,Sarah Blevins,Development,2026-05-07,09:55,16:55,7.0,AI Analytics,UI Design,Pending,82,66,0.0,5,2.3,3,6,75,6,6,4.8,Low,Improving
EMP023,Sarah Blevins,Development,2026-05-08,10:18,18:12,7.9,HR System,API Integration,Pending,78,49,0.0,3,0.5,4,8,73,11,11,4.0,Low,Stable
EMP023,Sarah Blevins,Development,2026-05-09,09:12,18:06,8.9,Client Portal,Bug Fixing,Pending,75,37,0.9,2,1.0,2,4,71,6,6,3.9,Low,Stable
EMP023,Sarah Blevins,Development,2026-05-11,10:10,17:10,7.0,Mobile App,Documentation,Completed,72,58,0.0,4,2.0,2,0,66,12,5,4.0,Low,Stable
EMP023,Sarah Blevins,Development,2026-05-12,08:48,17:30,8.7,Client Portal,Bug Fixing,Completed,86,54,0.7,2,1.5,2,6,83,11,11,5.0,Low,Improving
EMP023,Sarah Blevins,Development,2026-05-13,09:25,17:55,8.5,IoT Monitoring,Database Update,Pending,72,38,0.5,3,2.2,7,6,68,14,5,3.6,Low,Stable
EMP023,Sarah Blevins,Development,2026-05-14,09:49,18:13,8.4,HR System,Testing,In Progress,89,39,0.4,6,2.6,8,1,85,8,8,4.6,Low,Improving
EMP023,Sarah Blevins,Development,2026-05-15,09:57,18:33,8.6,CRM Dashboard,Testing,Pending,82,36,0.6,2,2.2,2,2,81,8,8,4.2,Low,Improving
EMP023,Sarah Blevins,Development,2026-05-16,10:49,18:55,8.1,HR System,Client Support,Pending,77,60,0.1,5,2.6,10,4,77,12,6,4.2,Low,Stable
EMP023,Sarah Blevins,Development,2026-05-18,09:08,16:32,7.4,HR System,Client Support,Pending,83,54,0.0,4,2.6,10,8,83,13,12,5.0,Low,Improving
EMP023,Sarah Blevins,Development,2026-05-19,08:26,17:26,9.0,Client Portal,Database Update,Pending,78,67,1.0,4,2.2,3,5,73,5,5,4.4,Medium,Stable
EMP024,Samuel Smith,Testing,2026-02-19,10:33,18:33,8.0,IoT Monitoring,Client Support,Pending,72,45,0.0,6,0.7,8,5,69,11,9,3.9,Low,Stable
EMP024,Samuel Smith,Testing,2026-02-20,08:07,16:49,8.7,Mobile App,API Integration,In Progress,54,56,0.7,3,1.1,8,0,52,8,7,3.0,Low,Declining
EMP024,Samuel Smith,Testing,2026-02-21,10:16,16:46,6.5,Mobile App,UI Design,In Progress,58,41,0.0,5,0.8,3,4,53,11,5,3.1,Low,Declining
EMP024,Samuel Smith,Testing,2026-02-23,09:30,16:30,7.0,HR System,Model Training,Completed,65,56,0.0,4,2.1,6,4,60,11,3,3.5,Low,Stable
EMP024,Samuel Smith,Testing,2026-02-24,09:28,16:34,7.1,CRM Dashboard,Database Update,In Progress,58,50,0.0,1,0.5,1,0,54,7,7,3.7,Low,Declining
EMP024,Samuel Smith,Testing,2026-02-25,08:19,16:25,8.1,Client Portal,API Integration,Pending,57,38,0.1,4,2.7,8,7,50,14,13,3.3,Low,Declining
EMP024,Samuel Smith,Testing,2026-02-26,09:55,17:07,7.2,Client Portal,Testing,Pending,67,59,0.0,5,0.8,9,2,60,10,10,3.9,Low,Stable
EMP024,Samuel Smith,Testing,2026-02-27,09:30,18:30,9.0,CRM Dashboard,Model Training,In Progress,62,66,1.0,6,1.9,8,4,56,6,6,4.1,Medium,Stable
EMP024,Samuel Smith,Testing,2026-02-28,09:44,17:14,7.5,CRM Dashboard,Model Training,In Progress,61,56,0.0,2,1.4,9,2,53,7,6,3.3,Low,Stable
EMP024,Samuel Smith,Testing,2026-03-02,08:16,16:22,8.1,IoT Monitoring,API Integration,Completed,72,40,0.1,4,1.8,6,6,66,6,6,4.2,Low,Stable
EMP024,Samuel Smith,Testing,2026-03-03,08:04,16:52,8.8,HR System,Bug Fixing,Completed,65,44,0.8,6,1.0,7,7,55,14,8,3.9,Low,Stable
EMP024,Samuel Smith,Testing,2026-03-04,08:53,16:41,7.8,IoT Monitoring,Client Support,Pending,58,45,0.0,6,0.8,6,6,49,12,3,3.6,Low,Declining
EMP024,Samuel Smith,Testing,2026-03-05,09:47,17:23,7.6,Mobile App,Client Support,In Progress,54,57,0.0,2,0.7,7,1,44,13,13,3.0,Low,Declining
EMP024,Samuel Smith,Testing,2026-03-06,09:37,17:43,8.1,IoT Monitoring,Testing,In Progress,60,41,0.1,1,2.8,7,5,50,9,9,3.2,Low,Stable
EMP024,Samuel Smith,Testing,2026-03-07,09:01,16:55,7.9,Mobile App,Model Training,Pending,59,54,0.0,4,1.2,10,8,56,6,3,3.3,Low,Declining
EMP024,Samuel Smith,Testing,2026-03-09,09:11,17:11,8.0,IoT Monitoring,Bug Fixing,Completed,60,44,0.0,1,1.7,3,3,53,13,12,3.9,Low,Stable
EMP024,Samuel Smith,Testing,2026-03-10,09:48,16:30,6.7,HR System,Documentation,In Progress,57,36,0.0,6,0.9,6,0,47,12,6,3.3,Low,Declining
EMP024,Samuel Smith,Testing,2026-03-11,10:52,19:46,8.9,IoT Monitoring,API Integration,Pending,61,35,0.9,4,1.3,1,6,53,9,3,3.1,Low,Stable
EMP024,Samuel Smith,Testing,2026-03-12,10:49,18:25,7.6,Client Portal,Bug Fixing,Completed,64,43,0.0,1,2.9,5,7,61,11,5,3.6,Low,Stable
EMP024,Samuel Smith,Testing,2026-03-13,09:08,16:50,7.7,AI Analytics,Model Training,Completed,71,47,0.0,3,2.6,3,3,69,11,11,4.5,Low,Stable
EMP024,Samuel Smith,Testing,2026-03-14,08:09,15:33,7.4,HR System,Model Training,Pending,62,59,0.0,6,1.1,2,2,62,15,6,4.0,Low,Stable
EMP024,Samuel Smith,Testing,2026-03-15,08:51,16:09,7.3,Mobile App,Testing,In Progress,57,53,0.0,6,1.1,6,7,52,11,11,3.4,Low,Declining
EMP024,Samuel Smith,Testing,2026-03-16,08:46,16:28,7.7,AI Analytics,Bug Fixing,Completed,70,30,0.0,3,0.9,4,0,63,6,6,3.9,Low,Stable
EMP024,Samuel Smith,Testing,2026-03-17,10:49,19:07,8.3,AI Analytics,Documentation,Completed,61,31,0.3,4,1.6,7,7,58,11,7,3.1,Low,Stable
EMP024,Samuel Smith,Testing,2026-03-18,10:28,18:34,8.1,CRM Dashboard,API Integration,In Progress,52,62,0.1,3,2.6,2,6,42,15,4,3.0,Low,Declining
EMP024,Samuel Smith,Testing,2026-03-19,09:40,18:04,8.4,CRM Dashboard,Client Support,In Progress,54,65,0.4,6,2.3,2,4,50,5,5,2.8,Low,Declining
EMP024,Samuel Smith,Testing,2026-03-20,09:14,16:56,7.7,IoT Monitoring,Bug Fixing,Pending,64,35,0.0,3,2.7,5,0,56,6,4,3.3,Low,Stable
EMP024,Samuel Smith,Testing,2026-03-21,09:33,17:57,8.4,AI Analytics,Documentation,In Progress,64,31,0.4,1,1.7,8,6,57,9,5,4.0,Low,Stable
EMP024,Samuel Smith,Testing,2026-03-23,08:48,15:42,6.9,AI Analytics,Documentation,In Progress,52,48,0.0,4,1.3,3,4,51,12,12,3.0,Low,Declining
EMP024,Samuel Smith,Testing,2026-03-24,08:53,15:41,6.8,CRM Dashboard,Client Support,In Progress,59,41,0.0,2,2.1,4,2,54,14,4,3.1,Low,Declining
EMP024,Samuel Smith,Testing,2026-03-25,10:42,18:00,7.3,IoT Monitoring,Testing,Pending,67,30,0.0,5,1.6,7,7,58,10,3,4.3,Low,Stable
EMP024,Samuel Smith,Testing,2026-03-26,08:01,16:49,8.8,HR System,Bug Fixing,Completed,71,64,0.8,6,0.5,1,7,70,14,7,3.9,Low,Stable
EMP024,Samuel Smith,Testing,2026-03-27,09:30,17:42,8.2,AI Analytics,Testing,Pending,63,47,0.2,5,1.4,7,5,62,7,7,3.9,Low,Stable
EMP024,Samuel Smith,Testing,2026-03-28,09:11,17:35,8.4,Mobile App,Documentation,Pending,62,39,0.4,2,1.6,7,2,59,9,9,3.3,Low,Stable
EMP024,Samuel Smith,Testing,2026-03-29,10:47,18:23,7.6,IoT Monitoring,Model Training,Completed,68,43,0.0,6,2.5,3,3,67,9,4,4.1,Low,Stable
EMP024,Samuel Smith,Testing,2026-03-30,09:45,18:45,9.0,Mobile App,Bug Fixing,Pending,61,33,1.0,4,1.3,2,3,55,9,9,3.1,Medium,Stable
EMP024,Samuel Smith,Testing,2026-03-31,08:47,15:29,6.7,AI Analytics,API Integration,In Progress,60,31,0.0,2,0.5,5,4,55,13,13,3.2,Low,Stable
EMP024,Samuel Smith,Testing,2026-04-01,08:52,16:40,7.8,HR System,Model Training,In Progress,60,44,0.0,2,2.0,8,2,59,9,9,3.0,Low,Stable
EMP024,Samuel Smith,Testing,2026-04-02,10:46,17:34,6.8,Client Portal,Bug Fixing,Completed,66,30,0.0,6,0.7,2,5,58,11,11,4.0,Low,Stable
EMP024,Samuel Smith,Testing,2026-04-03,09:48,16:54,7.1,Client Portal,Database Update,Pending,64,36,0.0,5,2.7,7,7,54,7,7,3.8,Low,Stable
EMP024,Samuel Smith,Testing,2026-04-04,08:02,14:38,6.6,AI Analytics,Bug Fixing,In Progress,52,49,0.0,5,2.7,3,2,43,13,3,3.3,Low,Declining
EMP024,Samuel Smith,Testing,2026-04-06,08:48,17:00,8.2,Mobile App,Documentation,Completed,67,30,0.2,4,1.2,10,3,57,12,4,4.2,Low,Stable
EMP024,Samuel Smith,Testing,2026-04-07,08:14,15:38,7.4,AI Analytics,API Integration,In Progress,57,36,0.0,4,1.5,1,3,47,6,6,3.6,Low,Declining
EMP024,Samuel Smith,Testing,2026-04-08,10:02,16:50,6.8,IoT Monitoring,Model Training,In Progress,67,30,0.0,1,1.4,10,8,67,9,7,3.7,Low,Stable
EMP024,Samuel Smith,Testing,2026-04-09,09:16,16:28,7.2,Client Portal,Client Support,Pending,68,60,0.0,6,0.6,6,1,61,7,6,3.9,Low,Stable
EMP024,Samuel Smith,Testing,2026-04-10,10:57,18:15,7.3,HR System,Bug Fixing,Pending,66,46,0.0,3,0.5,9,3,66,9,5,3.8,Low,Stable
EMP024,Samuel Smith,Testing,2026-04-11,08:03,15:21,7.3,AI Analytics,Testing,In Progress,66,61,0.0,2,1.4,4,4,57,9,9,3.5,Low,Stable
EMP024,Samuel Smith,Testing,2026-04-13,08:17,15:53,7.6,Client Portal,Bug Fixing,Completed,54,65,0.0,2,2.9,10,3,45,11,8,3.1,Low,Declining
EMP024,Samuel Smith,Testing,2026-04-14,08:43,16:43,8.0,Client Portal,Model Training,Pending,52,50,0.0,3,1.2,7,7,47,15,15,3.6,Low,Declining
EMP024,Samuel Smith,Testing,2026-04-15,08:27,15:09,6.7,HR System,Model Training,Pending,70,53,0.0,4,1.0,1,5,66,7,6,3.6,Low,Stable
EMP024,Samuel Smith,Testing,2026-04-16,08:43,15:55,7.2,IoT Monitoring,Client Support,Pending,67,33,0.0,5,2.3,5,0,63,11,11,3.5,Low,Stable
EMP024,Samuel Smith,Testing,2026-04-17,08:10,15:58,7.8,AI Analytics,Documentation,In Progress,58,38,0.0,4,1.2,7,6,56,14,4,3.9,Low,Declining
EMP024,Samuel Smith,Testing,2026-04-18,10:58,19:04,8.1,Mobile App,Documentation,Completed,60,36,0.1,6,2.9,4,7,59,6,5,3.9,Low,Stable
EMP024,Samuel Smith,Testing,2026-04-20,09:10,15:58,6.8,HR System,Client Support,Completed,53,33,0.0,1,1.4,1,8,48,6,6,2.9,Low,Declining
EMP024,Samuel Smith,Testing,2026-04-21,08:10,15:10,7.0,AI Analytics,API Integration,In Progress,69,62,0.0,1,2.7,1,8,65,11,11,3.7,Low,Stable
EMP024,Samuel Smith,Testing,2026-04-22,08:15,15:27,7.2,HR System,Testing,Completed,65,64,0.0,1,1.1,5,1,55,11,5,4.1,Low,Stable
EMP024,Samuel Smith,Testing,2026-04-23,08:20,17:08,8.8,HR System,UI Design,Pending,52,37,0.8,5,1.8,6,0,49,9,9,2.9,Low,Declining
EMP024,Samuel Smith,Testing,2026-04-24,09:10,17:34,8.4,IoT Monitoring,Client Support,Completed,61,39,0.4,5,1.1,6,7,57,13,13,3.7,Low,Stable
EMP024,Samuel Smith,Testing,2026-04-25,08:35,17:23,8.8,Client Portal,Model Training,In Progress,67,42,0.8,2,0.8,5,1,58,15,12,4.0,Low,Stable
EMP024,Samuel Smith,Testing,2026-04-27,10:24,17:42,7.3,AI Analytics,Database Update,Completed,67,56,0.0,4,1.0,4,4,58,14,6,4.3,Low,Stable
EMP024,Samuel Smith,Testing,2026-04-28,09:46,16:28,6.7,CRM Dashboard,UI Design,Pending,53,69,0.0,6,1.8,5,7,46,6,5,2.7,Low,Declining
EMP024,Samuel Smith,Testing,2026-04-29,10:02,17:14,7.2,CRM Dashboard,UI Design,Completed,66,61,0.0,4,2.3,10,3,64,6,5,4.2,Low,Stable
EMP024,Samuel Smith,Testing,2026-04-30,10:08,18:50,8.7,Client Portal,Bug Fixing,Completed,72,68,0.7,3,1.7,2,4,67,14,11,3.9,Low,Stable
EMP024,Samuel Smith,Testing,2026-05-01,08:10,17:04,8.9,IoT Monitoring,Database Update,Pending,65,58,0.9,5,2.1,7,3,57,14,14,4.1,Low,Stable
EMP024,Samuel Smith,Testing,2026-05-02,08:13,17:01,8.8,AI Analytics,Database Update,In Progress,71,65,0.8,2,1.0,6,0,64,12,7,4.2,Low,Stable
EMP024,Samuel Smith,Testing,2026-05-03,10:01,17:01,7.0,Client Portal,Bug Fixing,Pending,59,50,0.0,2,0.7,3,0,54,5,5,3.7,Low,Declining
EMP024,Samuel Smith,Testing,2026-05-04,10:43,17:55,7.2,AI Analytics,Documentation,In Progress,54,56,0.0,3,2.3,9,4,45,14,9,3.2,Low,Declining
EMP024,Samuel Smith,Testing,2026-05-05,10:02,17:14,7.2,HR System,UI Design,Completed,53,68,0.0,5,1.8,9,4,51,7,7,2.7,Low,Declining
EMP024,Samuel Smith,Testing,2026-05-06,10:45,17:21,6.6,Mobile App,API Integration,Pending,70,37,0.0,3,0.8,8,5,66,7,7,4.0,Low,Stable
EMP024,Samuel Smith,Testing,2026-05-07,10:56,17:50,6.9,Client Portal,Model Training,Pending,62,47,0.0,4,2.5,8,0,56,7,7,3.2,Low,Stable
EMP024,Samuel Smith,Testing,2026-05-08,09:22,16:28,7.1,AI Analytics,Testing,Completed,68,41,0.0,6,1.0,5,2,58,9,9,3.6,Low,Stable
EMP024,Samuel Smith,Testing,2026-05-09,08:45,16:45,8.0,Mobile App,Testing,In Progress,69,33,0.0,1,2.3,3,6,66,14,5,3.7,Low,Stable
EMP024,Samuel Smith,Testing,2026-05-10,09:25,17:49,8.4,AI Analytics,API Integration,In Progress,58,53,0.4,4,2.2,2,3,51,8,8,3.8,Low,Declining
EMP024,Samuel Smith,Testing,2026-05-11,10:51,18:21,7.5,Mobile App,API Integration,In Progress,69,37,0.0,6,2.0,4,8,59,14,11,4.4,Low,Stable
EMP024,Samuel Smith,Testing,2026-05-12,08:18,15:42,7.4,HR System,Testing,In Progress,59,52,0.0,4,2.7,7,0,59,12,12,3.7,Low,Declining
EMP024,Samuel Smith,Testing,2026-05-13,08:42,17:30,8.8,HR System,API Integration,Pending,69,62,0.8,4,3.0,10,7,68,10,9,4.0,Low,Stable
EMP024,Samuel Smith,Testing,2026-05-14,09:52,18:10,8.3,Client Portal,Database Update,Pending,54,42,0.3,4,1.5,10,3,45,14,11,3.6,Low,Declining
EMP024,Samuel Smith,Testing,2026-05-15,09:47,18:35,8.8,Mobile App,UI Design,Pending,70,45,0.8,2,0.9,5,7,65,13,3,3.6,Low,Stable
EMP024,Samuel Smith,Testing,2026-05-16,10:26,17:02,6.6,CRM Dashboard,UI Design,Pending,66,32,0.0,6,1.0,3,4,60,15,9,3.6,Low,Stable
EMP024,Samuel Smith,Testing,2026-05-17,10:31,18:55,8.4,IoT Monitoring,Bug Fixing,Completed,64,57,0.4,1,2.8,9,2,63,14,4,3.7,Low,Stable
EMP024,Samuel Smith,Testing,2026-05-18,08:24,15:42,7.3,AI Analytics,Model Training,Completed,61,35,0.0,2,1.9,9,4,59,8,4,3.7,Low,Stable
EMP024,Samuel Smith,Testing,2026-05-19,10:33,18:27,7.9,Mobile App,Bug Fixing,Completed,64,41,0.0,6,2.9,4,1,55,15,14,3.9,Low,Stable
EMP025,Rachel Randolph,Support,2026-02-19,10:24,22:06,11.7,CRM Dashboard,Documentation,In Progress,58,72,3.7,6,0.9,1,4,53,7,7,3.4,High,Declining
EMP025,Rachel Randolph,Support,2026-02-20,10:23,21:59,11.6,IoT Monitoring,UI Design,Completed,59,83,3.6,4,2.7,6,4,50,8,8,3.7,High,Declining
EMP025,Rachel Randolph,Support,2026-02-21,08:06,18:42,10.6,CRM Dashboard,Model Training,Completed,64,101,2.6,2,1.4,8,4,54,12,11,3.5,Medium,Stable
EMP025,Rachel Randolph,Support,2026-02-23,10:59,22:05,11.1,CRM Dashboard,Model Training,Pending,69,107,3.1,6,2.1,6,2,59,10,9,3.5,Medium,Stable
EMP025,Rachel Randolph,Support,2026-02-24,10:12,20:42,10.5,Client Portal,Bug Fixing,Pending,63,88,2.5,3,1.2,9,2,63,7,7,3.4,Medium,Stable
EMP025,Rachel Randolph,Support,2026-02-25,09:03,18:09,9.1,Client Portal,Testing,Pending,51,103,1.1,4,2.4,9,1,45,13,13,2.7,Medium,Declining
EMP025,Rachel Randolph,Support,2026-02-26,08:26,19:02,10.6,IoT Monitoring,UI Design,Pending,53,70,2.6,1,2.5,7,6,50,6,6,3.4,Medium,Declining
EMP025,Rachel Randolph,Support,2026-02-27,10:07,20:25,10.3,AI Analytics,Testing,Pending,57,110,2.3,2,2.9,10,7,51,8,7,3.8,Medium,Declining
EMP025,Rachel Randolph,Support,2026-02-28,10:52,22:16,11.4,Client Portal,Client Support,Pending,49,117,3.4,1,1.2,8,2,44,7,7,3.1,High,Declining
EMP025,Rachel Randolph,Support,2026-03-02,09:45,20:09,10.4,Mobile App,Model Training,Completed,67,95,2.4,3,2.3,8,1,64,12,11,3.5,Medium,Stable
EMP025,Rachel Randolph,Support,2026-03-03,08:45,18:51,10.1,Mobile App,Client Support,Pending,51,94,2.1,2,1.9,1,0,47,14,14,3.4,Medium,Declining
EMP025,Rachel Randolph,Support,2026-03-04,10:33,20:39,10.1,Client Portal,Documentation,Pending,69,61,2.1,3,1.2,3,8,66,12,12,3.8,Medium,Stable
EMP025,Rachel Randolph,Support,2026-03-05,08:13,18:19,10.1,Client Portal,UI Design,In Progress,53,80,2.1,5,1.5,5,2,46,9,5,3.2,Medium,Declining
EMP025,Rachel Randolph,Support,2026-03-06,10:10,20:58,10.8,HR System,Client Support,Completed,51,91,2.8,5,0.7,5,4,45,11,11,3.3,Medium,Declining
EMP025,Rachel Randolph,Support,2026-03-07,09:05,20:35,11.5,CRM Dashboard,Database Update,In Progress,65,78,3.5,5,1.3,9,8,65,13,4,3.7,Medium,Stable
EMP025,Rachel Randolph,Support,2026-03-09,09:25,19:55,10.5,IoT Monitoring,Bug Fixing,Pending,49,99,2.5,4,1.1,3,6,45,14,3,3.0,Medium,Declining
EMP025,Rachel Randolph,Support,2026-03-10,08:42,20:00,11.3,IoT Monitoring,UI Design,Pending,62,82,3.3,4,1.1,1,6,57,6,6,3.4,High,Stable
EMP025,Rachel Randolph,Support,2026-03-11,09:57,21:03,11.1,HR System,Client Support,Pending,64,113,3.1,1,1.3,1,5,57,15,4,3.6,High,Stable
EMP025,Rachel Randolph,Support,2026-03-12,10:26,21:44,11.3,HR System,Client Support,In Progress,65,70,3.3,4,0.8,9,5,63,8,8,4.2,Medium,Stable
EMP025,Rachel Randolph,Support,2026-03-13,09:17,20:59,11.7,AI Analytics,Testing,Pending,64,100,3.7,5,2.2,6,8,63,5,5,3.4,High,Stable
EMP025,Rachel Randolph,Support,2026-03-14,10:40,20:22,9.7,AI Analytics,Client Support,Completed,66,74,1.7,6,0.7,3,3,66,7,7,4.2,Medium,Stable
EMP025,Rachel Randolph,Support,2026-03-15,10:13,19:43,9.5,HR System,Model Training,Completed,58,117,1.5,5,2.8,5,1,50,7,4,3.7,Medium,Declining
EMP025,Rachel Randolph,Support,2026-03-16,08:14,18:02,9.8,Client Portal,Database Update,Completed,50,60,1.8,4,1.6,1,1,49,9,4,2.7,Medium,Declining
EMP025,Rachel Randolph,Support,2026-03-17,08:03,18:03,10.0,CRM Dashboard,Testing,Pending,61,96,2.0,4,1.7,3,1,56,12,12,4.0,Medium,Stable
EMP025,Rachel Randolph,Support,2026-03-18,09:22,19:16,9.9,HR System,Database Update,In Progress,50,81,1.9,1,1.4,9,7,49,10,10,2.7,Medium,Declining
EMP025,Rachel Randolph,Support,2026-03-19,08:09,19:51,11.7,IoT Monitoring,API Integration,In Progress,48,93,3.7,3,2.4,4,8,40,9,9,3.1,High,Declining
EMP025,Rachel Randolph,Support,2026-03-20,08:19,20:01,11.7,AI Analytics,Bug Fixing,Pending,52,68,3.7,1,1.1,4,4,50,9,9,3.2,High,Declining
EMP025,Rachel Randolph,Support,2026-03-21,08:35,19:53,11.3,AI Analytics,Testing,Completed,65,91,3.3,5,1.8,1,6,58,5,5,3.5,Medium,Stable
EMP025,Rachel Randolph,Support,2026-03-22,10:02,20:44,10.7,CRM Dashboard,UI Design,Completed,66,90,2.7,2,1.8,9,6,64,5,4,3.9,Medium,Stable
EMP025,Rachel Randolph,Support,2026-03-23,09:38,19:14,9.6,AI Analytics,Bug Fixing,In Progress,51,78,1.6,4,0.7,7,0,48,8,8,3.2,Medium,Declining
EMP025,Rachel Randolph,Support,2026-03-24,08:53,18:53,10.0,Client Portal,Testing,In Progress,52,104,2.0,3,2.0,1,1,47,13,7,3.1,Medium,Declining
EMP025,Rachel Randolph,Support,2026-03-25,09:08,18:32,9.4,AI Analytics,API Integration,Completed,50,116,1.4,2,1.1,5,0,40,7,7,2.6,Medium,Declining
EMP025,Rachel Randolph,Support,2026-03-26,08:03,18:39,10.6,HR System,Model Training,In Progress,59,82,2.6,2,2.3,7,3,59,14,9,3.7,Medium,Declining
EMP025,Rachel Randolph,Support,2026-03-27,10:14,22:02,11.8,Client Portal,Database Update,In Progress,50,108,3.8,6,1.8,9,3,43,15,11,3.5,High,Declining
EMP025,Rachel Randolph,Support,2026-03-28,08:05,17:11,9.1,AI Analytics,Testing,Completed,55,83,1.1,2,1.1,6,2,53,9,9,3.2,Medium,Declining
EMP025,Rachel Randolph,Support,2026-03-30,08:47,20:29,11.7,IoT Monitoring,Database Update,Pending,60,79,3.7,5,0.5,8,3,60,8,8,3.4,High,Stable
EMP025,Rachel Randolph,Support,2026-03-31,08:31,19:19,10.8,CRM Dashboard,Model Training,In Progress,50,77,2.8,2,2.2,2,2,41,13,13,3.0,Medium,Declining
EMP025,Rachel Randolph,Support,2026-04-01,10:47,20:23,9.6,IoT Monitoring,Testing,Completed,50,96,1.6,3,1.5,5,3,44,11,4,2.6,Medium,Declining
EMP025,Rachel Randolph,Support,2026-04-02,09:06,20:42,11.6,HR System,UI Design,Pending,60,75,3.6,2,1.7,4,3,50,14,10,3.8,High,Stable
EMP025,Rachel Randolph,Support,2026-04-03,08:29,18:59,10.5,IoT Monitoring,Testing,Pending,66,103,2.5,4,2.0,10,7,61,7,3,3.8,Medium,Stable
EMP025,Rachel Randolph,Support,2026-04-04,09:39,19:09,9.5,AI Analytics,Database Update,Pending,66,74,1.5,4,2.0,7,4,61,7,7,3.7,Medium,Stable
EMP025,Rachel Randolph,Support,2026-04-06,09:30,21:24,11.9,HR System,API Integration,Completed,54,73,3.9,4,2.7,8,2,53,9,4,3.0,High,Declining
EMP025,Rachel Randolph,Support,2026-04-07,09:28,20:10,10.7,AI Analytics,Database Update,In Progress,62,114,2.7,6,2.3,9,5,53,5,5,3.2,Medium,Stable
EMP025,Rachel Randolph,Support,2026-04-08,10:45,21:39,10.9,Client Portal,Model Training,In Progress,58,64,2.9,6,3.0,6,7,54,10,9,3.0,Medium,Declining
EMP025,Rachel Randolph,Support,2026-04-09,09:28,19:52,10.4,HR System,Documentation,In Progress,50,85,2.4,1,2.2,4,0,48,7,7,2.6,Medium,Declining
EMP025,Rachel Randolph,Support,2026-04-10,09:58,20:52,10.9,AI Analytics,Bug Fixing,In Progress,52,67,2.9,1,1.3,5,6,42,7,7,3.3,Medium,Declining
EMP025,Rachel Randolph,Support,2026-04-11,09:42,21:42,12.0,HR System,UI Design,Completed,52,81,4.0,1,2.1,8,5,47,9,9,2.8,High,Declining
EMP025,Rachel Randolph,Support,2026-04-12,10:46,19:46,9.0,CRM Dashboard,Testing,Completed,60,75,1.0,5,1.8,5,7,54,10,7,3.1,Medium,Stable
EMP025,Rachel Randolph,Support,2026-04-13,10:14,21:20,11.1,IoT Monitoring,Documentation,Pending,56,88,3.1,4,2.8,9,6,56,5,5,3.4,High,Declining
EMP025,Rachel Randolph,Support,2026-04-14,10:26,20:08,9.7,Mobile App,API Integration,Pending,62,92,1.7,3,2.3,4,5,55,10,10,3.5,Medium,Stable
EMP025,Rachel Randolph,Support,2026-04-15,10:26,22:08,11.7,AI Analytics,Documentation,Pending,61,114,3.7,6,2.9,10,7,55,8,4,3.9,High,Stable
EMP025,Rachel Randolph,Support,2026-04-16,09:19,20:49,11.5,IoT Monitoring,Client Support,In Progress,54,119,3.5,1,1.3,3,0,52,15,10,3.1,High,Declining
EMP025,Rachel Randolph,Support,2026-04-17,10:20,19:38,9.3,CRM Dashboard,API Integration,Pending,58,95,1.3,5,1.5,6,0,52,8,8,3.0,Medium,Declining
EMP025,Rachel Randolph,Support,2026-04-18,09:15,18:33,9.3,HR System,UI Design,In Progress,49,86,1.3,2,3.0,8,5,42,14,10,3.1,Medium,Declining
EMP025,Rachel Randolph,Support,2026-04-20,09:04,19:04,10.0,CRM Dashboard,Documentation,In Progress,49,119,2.0,1,2.1,10,6,41,8,8,2.6,Medium,Declining
EMP025,Rachel Randolph,Support,2026-04-21,09:43,20:31,10.8,AI Analytics,Database Update,Completed,61,109,2.8,3,2.8,5,0,60,11,9,3.2,Medium,Stable
EMP025,Rachel Randolph,Support,2026-04-22,08:10,19:10,11.0,Mobile App,API Integration,In Progress,65,94,3.0,6,2.1,8,3,60,8,8,3.9,Medium,Stable
EMP025,Rachel Randolph,Support,2026-04-23,08:35,18:41,10.1,CRM Dashboard,API Integration,Completed,51,94,2.1,3,2.2,3,0,43,12,5,2.7,Medium,Declining
EMP025,Rachel Randolph,Support,2026-04-24,08:30,18:18,9.8,Mobile App,Testing,In Progress,47,100,1.8,4,2.8,10,1,40,9,9,3.2,Medium,Declining
EMP025,Rachel Randolph,Support,2026-04-25,09:07,18:31,9.4,CRM Dashboard,Model Training,Completed,53,97,1.4,3,1.8,10,7,51,14,9,2.8,Medium,Declining
EMP025,Rachel Randolph,Support,2026-04-27,10:31,20:01,9.5,CRM Dashboard,Database Update,Completed,45,82,1.5,2,1.6,1,5,40,7,6,2.3,Medium,Declining
EMP025,Rachel Randolph,Support,2026-04-28,10:04,20:10,10.1,AI Analytics,Database Update,Pending,55,105,2.1,5,0.6,3,2,46,10,10,3.1,Medium,Declining
EMP025,Rachel Randolph,Support,2026-04-29,10:56,22:26,11.5,HR System,Client Support,Pending,60,71,3.5,2,0.7,9,6,50,5,5,4.0,High,Stable
EMP025,Rachel Randolph,Support,2026-04-30,10:03,20:03,10.0,CRM Dashboard,Client Support,Pending,61,62,2.0,3,2.4,4,4,61,15,12,3.6,Medium,Stable
EMP025,Rachel Randolph,Support,2026-05-01,10:29,22:11,11.7,HR System,Documentation,Pending,65,116,3.7,1,2.9,3,4,64,6,4,3.9,Medium,Stable
EMP025,Rachel Randolph,Support,2026-05-02,08:42,18:54,10.2,Client Portal,Client Support,Completed,54,75,2.2,1,1.1,8,8,44,12,12,3.2,Medium,Declining
EMP025,Rachel Randolph,Support,2026-05-04,09:06,18:18,9.2,IoT Monitoring,Documentation,In Progress,52,82,1.2,6,1.8,5,7,50,12,12,2.9,Medium,Declining
EMP025,Rachel Randolph,Support,2026-05-05,09:23,21:11,11.8,AI Analytics,Documentation,Pending,57,100,3.8,2,2.9,6,1,48,15,9,3.4,High,Declining
EMP025,Rachel Randolph,Support,2026-05-06,10:29,22:23,11.9,CRM Dashboard,Documentation,In Progress,61,66,3.9,2,2.2,9,1,59,9,3,3.2,High,Stable
EMP025,Rachel Randolph,Support,2026-05-07,08:32,19:50,11.3,IoT Monitoring,UI Design,Completed,57,84,3.3,5,1.2,4,3,53,11,9,3.7,High,Declining
EMP025,Rachel Randolph,Support,2026-05-08,10:28,19:52,9.4,HR System,Documentation,Pending,49,65,1.4,4,2.0,1,8,40,15,14,3.0,Medium,Declining
EMP025,Rachel Randolph,Support,2026-05-09,10:14,22:08,11.9,CRM Dashboard,UI Design,Completed,53,70,3.9,1,2.6,8,2,53,8,6,3.6,High,Declining
EMP025,Rachel Randolph,Support,2026-05-10,10:02,19:56,9.9,Mobile App,Model Training,In Progress,48,76,1.9,5,2.9,1,5,40,9,9,3.2,Medium,Declining
EMP025,Rachel Randolph,Support,2026-05-11,09:25,20:43,11.3,Mobile App,Model Training,In Progress,50,100,3.3,6,1.2,8,4,44,15,5,3.5,High,Declining
EMP025,Rachel Randolph,Support,2026-05-12,09:37,20:19,10.7,Client Portal,API Integration,In Progress,48,95,2.7,2,1.0,1,1,48,6,6,2.7,Medium,Declining
EMP025,Rachel Randolph,Support,2026-05-13,08:54,18:18,9.4,AI Analytics,Client Support,In Progress,54,115,1.4,6,2.0,8,5,54,6,4,2.8,Medium,Declining
EMP025,Rachel Randolph,Support,2026-05-14,09:44,19:26,9.7,Mobile App,Model Training,Pending,60,83,1.7,4,1.6,9,7,56,11,3,3.7,Medium,Stable
EMP025,Rachel Randolph,Support,2026-05-15,10:47,20:17,9.5,AI Analytics,Database Update,Completed,56,75,1.5,4,1.6,8,3,53,14,12,3.3,Medium,Declining
EMP025,Rachel Randolph,Support,2026-05-16,10:08,21:14,11.1,CRM Dashboard,Model Training,Pending,54,75,3.1,3,2.9,9,4,49,15,4,3.6,High,Declining
EMP025,Rachel Randolph,Support,2026-05-18,09:44,21:02,11.3,CRM Dashboard,Documentation,In Progress,60,68,3.3,2,2.5,10,3,51,6,6,3.6,High,Stable
EMP025,Rachel Randolph,Support,2026-05-19,08:44,18:32,9.8,HR System,Client Support,Pending,59,91,1.8,2,0.7,3,3,51,12,12,3.3,Medium,Declining
EMP026,Nathan Davis,Testing,2026-02-19,08:16,18:10,9.9,HR System,Model Training,Pending,67,68,1.9,1,2.6,8,2,57,10,10,3.8,Medium,Stable
EMP026,Nathan Davis,Testing,2026-02-20,08:00,19:06,11.1,Client Portal,Client Support,Completed,58,67,3.1,6,0.5,1,3,58,6,6,3.8,High,Declining
EMP026,Nathan Davis,Testing,2026-02-21,09:56,21:44,11.8,IoT Monitoring,Client Support,In Progress,60,116,3.8,1,2.4,5,7,60,15,9,4.0,High,Stable
EMP026,Nathan Davis,Testing,2026-02-23,08:41,19:05,10.4,AI Analytics,Model Training,In Progress,68,100,2.4,5,0.9,1,4,67,5,5,4.3,Medium,Stable
EMP026,Nathan Davis,Testing,2026-02-24,10:13,19:31,9.3,IoT Monitoring,UI Design,Completed,56,70,1.3,5,2.6,4,6,48,8,8,3.1,Medium,Declining
EMP026,Nathan Davis,Testing,2026-02-25,09:59,20:11,10.2,HR System,UI Design,Pending,57,65,2.2,1,0.6,2,2,52,15,15,3.2,Medium,Declining
EMP026,Nathan Davis,Testing,2026-02-26,10:31,20:49,10.3,AI Analytics,Bug Fixing,Completed,68,72,2.3,6,1.0,8,5,62,10,10,4.0,Medium,Stable
EMP026,Nathan Davis,Testing,2026-02-27,10:16,19:16,9.0,CRM Dashboard,Model Training,Pending,51,120,1.0,4,2.0,1,0,51,10,4,2.6,Medium,Declining
EMP026,Nathan Davis,Testing,2026-02-28,09:02,18:14,9.2,Mobile App,Testing,Pending,60,106,1.2,3,1.8,2,7,50,14,4,3.6,Medium,Stable
EMP026,Nathan Davis,Testing,2026-03-02,08:14,19:26,11.2,CRM Dashboard,Testing,In Progress,60,92,3.2,1,1.3,7,0,51,8,4,3.7,High,Stable
EMP026,Nathan Davis,Testing,2026-03-03,08:30,18:48,10.3,HR System,Client Support,Pending,55,76,2.3,5,0.8,6,3,50,13,11,3.0,Medium,Declining
EMP026,Nathan Davis,Testing,2026-03-04,10:26,21:38,11.2,Mobile App,Testing,Pending,65,95,3.2,6,1.8,2,0,60,7,7,3.8,Medium,Stable
EMP026,Nathan Davis,Testing,2026-03-05,09:16,18:58,9.7,Mobile App,Bug Fixing,In Progress,53,110,1.7,5,2.0,2,7,47,14,14,2.7,Medium,Declining
EMP026,Nathan Davis,Testing,2026-03-06,09:01,20:49,11.8,AI Analytics,Testing,Pending,59,72,3.8,3,0.5,2,6,57,7,3,3.9,High,Declining
EMP026,Nathan Davis,Testing,2026-03-07,08:43,19:55,11.2,Mobile App,Database Update,Pending,57,69,3.2,3,2.0,3,1,51,14,14,3.2,High,Declining
EMP026,Nathan Davis,Testing,2026-03-08,10:27,21:57,11.5,IoT Monitoring,Client Support,In Progress,66,75,3.5,5,1.5,2,5,61,13,8,3.5,Medium,Stable
EMP026,Nathan Davis,Testing,2026-03-09,08:19,18:55,10.6,IoT Monitoring,UI Design,In Progress,66,115,2.6,4,1.9,8,2,56,6,6,4.1,Medium,Stable
EMP026,Nathan Davis,Testing,2026-03-10,09:12,19:48,10.6,HR System,Database Update,In Progress,59,83,2.6,3,0.5,6,3,58,10,6,3.1,Medium,Declining
EMP026,Nathan Davis,Testing,2026-03-11,10:59,20:23,9.4,AI Analytics,Bug Fixing,Completed,47,91,1.4,1,0.5,10,1,40,8,8,2.9,Medium,Declining
EMP026,Nathan Davis,Testing,2026-03-12,08:17,18:05,9.8,AI Analytics,Database Update,Completed,61,75,1.8,3,2.2,6,7,59,5,5,3.4,Medium,Stable
EMP026,Nathan Davis,Testing,2026-03-13,08:07,19:01,10.9,AI Analytics,API Integration,Completed,56,63,2.9,5,1.6,2,2,47,7,7,2.9,Medium,Declining
EMP026,Nathan Davis,Testing,2026-03-14,09:43,19:07,9.4,Mobile App,Database Update,Completed,51,96,1.4,4,0.8,9,4,41,11,11,3.1,Medium,Declining
EMP026,Nathan Davis,Testing,2026-03-16,10:11,21:59,11.8,Client Portal,UI Design,In Progress,64,87,3.8,4,2.5,10,0,63,6,4,3.5,High,Stable
EMP026,Nathan Davis,Testing,2026-03-17,09:59,19:17,9.3,AI Analytics,Documentation,In Progress,48,76,1.3,4,0.9,5,2,40,15,6,2.5,Medium,Declining
EMP026,Nathan Davis,Testing,2026-03-18,10:03,21:45,11.7,AI Analytics,Model Training,Pending,56,109,3.7,4,2.3,1,3,47,12,9,3.7,High,Declining
EMP026,Nathan Davis,Testing,2026-03-19,09:03,18:09,9.1,HR System,Documentation,Completed,50,116,1.1,1,1.2,2,7,50,9,6,2.8,Medium,Declining
EMP026,Nathan Davis,Testing,2026-03-20,09:55,19:43,9.8,HR System,Documentation,Completed,58,77,1.8,6,0.6,5,6,49,10,10,3.3,Medium,Declining
EMP026,Nathan Davis,Testing,2026-03-21,08:45,18:51,10.1,CRM Dashboard,Testing,Completed,48,80,2.1,2,1.5,10,7,48,9,9,2.6,Medium,Declining
EMP026,Nathan Davis,Testing,2026-03-23,09:05,20:05,11.0,CRM Dashboard,Client Support,In Progress,52,86,3.0,5,1.5,2,5,47,6,6,2.7,High,Declining
EMP026,Nathan Davis,Testing,2026-03-24,10:33,20:27,9.9,CRM Dashboard,Client Support,In Progress,48,99,1.9,5,1.7,4,7,47,12,5,2.6,Medium,Declining
EMP026,Nathan Davis,Testing,2026-03-25,09:47,20:29,10.7,IoT Monitoring,API Integration,Completed,56,117,2.7,3,2.2,4,0,54,12,12,3.6,Medium,Declining
EMP026,Nathan Davis,Testing,2026-03-26,08:39,19:39,11.0,AI Analytics,API Integration,In Progress,61,99,3.0,6,1.7,6,3,56,11,11,3.2,High,Stable
EMP026,Nathan Davis,Testing,2026-03-27,09:59,20:23,10.4,Client Portal,API Integration,Pending,56,95,2.4,6,1.3,7,7,47,7,7,3.4,Medium,Declining
EMP026,Nathan Davis,Testing,2026-03-28,09:37,20:43,11.1,IoT Monitoring,Bug Fixing,Completed,53,107,3.1,6,2.3,8,2,45,14,3,3.4,High,Declining
EMP026,Nathan Davis,Testing,2026-03-30,09:48,21:30,11.7,IoT Monitoring,Documentation,In Progress,48,73,3.7,1,0.9,9,4,40,13,9,2.8,High,Declining
EMP026,Nathan Davis,Testing,2026-03-31,08:02,19:38,11.6,IoT Monitoring,UI Design,In Progress,66,113,3.6,2,0.8,5,4,66,11,11,4.0,Medium,Stable
EMP026,Nathan Davis,Testing,2026-04-01,08:51,20:09,11.3,IoT Monitoring,API Integration,In Progress,64,117,3.3,5,0.9,6,1,57,7,7,3.5,High,Stable
EMP026,Nathan Davis,Testing,2026-04-02,08:08,19:44,11.6,HR System,UI Design,In Progress,57,107,3.6,6,2.4,8,1,57,14,10,3.0,High,Declining
EMP026,Nathan Davis,Testing,2026-04-03,09:12,20:36,11.4,AI Analytics,UI Design,Pending,64,85,3.4,1,2.0,6,4,59,5,4,3.4,High,Stable
EMP026,Nathan Davis,Testing,2026-04-04,08:07,18:43,10.6,AI Analytics,Bug Fixing,Pending,62,72,2.6,1,2.5,7,3,53,12,12,3.9,Medium,Stable
EMP026,Nathan Davis,Testing,2026-04-06,08:11,17:35,9.4,IoT Monitoring,API Integration,Pending,52,109,1.4,6,1.1,2,0,51,14,5,2.7,Medium,Declining
EMP026,Nathan Davis,Testing,2026-04-07,10:49,21:07,10.3,Mobile App,Documentation,In Progress,56,99,2.3,4,2.5,4,8,55,5,5,3.2,Medium,Declining
EMP026,Nathan Davis,Testing,2026-04-08,09:25,20:43,11.3,Client Portal,Bug Fixing,Completed,62,70,3.3,2,2.6,2,3,58,6,6,4.0,High,Stable
EMP026,Nathan Davis,Testing,2026-04-09,09:09,19:09,10.0,AI Analytics,Testing,Pending,45,65,2.0,6,2.3,9,2,40,8,7,2.4,Medium,Declining
EMP026,Nathan Davis,Testing,2026-04-10,09:17,18:41,9.4,Mobile App,Testing,Completed,56,111,1.4,5,2.1,8,0,49,7,6,3.6,Medium,Declining
EMP026,Nathan Davis,Testing,2026-04-11,10:18,19:24,9.1,HR System,Model Training,Completed,59,98,1.1,4,1.7,2,8,49,8,8,3.2,Medium,Declining
EMP026,Nathan Davis,Testing,2026-04-13,08:29,17:41,9.2,AI Analytics,Testing,In Progress,57,71,1.2,2,1.8,9,0,51,7,5,3.5,Medium,Declining
EMP026,Nathan Davis,Testing,2026-04-14,10:24,21:30,11.1,HR System,Model Training,In Progress,52,113,3.1,4,2.1,5,2,52,13,8,3.5,High,Declining
EMP026,Nathan Davis,Testing,2026-04-15,08:21,19:33,11.2,Client Portal,Model Training,In Progress,65,74,3.2,6,2.8,6,3,64,8,8,3.4,Medium,Stable
EMP026,Nathan Davis,Testing,2026-04-16,08:56,20:26,11.5,HR System,Model Training,Pending,58,94,3.5,6,1.9,10,1,56,13,11,3.4,High,Declining
EMP026,Nathan Davis,Testing,2026-04-17,09:15,19:51,10.6,AI Analytics,Bug Fixing,Completed,45,68,2.6,6,1.8,4,7,40,14,14,3.1,Medium,Declining
EMP026,Nathan Davis,Testing,2026-04-18,09:19,19:49,10.5,HR System,Documentation,Pending,54,81,2.5,4,0.8,8,8,51,8,6,3.1,Medium,Declining
EMP026,Nathan Davis,Testing,2026-04-19,10:43,20:19,9.6,IoT Monitoring,Database Update,Pending,61,84,1.6,3,2.4,2,6,56,7,6,3.7,Medium,Stable
EMP026,Nathan Davis,Testing,2026-04-20,09:14,20:14,11.0,CRM Dashboard,Model Training,In Progress,60,91,3.0,3,1.0,7,8,52,9,9,3.6,High,Stable
EMP026,Nathan Davis,Testing,2026-04-21,09:03,19:03,10.0,Client Portal,Database Update,Completed,57,87,2.0,5,0.9,1,7,52,6,6,3.7,Medium,Declining
EMP026,Nathan Davis,Testing,2026-04-22,08:28,20:10,11.7,HR System,Testing,Pending,59,65,3.7,3,1.1,9,7,50,7,5,3.0,High,Declining
EMP026,Nathan Davis,Testing,2026-04-23,09:43,21:25,11.7,AI Analytics,Database Update,Pending,62,64,3.7,6,1.1,8,6,53,9,9,3.4,High,Stable
EMP026,Nathan Davis,Testing,2026-04-24,09:24,19:24,10.0,AI Analytics,Bug Fixing,Pending,62,79,2.0,5,1.8,7,7,61,7,7,3.9,Medium,Stable
EMP026,Nathan Davis,Testing,2026-04-25,09:40,19:22,9.7,CRM Dashboard,Client Support,Completed,44,94,1.7,4,2.2,9,6,43,9,9,2.5,Medium,Declining
EMP026,Nathan Davis,Testing,2026-04-27,09:15,20:15,11.0,Client Portal,Documentation,Pending,63,95,3.0,5,2.3,3,7,61,14,10,4.0,High,Stable
EMP026,Nathan Davis,Testing,2026-04-28,10:00,19:18,9.3,Mobile App,UI Design,Completed,63,88,1.3,2,0.8,9,0,59,11,11,3.5,Medium,Stable
EMP026,Nathan Davis,Testing,2026-04-29,10:19,19:37,9.3,HR System,Model Training,Pending,47,74,1.3,2,2.0,1,8,40,13,4,3.0,Medium,Declining
EMP026,Nathan Davis,Testing,2026-04-30,10:24,22:12,11.8,IoT Monitoring,Testing,Completed,47,115,3.8,1,1.4,5,5,41,9,9,2.6,High,Declining
EMP026,Nathan Davis,Testing,2026-05-01,09:30,19:24,9.9,CRM Dashboard,Testing,Completed,44,114,1.9,4,2.9,10,8,40,8,8,2.8,Medium,Declining
EMP026,Nathan Davis,Testing,2026-05-02,08:38,18:26,9.8,Client Portal,API Integration,Completed,57,100,1.8,2,1.6,4,0,51,9,9,3.0,Medium,Declining
EMP026,Nathan Davis,Testing,2026-05-04,09:01,18:25,9.4,HR System,Client Support,Pending,48,66,1.4,5,0.7,5,0,42,13,3,2.7,Medium,Declining
EMP026,Nathan Davis,Testing,2026-05-05,09:36,20:36,11.0,Client Portal,API Integration,In Progress,47,60,3.0,1,1.7,6,8,43,14,14,3.3,High,Declining
EMP026,Nathan Davis,Testing,2026-05-06,08:02,19:44,11.7,Mobile App,Bug Fixing,Pending,53,96,3.7,4,0.5,6,1,46,9,4,3.4,High,Declining
EMP026,Nathan Davis,Testing,2026-05-07,10:46,20:46,10.0,HR System,Bug Fixing,Pending,49,62,2.0,1,2.2,4,8,44,11,7,2.8,Medium,Declining
EMP026,Nathan Davis,Testing,2026-05-08,09:30,20:48,11.3,CRM Dashboard,API Integration,Completed,60,100,3.3,1,1.8,6,0,56,12,12,4.0,High,Stable
EMP026,Nathan Davis,Testing,2026-05-09,09:29,21:23,11.9,HR System,Client Support,Pending,62,104,3.9,4,2.0,1,5,61,9,5,3.2,High,Stable
EMP026,Nathan Davis,Testing,2026-05-11,08:13,19:25,11.2,HR System,Testing,Pending,51,67,3.2,5,1.6,6,0,49,7,5,2.9,High,Declining
EMP026,Nathan Davis,Testing,2026-05-12,09:49,21:07,11.3,HR System,UI Design,Pending,57,65,3.3,6,1.9,5,7,51,7,7,3.4,High,Declining
EMP026,Nathan Davis,Testing,2026-05-13,10:11,21:53,11.7,HR System,Documentation,Completed,50,77,3.7,4,1.6,1,1,49,11,8,3.4,High,Declining
EMP026,Nathan Davis,Testing,2026-05-14,10:06,21:18,11.2,Mobile App,UI Design,Completed,53,84,3.2,4,1.2,10,1,49,14,10,3.2,High,Declining
EMP026,Nathan Davis,Testing,2026-05-15,08:16,18:46,10.5,Mobile App,API Integration,Completed,56,101,2.5,5,1.7,4,7,47,11,7,2.8,Medium,Declining
EMP026,Nathan Davis,Testing,2026-05-16,09:23,18:47,9.4,IoT Monitoring,Documentation,In Progress,49,108,1.4,6,1.4,4,1,43,15,12,3.1,Medium,Declining
EMP026,Nathan Davis,Testing,2026-05-18,10:05,21:17,11.2,Mobile App,Bug Fixing,Pending,58,103,3.2,4,1.6,6,2,55,10,10,3.9,High,Declining
EMP026,Nathan Davis,Testing,2026-05-19,08:25,19:43,11.3,Mobile App,Model Training,In Progress,54,116,3.3,2,2.5,2,1,48,13,13,2.9,High,Declining
EMP027,Kim Rollins,HR,2026-02-19,09:53,18:53,9.0,CRM Dashboard,UI Design,Completed,91,12,1.0,3,1.3,5,0,91,15,10,4.8,Medium,Improving
EMP027,Kim Rollins,HR,2026-02-20,10:41,19:11,8.5,CRM Dashboard,Database Update,In Progress,100,25,0.5,6,2.8,1,8,90,10,4,5.0,Low,Improving
EMP027,Kim Rollins,HR,2026-02-21,09:36,18:18,8.7,IoT Monitoring,Database Update,In Progress,88,12,0.7,6,2.3,4,1,88,13,11,4.5,Low,Improving
EMP027,Kim Rollins,HR,2026-02-23,08:51,17:15,8.4,AI Analytics,Testing,In Progress,88,23,0.4,2,1.5,4,1,88,8,8,4.7,Low,Improving
EMP027,Kim Rollins,HR,2026-02-24,10:35,18:41,8.1,HR System,UI Design,In Progress,94,14,0.1,5,2.3,9,2,89,9,9,5.0,Low,Improving
EMP027,Kim Rollins,HR,2026-02-25,08:58,18:28,9.5,HR System,Documentation,Completed,88,11,1.5,3,1.1,9,3,80,7,7,5.0,Medium,Improving
EMP027,Kim Rollins,HR,2026-02-26,10:55,18:43,7.8,IoT Monitoring,Model Training,In Progress,85,15,0.0,5,1.2,8,8,77,13,13,4.9,Low,Improving
EMP027,Kim Rollins,HR,2026-02-27,10:57,20:21,9.4,HR System,Testing,In Progress,98,35,1.4,1,2.8,2,3,89,15,3,5.0,Medium,Improving
EMP027,Kim Rollins,HR,2026-02-28,09:57,17:57,8.0,Client Portal,Client Support,In Progress,87,11,0.0,3,1.4,1,4,87,14,13,4.6,Low,Improving
EMP027,Kim Rollins,HR,2026-03-01,10:20,18:08,7.8,Mobile App,UI Design,Completed,100,19,0.0,3,1.9,9,3,97,11,10,5.0,Low,Improving
EMP027,Kim Rollins,HR,2026-03-02,08:06,16:00,7.9,HR System,UI Design,Completed,88,21,0.0,6,0.6,2,7,78,9,9,4.5,Low,Improving
EMP027,Kim Rollins,HR,2026-03-03,10:59,18:47,7.8,AI Analytics,UI Design,In Progress,96,10,0.0,5,2.2,9,4,93,11,5,5.0,Low,Improving
EMP027,Kim Rollins,HR,2026-03-04,09:43,17:49,8.1,CRM Dashboard,API Integration,Pending,84,36,0.1,2,2.0,7,4,78,12,11,4.3,Low,Improving
EMP027,Kim Rollins,HR,2026-03-05,10:05,17:41,7.6,IoT Monitoring,Documentation,Completed,82,16,0.0,3,0.8,9,4,81,12,5,5.0,Low,Improving
EMP027,Kim Rollins,HR,2026-03-06,10:00,17:42,7.7,AI Analytics,Client Support,In Progress,97,21,0.0,2,1.4,4,1,95,9,9,5.0,Low,Improving
EMP027,Kim Rollins,HR,2026-03-07,08:20,17:20,9.0,IoT Monitoring,Documentation,In Progress,100,38,1.0,1,0.7,2,6,96,7,3,5.0,Medium,Improving
EMP027,Kim Rollins,HR,2026-03-09,09:10,18:16,9.1,CRM Dashboard,UI Design,Completed,97,24,1.1,5,2.7,6,8,90,8,3,5.0,Medium,Improving
EMP027,Kim Rollins,HR,2026-03-10,10:24,18:24,8.0,IoT Monitoring,Model Training,Completed,96,26,0.0,3,1.3,5,1,90,13,11,5.0,Low,Improving
EMP027,Kim Rollins,HR,2026-03-11,10:10,18:34,8.4,HR System,Bug Fixing,In Progress,100,28,0.4,3,0.5,9,7,100,8,8,5.0,Low,Improving
EMP027,Kim Rollins,HR,2026-03-12,09:31,17:19,7.8,Client Portal,Model Training,Pending,97,11,0.0,4,1.4,10,1,94,6,5,5.0,Low,Improving
EMP027,Kim Rollins,HR,2026-03-13,08:25,16:01,7.6,AI Analytics,Documentation,Pending,95,22,0.0,3,2.2,6,4,93,14,10,5.0,Low,Improving
EMP027,Kim Rollins,HR,2026-03-14,08:39,17:45,9.1,HR System,API Integration,Pending,84,36,1.1,2,1.0,6,6,74,11,11,5.0,Medium,Improving
EMP027,Kim Rollins,HR,2026-03-16,08:27,17:33,9.1,CRM Dashboard,Testing,Completed,93,13,1.1,3,2.1,9,4,84,5,4,5.0,Medium,Improving
EMP027,Kim Rollins,HR,2026-03-17,10:57,20:15,9.3,Client Portal,Model Training,Completed,99,18,1.3,5,0.7,3,5,93,12,3,5.0,Medium,Improving
EMP027,Kim Rollins,HR,2026-03-18,09:43,17:37,7.9,HR System,Model Training,In Progress,96,13,0.0,1,1.9,7,1,92,14,14,4.9,Low,Improving
EMP027,Kim Rollins,HR,2026-03-19,08:50,16:32,7.7,Client Portal,Database Update,In Progress,85,24,0.0,1,0.6,6,0,82,10,10,4.9,Low,Improving
EMP027,Kim Rollins,HR,2026-03-20,09:17,17:23,8.1,CRM Dashboard,Testing,Completed,89,23,0.1,6,1.0,8,0,88,8,8,4.6,Low,Improving
EMP027,Kim Rollins,HR,2026-03-21,08:44,17:14,8.5,IoT Monitoring,API Integration,Completed,83,36,0.5,3,0.9,7,4,83,8,8,5.0,Low,Improving
EMP027,Kim Rollins,HR,2026-03-23,10:37,19:13,8.6,Mobile App,Client Support,Completed,83,25,0.6,1,1.5,10,8,74,11,11,5.0,Low,Improving
EMP027,Kim Rollins,HR,2026-03-24,10:33,19:21,8.8,CRM Dashboard,Client Support,Pending,98,18,0.8,6,2.1,9,1,90,13,10,5.0,Low,Improving
EMP027,Kim Rollins,HR,2026-03-25,09:04,17:04,8.0,CRM Dashboard,Bug Fixing,In Progress,86,32,0.0,5,0.6,8,1,79,14,14,4.9,Low,Improving
EMP027,Kim Rollins,HR,2026-03-26,10:58,19:16,8.3,HR System,UI Design,Pending,100,40,0.3,6,1.9,7,3,97,15,15,5.0,Low,Improving
EMP027,Kim Rollins,HR,2026-03-27,09:03,16:57,7.9,Mobile App,API Integration,Completed,91,30,0.0,2,2.0,1,8,83,6,6,5.0,Low,Improving
EMP027,Kim Rollins,HR,2026-03-28,09:05,16:59,7.9,IoT Monitoring,Testing,In Progress,96,10,0.0,1,0.9,7,3,86,9,9,5.0,Low,Improving
EMP027,Kim Rollins,HR,2026-03-30,09:21,17:27,8.1,IoT Monitoring,Testing,Pending,100,30,0.1,3,1.9,10,5,92,9,8,5.0,Low,Improving
EMP027,Kim Rollins,HR,2026-03-31,09:01,18:13,9.2,AI Analytics,UI Design,In Progress,100,27,1.2,4,1.9,5,3,95,8,5,5.0,Medium,Improving
EMP027,Kim Rollins,HR,2026-04-01,08:39,16:21,7.7,Client Portal,Documentation,Completed,84,36,0.0,1,1.6,8,3,80,13,13,5.0,Low,Improving
EMP027,Kim Rollins,HR,2026-04-02,10:00,18:36,8.6,Mobile App,Testing,Pending,84,14,0.6,3,1.0,10,5,82,15,8,5.0,Low,Improving
EMP027,Kim Rollins,HR,2026-04-03,08:54,17:36,8.7,Mobile App,UI Design,Pending,83,19,0.7,4,1.3,1,6,74,6,6,4.7,Low,Improving
EMP027,Kim Rollins,HR,2026-04-04,08:22,17:22,9.0,CRM Dashboard,Model Training,In Progress,99,20,1.0,6,2.6,2,2,92,15,13,5.0,Medium,Improving
EMP027,Kim Rollins,HR,2026-04-06,08:37,17:43,9.1,HR System,Client Support,In Progress,92,16,1.1,3,1.7,4,6,87,5,5,5.0,Medium,Improving
EMP027,Kim Rollins,HR,2026-04-07,08:10,16:40,8.5,IoT Monitoring,Database Update,Completed,82,24,0.5,5,1.0,5,2,79,15,14,5.0,Low,Improving
EMP027,Kim Rollins,HR,2026-04-08,10:28,18:04,7.6,AI Analytics,Database Update,Pending,82,23,0.0,4,1.8,1,7,79,15,4,4.2,Low,Improving
EMP027,Kim Rollins,HR,2026-04-09,09:44,17:50,8.1,AI Analytics,Bug Fixing,Pending,99,28,0.1,3,0.6,1,1,91,8,8,5.0,Low,Improving
EMP027,Kim Rollins,HR,2026-04-10,08:51,17:09,8.3,Client Portal,Documentation,In Progress,92,22,0.3,5,0.8,6,4,91,12,8,5.0,Low,Improving
EMP027,Kim Rollins,HR,2026-04-11,09:10,16:52,7.7,AI Analytics,Testing,Pending,82,20,0.0,3,2.4,2,5,79,10,5,4.5,Low,Improving
EMP027,Kim Rollins,HR,2026-04-12,09:40,18:10,8.5,AI Analytics,API Integration,In Progress,91,27,0.5,1,2.4,9,1,85,6,6,4.6,Low,Improving
EMP027,Kim Rollins,HR,2026-04-13,08:20,16:20,8.0,HR System,Documentation,In Progress,98,29,0.0,3,2.1,8,0,88,13,3,5.0,Low,Improving
EMP027,Kim Rollins,HR,2026-04-14,09:25,17:43,8.3,HR System,API Integration,In Progress,86,19,0.3,4,0.5,4,8,76,9,9,4.7,Low,Improving
EMP027,Kim Rollins,HR,2026-04-15,09:26,18:38,9.2,Client Portal,Database Update,In Progress,88,20,1.2,1,0.8,6,1,85,7,6,4.9,Medium,Improving
EMP027,Kim Rollins,HR,2026-04-16,08:37,16:49,8.2,Client Portal,Model Training,In Progress,100,22,0.2,3,2.1,5,0,95,11,7,5.0,Low,Improving
EMP027,Kim Rollins,HR,2026-04-17,10:27,19:33,9.1,AI Analytics,API Integration,Completed,98,11,1.1,5,2.3,10,2,91,8,8,5.0,Medium,Improving
EMP027,Kim Rollins,HR,2026-04-18,09:45,18:45,9.0,AI Analytics,Database Update,Completed,89,34,1.0,4,2.5,8,2,86,10,4,5.0,Medium,Improving
EMP027,Kim Rollins,HR,2026-04-20,08:01,16:49,8.8,AI Analytics,API Integration,Pending,94,20,0.8,4,1.0,1,5,85,11,3,5.0,Low,Improving
EMP027,Kim Rollins,HR,2026-04-21,08:59,16:29,7.5,CRM Dashboard,Bug Fixing,Completed,82,14,0.0,2,2.7,4,1,81,6,4,4.9,Low,Improving
EMP027,Kim Rollins,HR,2026-04-22,09:34,17:46,8.2,AI Analytics,Documentation,Pending,100,32,0.2,5,1.7,2,4,98,11,3,5.0,Low,Improving
EMP027,Kim Rollins,HR,2026-04-23,08:46,17:22,8.6,AI Analytics,Client Support,In Progress,93,40,0.6,5,1.4,9,1,92,12,12,5.0,Low,Improving
EMP027,Kim Rollins,HR,2026-04-24,08:34,16:28,7.9,Client Portal,Database Update,Pending,84,32,0.0,6,2.5,8,5,79,15,10,5.0,Low,Improving
EMP027,Kim Rollins,HR,2026-04-25,09:27,17:33,8.1,CRM Dashboard,Documentation,In Progress,94,23,0.1,6,0.6,6,2,94,5,5,5.0,Low,Improving
EMP027,Kim Rollins,HR,2026-04-26,10:45,18:39,7.9,IoT Monitoring,Documentation,Completed,100,19,0.0,3,1.6,2,0,98,11,3,5.0,Low,Improving
EMP027,Kim Rollins,HR,2026-04-27,09:32,17:20,7.8,Mobile App,Model Training,Completed,92,26,0.0,4,1.4,10,6,92,10,10,5.0,Low,Improving
EMP027,Kim Rollins,HR,2026-04-28,09:17,18:35,9.3,Client Portal,Bug Fixing,Pending,97,16,1.3,5,0.8,8,6,91,11,11,5.0,Medium,Improving
EMP027,Kim Rollins,HR,2026-04-29,10:12,19:30,9.3,AI Analytics,Client Support,Pending,90,33,1.3,4,2.9,6,4,89,6,6,4.6,Medium,Improving
EMP027,Kim Rollins,HR,2026-04-30,09:12,18:00,8.8,Client Portal,Model Training,Completed,85,22,0.8,3,1.2,1,0,75,8,8,4.3,Low,Improving
EMP027,Kim Rollins,HR,2026-05-01,09:44,18:02,8.3,IoT Monitoring,Testing,Completed,87,18,0.3,2,1.5,5,7,81,8,8,5.0,Low,Improving
EMP027,Kim Rollins,HR,2026-05-02,09:48,19:12,9.4,CRM Dashboard,API Integration,Completed,97,19,1.4,6,0.8,3,0,90,10,10,5.0,Medium,Improving
EMP027,Kim Rollins,HR,2026-05-04,08:13,16:01,7.8,IoT Monitoring,Testing,Completed,88,12,0.0,3,0.7,10,5,80,10,5,4.4,Low,Improving
EMP027,Kim Rollins,HR,2026-05-05,08:07,17:31,9.4,AI Analytics,Documentation,In Progress,100,16,1.4,5,1.6,5,4,98,5,5,5.0,Medium,Improving
EMP027,Kim Rollins,HR,2026-05-06,08:22,17:28,9.1,AI Analytics,Documentation,In Progress,86,14,1.1,1,2.5,8,0,86,14,5,4.8,Medium,Improving
EMP027,Kim Rollins,HR,2026-05-07,10:13,19:37,9.4,AI Analytics,Client Support,Pending,93,13,1.4,6,1.1,10,1,87,5,5,5.0,Medium,Improving
EMP027,Kim Rollins,HR,2026-05-08,10:14,19:26,9.2,CRM Dashboard,Database Update,Completed,90,24,1.2,2,2.7,3,1,85,14,10,5.0,Medium,Improving
EMP027,Kim Rollins,HR,2026-05-09,08:24,17:18,8.9,AI Analytics,Testing,Pending,88,11,0.9,4,2.3,1,1,88,12,12,4.9,Low,Improving
EMP027,Kim Rollins,HR,2026-05-10,09:07,17:25,8.3,HR System,Database Update,In Progress,87,13,0.3,2,2.8,2,4,79,10,8,5.0,Low,Improving
EMP027,Kim Rollins,HR,2026-05-11,10:22,18:10,7.8,AI Analytics,API Integration,Pending,91,27,0.0,2,0.7,7,5,82,14,13,5.0,Low,Improving
EMP027,Kim Rollins,HR,2026-05-12,09:41,18:17,8.6,IoT Monitoring,Client Support,Completed,98,16,0.6,2,2.5,3,3,95,6,6,5.0,Low,Improving
EMP027,Kim Rollins,HR,2026-05-13,10:46,18:52,8.1,IoT Monitoring,Database Update,Completed,85,23,0.1,6,1.1,1,1,82,11,3,4.6,Low,Improving
EMP027,Kim Rollins,HR,2026-05-14,08:55,18:25,9.5,IoT Monitoring,Documentation,In Progress,100,29,1.5,1,1.2,3,3,93,11,8,5.0,Medium,Improving
EMP027,Kim Rollins,HR,2026-05-15,10:56,20:02,9.1,Client Portal,Documentation,Pending,85,32,1.1,4,2.9,6,8,76,11,11,4.9,Medium,Improving
EMP027,Kim Rollins,HR,2026-05-16,10:28,19:10,8.7,CRM Dashboard,Database Update,Pending,88,24,0.7,5,0.5,5,4,88,7,7,5.0,Low,Improving
EMP027,Kim Rollins,HR,2026-05-18,08:52,17:34,8.7,AI Analytics,Client Support,In Progress,84,17,0.7,6,2.8,2,6,79,14,14,4.3,Low,Improving
EMP027,Kim Rollins,HR,2026-05-19,08:15,16:15,8.0,Client Portal,Documentation,Completed,95,13,0.0,5,2.0,6,3,92,7,7,5.0,Low,Improving
EMP028,Ronnie Garcia,Development,2026-02-19,10:12,19:00,8.8,IoT Monitoring,Client Support,Pending,77,64,0.8,2,1.3,5,8,68,14,13,4.0,Low,Stable
EMP028,Ronnie Garcia,Development,2026-02-20,10:14,18:20,8.1,CRM Dashboard,Bug Fixing,In Progress,64,46,0.1,2,1.1,10,6,64,15,10,3.2,Low,Stable
EMP028,Ronnie Garcia,Development,2026-02-21,10:17,17:29,7.2,Mobile App,Client Support,Completed,71,32,0.0,5,1.0,9,8,61,12,5,4.0,Low,Stable
EMP028,Ronnie Garcia,Development,2026-02-22,08:18,16:24,8.1,IoT Monitoring,Bug Fixing,Completed,76,46,0.1,6,1.5,1,5,66,14,10,4.3,Low,Stable
EMP028,Ronnie Garcia,Development,2026-02-23,10:31,17:55,7.4,AI Analytics,Database Update,Completed,68,53,0.0,2,1.4,7,4,68,10,10,3.8,Low,Stable
EMP028,Ronnie Garcia,Development,2026-02-24,08:30,16:24,7.9,Mobile App,Model Training,In Progress,63,54,0.0,3,1.9,7,0,58,5,5,3.7,Low,Stable
EMP028,Ronnie Garcia,Development,2026-02-25,10:23,19:11,8.8,Client Portal,Database Update,In Progress,78,34,0.8,4,2.9,8,5,77,8,5,3.9,Low,Stable
EMP028,Ronnie Garcia,Development,2026-02-26,09:11,16:05,6.9,AI Analytics,UI Design,Pending,74,52,0.0,4,1.4,4,6,68,7,5,3.9,Low,Stable
EMP028,Ronnie Garcia,Development,2026-02-27,08:16,16:16,8.0,Client Portal,Database Update,Pending,76,62,0.0,6,2.8,7,2,67,10,10,4.0,Low,Stable
EMP028,Ronnie Garcia,Development,2026-02-28,08:38,17:38,9.0,AI Analytics,Testing,Completed,80,70,1.0,5,2.5,3,1,77,13,13,4.4,Medium,Improving
EMP028,Ronnie Garcia,Development,2026-03-02,10:27,19:15,8.8,Mobile App,Model Training,Completed,76,50,0.8,1,1.7,7,1,75,15,10,3.8,Low,Stable
EMP028,Ronnie Garcia,Development,2026-03-03,10:47,17:53,7.1,CRM Dashboard,API Integration,Completed,72,49,0.0,2,0.5,4,2,65,11,11,4.6,Low,Stable
EMP028,Ronnie Garcia,Development,2026-03-04,09:38,16:32,6.9,HR System,Model Training,Pending,62,70,0.0,1,2.1,8,8,61,7,7,3.5,Low,Stable
EMP028,Ronnie Garcia,Development,2026-03-05,09:10,17:28,8.3,IoT Monitoring,API Integration,Pending,62,58,0.3,2,2.6,10,7,55,11,7,3.8,Low,Stable
EMP028,Ronnie Garcia,Development,2026-03-06,10:47,18:35,7.8,AI Analytics,Client Support,Pending,82,36,0.0,4,2.5,6,6,72,10,10,4.9,Low,Improving
EMP028,Ronnie Garcia,Development,2026-03-07,09:19,17:37,8.3,Mobile App,Client Support,In Progress,76,30,0.3,1,2.4,3,3,66,13,4,4.7,Low,Stable
EMP028,Ronnie Garcia,Development,2026-03-09,08:06,16:06,8.0,AI Analytics,Testing,Pending,75,42,0.0,4,2.7,5,0,74,11,3,3.9,Low,Stable
EMP028,Ronnie Garcia,Development,2026-03-10,08:18,16:24,8.1,AI Analytics,Testing,Completed,71,54,0.1,1,1.8,10,1,63,8,8,3.7,Low,Stable
EMP028,Ronnie Garcia,Development,2026-03-11,10:01,17:43,7.7,Client Portal,Database Update,In Progress,74,31,0.0,6,1.6,1,7,72,12,12,4.0,Low,Stable
EMP028,Ronnie Garcia,Development,2026-03-12,08:27,16:33,8.1,CRM Dashboard,Database Update,In Progress,74,52,0.1,6,1.4,4,5,68,11,11,3.7,Low,Stable
EMP028,Ronnie Garcia,Development,2026-03-13,10:14,17:50,7.6,IoT Monitoring,Testing,Completed,73,64,0.0,4,1.0,9,2,68,6,3,4.6,Low,Stable
EMP028,Ronnie Garcia,Development,2026-03-14,09:40,17:46,8.1,IoT Monitoring,API Integration,Completed,78,69,0.1,2,1.7,10,4,72,7,7,4.4,Low,Stable
EMP028,Ronnie Garcia,Development,2026-03-16,08:24,15:00,6.6,HR System,Database Update,In Progress,75,50,0.0,1,1.4,2,8,74,10,4,3.8,Low,Stable
EMP028,Ronnie Garcia,Development,2026-03-17,10:47,17:59,7.2,HR System,Client Support,Pending,78,37,0.0,5,1.4,5,5,76,15,15,4.3,Low,Stable
EMP028,Ronnie Garcia,Development,2026-03-18,09:13,17:13,8.0,IoT Monitoring,Documentation,In Progress,70,42,0.0,3,2.5,7,0,70,10,9,4.1,Low,Stable
EMP028,Ronnie Garcia,Development,2026-03-19,09:48,16:42,6.9,HR System,Testing,In Progress,65,69,0.0,1,1.4,7,3,65,6,6,3.7,Low,Stable
EMP028,Ronnie Garcia,Development,2026-03-20,08:43,17:25,8.7,AI Analytics,Client Support,Pending,78,32,0.7,4,1.2,6,2,72,11,10,4.6,Low,Stable
EMP028,Ronnie Garcia,Development,2026-03-21,08:52,17:22,8.5,IoT Monitoring,Testing,Completed,82,56,0.5,6,1.9,5,5,80,9,9,4.8,Low,Improving
EMP028,Ronnie Garcia,Development,2026-03-22,08:17,15:11,6.9,Mobile App,Bug Fixing,In Progress,67,40,0.0,1,1.3,5,7,66,5,4,3.9,Low,Stable
EMP028,Ronnie Garcia,Development,2026-03-23,08:58,15:28,6.5,CRM Dashboard,Testing,Pending,77,44,0.0,4,2.2,10,1,76,14,9,3.9,Low,Stable
EMP028,Ronnie Garcia,Development,2026-03-24,09:19,17:25,8.1,AI Analytics,Testing,Pending,82,65,0.1,1,1.0,5,7,76,8,5,4.2,Low,Improving
EMP028,Ronnie Garcia,Development,2026-03-25,09:33,17:15,7.7,Mobile App,UI Design,Completed,80,36,0.0,1,0.8,10,0,74,15,8,4.0,Low,Improving
EMP028,Ronnie Garcia,Development,2026-03-26,09:06,15:48,6.7,Client Portal,Database Update,In Progress,66,60,0.0,2,2.6,8,8,63,10,7,4.2,Low,Stable
EMP028,Ronnie Garcia,Development,2026-03-27,08:40,16:16,7.6,CRM Dashboard,API Integration,Completed,75,63,0.0,2,1.6,9,3,75,12,5,4.3,Low,Stable
EMP028,Ronnie Garcia,Development,2026-03-28,09:47,18:41,8.9,AI Analytics,Client Support,Completed,65,52,0.9,4,2.4,3,3,60,8,8,3.6,Low,Stable
EMP028,Ronnie Garcia,Development,2026-03-30,10:44,19:38,8.9,Client Portal,API Integration,In Progress,74,47,0.9,6,0.8,10,4,69,6,5,4.0,Low,Stable
EMP028,Ronnie Garcia,Development,2026-03-31,08:15,16:27,8.2,Mobile App,Model Training,Completed,75,48,0.2,5,0.7,7,5,74,13,7,3.9,Low,Stable
EMP028,Ronnie Garcia,Development,2026-04-01,08:04,16:40,8.6,Mobile App,Documentation,In Progress,66,63,0.6,1,2.4,9,7,64,11,11,3.7,Low,Stable
EMP028,Ronnie Garcia,Development,2026-04-02,08:01,16:31,8.5,CRM Dashboard,API Integration,Pending,79,58,0.5,5,1.9,10,5,70,10,4,4.1,Low,Stable
EMP028,Ronnie Garcia,Development,2026-04-03,09:02,16:20,7.3,HR System,Database Update,In Progress,67,69,0.0,5,0.9,10,3,61,11,6,3.6,Low,Stable
EMP028,Ronnie Garcia,Development,2026-04-04,08:21,16:57,8.6,Mobile App,Client Support,In Progress,79,65,0.6,4,1.6,6,6,70,14,14,4.1,Low,Stable
EMP028,Ronnie Garcia,Development,2026-04-06,10:19,17:13,6.9,Client Portal,Database Update,In Progress,78,49,0.0,1,2.1,6,8,76,15,6,4.0,Low,Stable
EMP028,Ronnie Garcia,Development,2026-04-07,08:47,17:23,8.6,HR System,Testing,Completed,74,50,0.6,6,1.4,6,0,70,6,6,4.6,Low,Stable
EMP028,Ronnie Garcia,Development,2026-04-08,10:23,18:29,8.1,Mobile App,Model Training,Pending,77,69,0.1,1,1.4,7,8,71,15,6,4.8,Low,Stable
EMP028,Ronnie Garcia,Development,2026-04-09,08:57,17:27,8.5,Mobile App,Database Update,Pending,80,60,0.5,4,0.9,3,1,74,7,7,4.8,Low,Improving
EMP028,Ronnie Garcia,Development,2026-04-10,09:04,17:16,8.2,HR System,API Integration,In Progress,73,49,0.2,5,1.8,5,6,73,9,6,4.2,Low,Stable
EMP028,Ronnie Garcia,Development,2026-04-11,08:59,17:47,8.8,AI Analytics,Documentation,Pending,69,68,0.8,1,2.0,8,6,64,15,3,4.0,Low,Stable
EMP028,Ronnie Garcia,Development,2026-04-12,09:34,16:58,7.4,IoT Monitoring,Bug Fixing,In Progress,70,54,0.0,5,2.6,3,7,66,12,11,4.3,Low,Stable
EMP028,Ronnie Garcia,Development,2026-04-13,09:51,18:33,8.7,Mobile App,Testing,Pending,81,49,0.7,3,0.7,6,4,79,12,12,4.2,Low,Improving
EMP028,Ronnie Garcia,Development,2026-04-14,08:58,15:28,6.5,Mobile App,Testing,In Progress,81,34,0.0,1,2.9,7,4,72,9,8,4.1,Low,Improving
EMP028,Ronnie Garcia,Development,2026-04-15,09:58,18:52,8.9,Mobile App,Testing,Pending,69,32,0.9,4,1.0,8,4,68,8,7,3.9,Low,Stable
EMP028,Ronnie Garcia,Development,2026-04-16,09:17,16:35,7.3,HR System,UI Design,Completed,67,63,0.0,4,2.8,5,7,63,9,5,4.2,Low,Stable
EMP028,Ronnie Garcia,Development,2026-04-17,10:15,19:03,8.8,CRM Dashboard,Model Training,Completed,80,50,0.8,6,0.7,4,6,75,9,9,4.6,Low,Improving
EMP028,Ronnie Garcia,Development,2026-04-18,09:28,17:52,8.4,Client Portal,Database Update,In Progress,67,46,0.4,6,1.4,4,3,65,7,7,3.4,Low,Stable
EMP028,Ronnie Garcia,Development,2026-04-20,10:18,17:18,7.0,IoT Monitoring,Model Training,In Progress,78,37,0.0,4,2.4,1,8,76,15,5,4.2,Low,Stable
EMP028,Ronnie Garcia,Development,2026-04-21,08:29,17:11,8.7,CRM Dashboard,Bug Fixing,Pending,64,66,0.7,6,0.8,3,3,56,15,15,3.9,Low,Stable
EMP028,Ronnie Garcia,Development,2026-04-22,08:00,15:54,7.9,Client Portal,Testing,Completed,77,58,0.0,1,1.0,10,4,70,6,6,4.2,Low,Stable
EMP028,Ronnie Garcia,Development,2026-04-23,10:44,18:08,7.4,IoT Monitoring,Bug Fixing,Completed,67,45,0.0,4,0.7,1,3,67,14,10,3.8,Low,Stable
EMP028,Ronnie Garcia,Development,2026-04-24,08:56,17:20,8.4,IoT Monitoring,Documentation,In Progress,81,52,0.4,3,0.6,7,7,79,8,3,4.4,Low,Improving
EMP028,Ronnie Garcia,Development,2026-04-25,09:39,16:33,6.9,IoT Monitoring,Model Training,Completed,63,65,0.0,3,1.0,2,8,62,12,4,3.5,Low,Stable
EMP028,Ronnie Garcia,Development,2026-04-27,08:10,17:10,9.0,CRM Dashboard,Testing,Pending,77,50,1.0,4,2.2,10,4,68,13,8,4.7,Medium,Stable
EMP028,Ronnie Garcia,Development,2026-04-28,10:04,17:22,7.3,Mobile App,UI Design,Completed,82,68,0.0,1,0.5,6,1,79,7,7,4.3,Low,Improving
EMP028,Ronnie Garcia,Development,2026-04-29,09:09,16:27,7.3,CRM Dashboard,API Integration,Completed,72,56,0.0,3,0.7,1,4,72,13,3,3.8,Low,Stable
EMP028,Ronnie Garcia,Development,2026-04-30,10:12,17:12,7.0,Client Portal,Client Support,In Progress,64,67,0.0,5,0.6,1,2,63,15,12,4.1,Low,Stable
EMP028,Ronnie Garcia,Development,2026-05-01,08:55,16:13,7.3,AI Analytics,Database Update,Completed,81,61,0.0,2,0.6,9,4,73,5,5,4.7,Low,Improving
EMP028,Ronnie Garcia,Development,2026-05-02,08:33,16:39,8.1,CRM Dashboard,Database Update,In Progress,79,50,0.1,6,0.8,8,3,77,10,6,4.5,Low,Stable
EMP028,Ronnie Garcia,Development,2026-05-04,10:13,18:49,8.6,AI Analytics,UI Design,In Progress,67,46,0.6,1,0.8,9,5,60,13,8,3.5,Low,Stable
EMP028,Ronnie Garcia,Development,2026-05-05,09:03,17:21,8.3,IoT Monitoring,Database Update,Pending,65,33,0.3,2,2.4,1,3,57,12,3,3.3,Low,Stable
EMP028,Ronnie Garcia,Development,2026-05-06,10:58,19:46,8.8,AI Analytics,UI Design,Pending,63,33,0.8,6,2.3,10,1,58,7,3,4.0,Low,Stable
EMP028,Ronnie Garcia,Development,2026-05-07,10:33,17:27,6.9,HR System,API Integration,In Progress,65,37,0.0,2,0.9,7,4,59,11,10,3.4,Low,Stable
EMP028,Ronnie Garcia,Development,2026-05-08,09:13,16:37,7.4,AI Analytics,Database Update,In Progress,78,39,0.0,2,2.3,2,7,76,5,5,4.1,Low,Stable
EMP028,Ronnie Garcia,Development,2026-05-09,09:52,17:04,7.2,Client Portal,Bug Fixing,Pending,68,31,0.0,5,2.2,3,5,58,8,5,3.9,Low,Stable
EMP028,Ronnie Garcia,Development,2026-05-10,09:32,16:02,6.5,IoT Monitoring,Bug Fixing,Completed,81,63,0.0,4,2.3,3,3,80,8,8,4.6,Low,Improving
EMP028,Ronnie Garcia,Development,2026-05-11,10:32,17:14,6.7,CRM Dashboard,Client Support,Completed,70,53,0.0,2,2.3,10,7,61,15,8,3.9,Low,Stable
EMP028,Ronnie Garcia,Development,2026-05-12,08:28,15:04,6.6,IoT Monitoring,Model Training,Completed,73,64,0.0,5,2.8,6,2,66,6,6,4.1,Low,Stable
EMP028,Ronnie Garcia,Development,2026-05-13,10:46,19:28,8.7,Client Portal,Database Update,Completed,79,50,0.7,3,2.7,4,1,74,11,11,4.9,Low,Stable
EMP028,Ronnie Garcia,Development,2026-05-14,10:01,18:01,8.0,AI Analytics,Documentation,Completed,62,46,0.0,3,1.7,10,2,53,5,5,3.3,Low,Stable
EMP028,Ronnie Garcia,Development,2026-05-15,08:08,17:02,8.9,HR System,Client Support,In Progress,82,63,0.9,1,2.5,3,0,72,12,4,4.7,Low,Improving
EMP028,Ronnie Garcia,Development,2026-05-16,08:23,15:59,7.6,IoT Monitoring,Model Training,Completed,66,47,0.0,4,0.8,5,0,56,9,9,3.4,Low,Stable
EMP028,Ronnie Garcia,Development,2026-05-17,08:51,16:33,7.7,HR System,Bug Fixing,In Progress,68,43,0.0,2,2.5,4,8,61,11,5,3.6,Low,Stable
EMP028,Ronnie Garcia,Development,2026-05-18,08:31,15:19,6.8,AI Analytics,Testing,In Progress,76,63,0.0,6,0.7,3,2,66,15,10,4.8,Low,Stable
EMP028,Ronnie Garcia,Development,2026-05-19,10:39,18:27,7.8,Client Portal,Testing,Pending,63,31,0.0,3,2.0,5,6,56,5,5,3.6,Low,Stable
EMP029,Jeremy Washington,Development,2026-02-19,08:18,16:48,8.5,HR System,Database Update,Pending,83,27,0.5,5,0.7,3,3,82,8,7,4.2,Low,Improving
EMP029,Jeremy Washington,Development,2026-02-20,09:31,17:43,8.2,IoT Monitoring,API Integration,Completed,98,15,0.2,6,1.7,5,2,91,14,11,5.0,Low,Improving
EMP029,Jeremy Washington,Development,2026-02-21,09:29,18:59,9.5,Client Portal,Documentation,Completed,100,36,1.5,6,2.1,9,8,94,14,4,5.0,Medium,Improving
EMP029,Jeremy Washington,Development,2026-02-22,10:33,19:03,8.5,IoT Monitoring,API Integration,Completed,100,26,0.5,3,2.5,4,6,93,9,9,5.0,Low,Improving
EMP029,Jeremy Washington,Development,2026-02-23,10:14,17:56,7.7,Client Portal,API Integration,Completed,95,27,0.0,2,2.9,4,2,85,10,10,5.0,Low,Improving
EMP029,Jeremy Washington,Development,2026-02-24,10:37,18:37,8.0,AI Analytics,Client Support,Pending,99,36,0.0,6,2.1,9,0,96,12,9,5.0,Low,Improving
EMP029,Jeremy Washington,Development,2026-02-25,10:27,19:09,8.7,Client Portal,Bug Fixing,Completed,91,31,0.7,2,1.6,3,3,88,13,3,5.0,Low,Improving
EMP029,Jeremy Washington,Development,2026-02-26,10:00,19:12,9.2,AI Analytics,UI Design,In Progress,85,30,1.2,3,2.5,10,6,76,8,8,4.5,Medium,Improving
EMP029,Jeremy Washington,Development,2026-02-27,08:22,16:52,8.5,IoT Monitoring,Documentation,Pending,90,23,0.5,4,0.9,1,7,88,7,7,4.7,Low,Improving
EMP029,Jeremy Washington,Development,2026-02-28,09:19,18:31,9.2,AI Analytics,API Integration,In Progress,86,10,1.2,2,1.4,7,5,80,9,4,4.6,Medium,Improving
EMP029,Jeremy Washington,Development,2026-03-02,09:52,19:16,9.4,Client Portal,Client Support,Completed,84,15,1.4,6,2.2,3,2,82,6,6,5.0,Medium,Improving
EMP029,Jeremy Washington,Development,2026-03-03,09:59,18:47,8.8,Mobile App,UI Design,Completed,95,30,0.8,4,2.8,1,7,88,11,3,5.0,Low,Improving
EMP029,Jeremy Washington,Development,2026-03-04,09:34,17:16,7.7,HR System,Documentation,Completed,90,15,0.0,3,1.0,4,3,80,7,3,5.0,Low,Improving
EMP029,Jeremy Washington,Development,2026-03-05,08:16,16:46,8.5,Client Portal,Model Training,In Progress,84,40,0.5,3,0.7,4,0,77,9,9,4.2,Low,Improving
EMP029,Jeremy Washington,Development,2026-03-06,09:22,17:46,8.4,HR System,UI Design,Pending,100,40,0.4,5,2.2,2,5,96,11,10,5.0,Low,Improving
EMP029,Jeremy Washington,Development,2026-03-07,10:43,19:43,9.0,Mobile App,Testing,Pending,100,12,1.0,6,1.2,1,8,96,13,7,5.0,Medium,Improving
EMP029,Jeremy Washington,Development,2026-03-09,10:42,20:00,9.3,HR System,UI Design,In Progress,90,21,1.3,1,2.2,6,1,88,5,5,5.0,Medium,Improving
EMP029,Jeremy Washington,Development,2026-03-10,10:59,19:59,9.0,HR System,UI Design,Pending,94,30,1.0,6,1.8,6,3,90,12,9,4.8,Medium,Improving
EMP029,Jeremy Washington,Development,2026-03-11,08:10,17:34,9.4,AI Analytics,Database Update,In Progress,99,25,1.4,5,1.9,7,2,99,14,8,5.0,Medium,Improving
EMP029,Jeremy Washington,Development,2026-03-12,08:56,16:38,7.7,HR System,Testing,In Progress,100,17,0.0,2,0.7,1,1,93,5,5,5.0,Low,Improving
EMP029,Jeremy Washington,Development,2026-03-13,10:52,20:22,9.5,AI Analytics,API Integration,Pending,100,11,1.5,3,2.9,9,8,91,6,6,5.0,Medium,Improving
EMP029,Jeremy Washington,Development,2026-03-14,10:31,19:01,8.5,Client Portal,UI Design,Pending,93,31,0.5,2,2.3,1,7,85,8,5,4.9,Low,Improving
EMP029,Jeremy Washington,Development,2026-03-16,08:41,16:29,7.8,AI Analytics,Database Update,In Progress,87,20,0.0,4,2.7,6,4,83,5,5,4.5,Low,Improving
EMP029,Jeremy Washington,Development,2026-03-17,09:50,18:38,8.8,Mobile App,Model Training,In Progress,98,39,0.8,1,1.2,9,6,96,15,6,5.0,Low,Improving
EMP029,Jeremy Washington,Development,2026-03-18,09:42,19:12,9.5,Client Portal,Bug Fixing,In Progress,98,16,1.5,2,1.7,2,8,90,14,3,5.0,Medium,Improving
EMP029,Jeremy Washington,Development,2026-03-19,09:31,19:01,9.5,CRM Dashboard,API Integration,Pending,97,39,1.5,5,2.2,1,2,88,8,3,5.0,Medium,Improving
EMP029,Jeremy Washington,Development,2026-03-20,10:06,19:24,9.3,CRM Dashboard,Bug Fixing,Completed,87,16,1.3,5,1.1,7,4,78,10,10,5.0,Medium,Improving
EMP029,Jeremy Washington,Development,2026-03-21,08:52,16:52,8.0,IoT Monitoring,Testing,Pending,93,32,0.0,5,1.2,4,5,93,6,6,5.0,Low,Improving
EMP029,Jeremy Washington,Development,2026-03-23,08:16,17:40,9.4,AI Analytics,Client Support,Completed,89,36,1.4,1,0.7,5,8,87,10,10,5.0,Medium,Improving
EMP029,Jeremy Washington,Development,2026-03-24,08:15,16:27,8.2,HR System,Testing,Completed,91,18,0.2,1,0.9,2,6,90,10,10,5.0,Low,Improving
EMP029,Jeremy Washington,Development,2026-03-25,09:21,18:03,8.7,CRM Dashboard,Database Update,In Progress,99,19,0.7,1,1.1,4,2,98,8,8,5.0,Low,Improving
EMP029,Jeremy Washington,Development,2026-03-26,08:42,16:36,7.9,HR System,Client Support,Completed,84,12,0.0,6,2.6,2,1,77,6,6,4.7,Low,Improving
EMP029,Jeremy Washington,Development,2026-03-27,08:31,17:37,9.1,Client Portal,Bug Fixing,Completed,86,27,1.1,1,2.5,7,0,83,8,8,4.5,Medium,Improving
EMP029,Jeremy Washington,Development,2026-03-28,10:36,19:06,8.5,Client Portal,API Integration,In Progress,92,32,0.5,1,1.0,7,2,91,14,5,5.0,Low,Improving
EMP029,Jeremy Washington,Development,2026-03-30,10:00,18:06,8.1,AI Analytics,Bug Fixing,In Progress,100,31,0.1,6,2.3,2,7,93,11,8,5.0,Low,Improving
EMP029,Jeremy Washington,Development,2026-03-31,09:47,19:05,9.3,Mobile App,Client Support,Completed,86,23,1.3,1,0.9,2,4,84,10,10,4.5,Medium,Improving
EMP029,Jeremy Washington,Development,2026-04-01,10:18,17:48,7.5,AI Analytics,Database Update,Completed,92,27,0.0,5,2.9,4,0,85,14,9,5.0,Low,Improving
EMP029,Jeremy Washington,Development,2026-04-02,10:54,19:12,8.3,HR System,API Integration,Pending,95,31,0.3,4,2.6,1,0,95,7,4,5.0,Low,Improving
EMP029,Jeremy Washington,Development,2026-04-03,09:41,18:05,8.4,Mobile App,Client Support,In Progress,96,24,0.4,1,2.8,8,8,91,12,12,4.9,Low,Improving
EMP029,Jeremy Washington,Development,2026-04-04,10:46,20:04,9.3,CRM Dashboard,UI Design,Completed,88,31,1.3,4,1.1,3,1,81,13,5,4.5,Medium,Improving
EMP029,Jeremy Washington,Development,2026-04-06,08:03,15:39,7.6,IoT Monitoring,API Integration,Pending,92,15,0.0,2,1.6,7,4,83,7,7,5.0,Low,Improving
EMP029,Jeremy Washington,Development,2026-04-07,08:18,16:48,8.5,AI Analytics,API Integration,Pending,94,29,0.5,2,2.5,7,1,88,15,15,4.8,Low,Improving
EMP029,Jeremy Washington,Development,2026-04-08,09:36,17:18,7.7,AI Analytics,Model Training,In Progress,100,30,0.0,2,2.0,10,8,93,13,6,5.0,Low,Improving
EMP029,Jeremy Washington,Development,2026-04-09,10:50,19:08,8.3,AI Analytics,Testing,Completed,100,12,0.3,2,0.8,4,3,91,8,8,5.0,Low,Improving
EMP029,Jeremy Washington,Development,2026-04-10,08:49,16:43,7.9,CRM Dashboard,Client Support,In Progress,94,23,0.0,6,0.7,6,1,91,12,12,5.0,Low,Improving
EMP029,Jeremy Washington,Development,2026-04-11,10:03,18:15,8.2,AI Analytics,Bug Fixing,Pending,96,24,0.2,2,2.7,10,8,90,13,7,4.9,Low,Improving
EMP029,Jeremy Washington,Development,2026-04-12,09:24,18:24,9.0,Mobile App,Testing,Pending,84,18,1.0,1,2.6,9,5,82,5,5,4.7,Medium,Improving
EMP029,Jeremy Washington,Development,2026-04-13,10:27,17:57,7.5,HR System,Database Update,Pending,93,10,0.0,5,1.1,4,2,89,11,4,4.9,Low,Improving
EMP029,Jeremy Washington,Development,2026-04-14,10:57,18:57,8.0,HR System,Bug Fixing,Completed,86,36,0.0,2,1.6,4,7,77,9,9,4.7,Low,Improving
EMP029,Jeremy Washington,Development,2026-04-15,09:17,18:17,9.0,Mobile App,Documentation,Completed,94,22,1.0,3,1.0,9,1,84,7,3,5.0,Medium,Improving
EMP029,Jeremy Washington,Development,2026-04-16,09:28,18:22,8.9,Client Portal,API Integration,Completed,99,36,0.9,1,2.5,7,5,91,14,7,5.0,Low,Improving
EMP029,Jeremy Washington,Development,2026-04-17,08:46,17:16,8.5,Client Portal,Client Support,In Progress,97,37,0.5,3,1.4,10,7,94,8,8,5.0,Low,Improving
EMP029,Jeremy Washington,Development,2026-04-18,08:42,16:42,8.0,Mobile App,API Integration,Pending,89,35,0.0,6,1.9,8,6,83,7,7,5.0,Low,Improving
EMP029,Jeremy Washington,Development,2026-04-19,08:48,16:54,8.1,Mobile App,Client Support,In Progress,84,21,0.1,4,2.4,1,6,80,13,5,4.6,Low,Improving
EMP029,Jeremy Washington,Development,2026-04-20,10:20,18:02,7.7,AI Analytics,API Integration,In Progress,94,39,0.0,6,1.0,2,8,93,12,4,5.0,Low,Improving
EMP029,Jeremy Washington,Development,2026-04-21,09:27,16:57,7.5,AI Analytics,Database Update,Completed,90,12,0.0,4,1.7,10,7,82,12,7,5.0,Low,Improving
EMP029,Jeremy Washington,Development,2026-04-22,08:46,16:46,8.0,IoT Monitoring,Model Training,Completed,100,19,0.0,5,2.1,1,6,95,9,4,5.0,Low,Improving
EMP029,Jeremy Washington,Development,2026-04-23,08:21,16:03,7.7,AI Analytics,Database Update,Pending,90,22,0.0,2,1.2,10,2,85,10,10,4.6,Low,Improving
EMP029,Jeremy Washington,Development,2026-04-24,09:13,16:49,7.6,CRM Dashboard,Bug Fixing,Completed,100,17,0.0,1,1.5,10,5,99,7,7,5.0,Low,Improving
EMP029,Jeremy Washington,Development,2026-04-25,08:37,17:49,9.2,HR System,Client Support,Pending,90,17,1.2,3,2.4,3,7,83,8,7,5.0,Medium,Improving
EMP029,Jeremy Washington,Development,2026-04-27,09:04,17:46,8.7,CRM Dashboard,Client Support,Completed,98,39,0.7,6,1.6,9,6,94,6,6,5.0,Low,Improving
EMP029,Jeremy Washington,Development,2026-04-28,09:37,17:31,7.9,Mobile App,Client Support,Pending,100,11,0.0,3,1.4,3,0,97,15,5,5.0,Low,Improving
EMP029,Jeremy Washington,Development,2026-04-29,10:10,18:10,8.0,Mobile App,Documentation,In Progress,97,15,0.0,4,0.9,2,3,87,8,4,5.0,Low,Improving
EMP029,Jeremy Washington,Development,2026-04-30,08:57,17:51,8.9,Client Portal,Database Update,In Progress,91,30,0.9,2,2.4,5,4,89,7,7,4.6,Low,Improving
EMP029,Jeremy Washington,Development,2026-05-01,09:49,18:43,8.9,AI Analytics,API Integration,In Progress,99,32,0.9,4,1.7,8,0,97,11,3,5.0,Low,Improving
EMP029,Jeremy Washington,Development,2026-05-02,10:56,20:26,9.5,Mobile App,UI Design,Pending,90,26,1.5,4,1.3,9,7,84,15,3,5.0,Medium,Improving
EMP029,Jeremy Washington,Development,2026-05-03,09:53,18:41,8.8,Client Portal,Bug Fixing,Pending,100,23,0.8,4,1.1,2,5,96,15,8,5.0,Low,Improving
EMP029,Jeremy Washington,Development,2026-05-04,10:54,19:24,8.5,Client Portal,UI Design,In Progress,100,36,0.5,6,1.4,8,1,93,11,8,5.0,Low,Improving
EMP029,Jeremy Washington,Development,2026-05-05,09:56,17:38,7.7,Mobile App,API Integration,In Progress,100,35,0.0,1,1.2,1,2,98,14,6,5.0,Low,Improving
EMP029,Jeremy Washington,Development,2026-05-06,09:02,18:20,9.3,IoT Monitoring,Client Support,In Progress,85,26,1.3,3,2.2,2,4,80,10,10,5.0,Medium,Improving
EMP029,Jeremy Washington,Development,2026-05-07,08:52,17:16,8.4,Mobile App,Testing,In Progress,95,35,0.4,5,0.9,1,6,92,7,7,5.0,Low,Improving
EMP029,Jeremy Washington,Development,2026-05-08,10:54,19:00,8.1,HR System,Documentation,Completed,83,11,0.1,6,2.0,4,6,79,6,6,4.9,Low,Improving
EMP029,Jeremy Washington,Development,2026-05-09,10:59,19:41,8.7,AI Analytics,API Integration,Pending,87,16,0.7,1,1.5,2,1,83,9,9,5.0,Low,Improving
EMP029,Jeremy Washington,Development,2026-05-11,08:28,17:58,9.5,IoT Monitoring,Testing,Completed,94,10,1.5,3,0.6,5,1,93,6,6,5.0,Medium,Improving
EMP029,Jeremy Washington,Development,2026-05-12,10:28,18:10,7.7,AI Analytics,Database Update,Pending,93,29,0.0,5,0.9,9,2,91,15,13,5.0,Low,Improving
EMP029,Jeremy Washington,Development,2026-05-13,09:38,17:38,8.0,CRM Dashboard,Database Update,Completed,96,22,0.0,1,2.0,7,1,92,7,7,5.0,Low,Improving
EMP029,Jeremy Washington,Development,2026-05-14,08:51,16:39,7.8,CRM Dashboard,API Integration,Completed,100,11,0.0,4,2.2,10,0,93,11,6,5.0,Low,Improving
EMP029,Jeremy Washington,Development,2026-05-15,09:20,18:08,8.8,Mobile App,Documentation,Completed,90,26,0.8,6,1.8,8,6,81,11,6,4.5,Low,Improving
EMP029,Jeremy Washington,Development,2026-05-16,09:53,18:23,8.5,HR System,Testing,Completed,97,40,0.5,3,0.7,2,3,88,11,6,5.0,Low,Improving
EMP029,Jeremy Washington,Development,2026-05-17,10:40,18:34,7.9,IoT Monitoring,Bug Fixing,Pending,93,35,0.0,5,2.7,9,4,87,7,7,5.0,Low,Improving
EMP029,Jeremy Washington,Development,2026-05-18,08:52,18:16,9.4,IoT Monitoring,Model Training,Pending,94,19,1.4,6,1.5,4,2,87,11,10,5.0,Medium,Improving
EMP029,Jeremy Washington,Development,2026-05-19,08:13,17:19,9.1,HR System,API Integration,Pending,97,32,1.1,4,2.9,3,0,94,8,8,5.0,Medium,Improving
EMP030,Antonio Herring,AI/ML,2026-02-19,10:50,19:50,9.0,Client Portal,Documentation,Pending,90,17,1.0,6,2.5,2,4,80,5,5,5.0,Medium,Improving
EMP030,Antonio Herring,AI/ML,2026-02-20,08:22,17:52,9.5,CRM Dashboard,UI Design,Pending,88,25,1.5,3,1.4,4,6,79,15,9,4.7,Medium,Improving
EMP030,Antonio Herring,AI/ML,2026-02-21,09:04,16:46,7.7,CRM Dashboard,Documentation,Pending,95,15,0.0,6,1.0,9,7,86,5,5,4.9,Low,Improving
EMP030,Antonio Herring,AI/ML,2026-02-23,08:46,16:58,8.2,Client Portal,Model Training,In Progress,96,29,0.2,3,1.3,8,8,92,8,8,5.0,Low,Improving
EMP030,Antonio Herring,AI/ML,2026-02-24,09:29,18:17,8.8,Client Portal,Model Training,Completed,92,22,0.8,1,2.9,4,2,92,14,4,5.0,Low,Improving
EMP030,Antonio Herring,AI/ML,2026-02-25,10:54,19:54,9.0,Client Portal,UI Design,In Progress,97,26,1.0,1,1.0,2,6,96,9,9,5.0,Medium,Improving
EMP030,Antonio Herring,AI/ML,2026-02-26,09:50,17:32,7.7,AI Analytics,Client Support,In Progress,99,18,0.0,6,0.5,8,5,95,7,7,5.0,Low,Improving
EMP030,Antonio Herring,AI/ML,2026-02-27,08:24,17:30,9.1,IoT Monitoring,API Integration,Completed,100,19,1.1,5,2.4,1,7,100,5,3,5.0,Medium,Improving
EMP030,Antonio Herring,AI/ML,2026-02-28,09:35,17:47,8.2,CRM Dashboard,Documentation,Completed,88,12,0.2,2,1.7,9,8,81,11,10,5.0,Low,Improving
EMP030,Antonio Herring,AI/ML,2026-03-02,09:21,17:27,8.1,HR System,Documentation,Pending,97,38,0.1,3,1.1,7,7,90,8,8,5.0,Low,Improving
EMP030,Antonio Herring,AI/ML,2026-03-03,09:26,17:20,7.9,AI Analytics,UI Design,In Progress,85,24,0.0,1,1.7,6,7,83,7,7,5.0,Low,Improving
EMP030,Antonio Herring,AI/ML,2026-03-04,10:50,19:38,8.8,Mobile App,Client Support,Completed,100,21,0.8,6,0.6,10,7,99,12,4,5.0,Low,Improving
EMP030,Antonio Herring,AI/ML,2026-03-05,10:03,19:33,9.5,IoT Monitoring,Testing,Pending,100,39,1.5,4,0.9,8,0,92,14,6,5.0,Medium,Improving
EMP030,Antonio Herring,AI/ML,2026-03-06,10:13,18:37,8.4,HR System,Client Support,Pending,84,20,0.4,4,2.2,3,1,76,11,5,4.3,Low,Improving
EMP030,Antonio Herring,AI/ML,2026-03-07,10:49,19:13,8.4,IoT Monitoring,API Integration,In Progress,92,24,0.4,4,0.9,2,8,91,12,12,5.0,Low,Improving
EMP030,Antonio Herring,AI/ML,2026-03-09,10:45,18:57,8.2,HR System,UI Design,In Progress,84,24,0.2,6,1.1,5,6,82,7,7,5.0,Low,Improving
EMP030,Antonio Herring,AI/ML,2026-03-10,08:02,16:02,8.0,AI Analytics,API Integration,In Progress,87,31,0.0,5,1.4,3,8,81,15,3,4.7,Low,Improving
EMP030,Antonio Herring,AI/ML,2026-03-11,09:07,16:37,7.5,CRM Dashboard,Documentation,In Progress,93,11,0.0,5,0.7,6,6,84,12,11,5.0,Low,Improving
EMP030,Antonio Herring,AI/ML,2026-03-12,08:58,17:52,8.9,Client Portal,API Integration,Completed,100,10,0.9,6,1.2,9,8,99,13,6,5.0,Low,Improving
EMP030,Antonio Herring,AI/ML,2026-03-13,09:39,18:51,9.2,Client Portal,Database Update,Completed,100,24,1.2,4,2.9,5,0,98,5,5,5.0,Medium,Improving
EMP030,Antonio Herring,AI/ML,2026-03-14,10:24,18:18,7.9,Mobile App,Bug Fixing,In Progress,100,31,0.0,3,1.2,6,0,99,8,7,5.0,Low,Improving
EMP030,Antonio Herring,AI/ML,2026-03-15,09:29,17:59,8.5,IoT Monitoring,API Integration,Pending,88,30,0.5,1,2.4,1,2,86,15,11,5.0,Low,Improving
EMP030,Antonio Herring,AI/ML,2026-03-16,09:08,17:32,8.4,AI Analytics,API Integration,In Progress,100,32,0.4,3,2.7,8,7,96,5,5,5.0,Low,Improving
EMP030,Antonio Herring,AI/ML,2026-03-17,10:02,19:26,9.4,Mobile App,Database Update,In Progress,84,31,1.4,1,2.3,7,0,77,13,13,4.5,Medium,Improving
EMP030,Antonio Herring,AI/ML,2026-03-18,09:43,17:37,7.9,AI Analytics,Client Support,Pending,84,39,0.0,6,1.3,4,2,83,8,8,5.0,Low,Improving
EMP030,Antonio Herring,AI/ML,2026-03-19,10:32,18:08,7.6,Client Portal,UI Design,Completed,84,29,0.0,1,1.9,8,8,81,12,10,4.6,Low,Improving
EMP030,Antonio Herring,AI/ML,2026-03-20,10:58,20:16,9.3,Mobile App,Testing,Pending,83,30,1.3,5,0.7,2,7,74,8,8,4.2,Medium,Improving
EMP030,Antonio Herring,AI/ML,2026-03-21,08:42,16:48,8.1,Mobile App,Testing,Pending,93,18,0.1,2,2.4,1,7,85,8,8,4.9,Low,Improving
EMP030,Antonio Herring,AI/ML,2026-03-23,08:27,17:21,8.9,Client Portal,Documentation,In Progress,86,21,0.9,6,1.5,2,3,86,13,11,5.0,Low,Improving
EMP030,Antonio Herring,AI/ML,2026-03-24,08:18,16:54,8.6,HR System,Testing,Pending,99,16,0.6,3,2.1,7,6,99,5,3,5.0,Low,Improving
EMP030,Antonio Herring,AI/ML,2026-03-25,10:49,19:13,8.4,Mobile App,Documentation,In Progress,88,11,0.4,3,0.7,10,8,78,5,5,5.0,Low,Improving
EMP030,Antonio Herring,AI/ML,2026-03-26,09:19,17:55,8.6,Client Portal,Database Update,Pending,97,36,0.6,1,2.5,5,1,92,15,6,5.0,Low,Improving
EMP030,Antonio Herring,AI/ML,2026-03-27,10:51,18:45,7.9,AI Analytics,API Integration,Pending,100,39,0.0,2,1.8,7,6,100,9,9,5.0,Low,Improving
EMP030,Antonio Herring,AI/ML,2026-03-28,09:17,18:11,8.9,HR System,Documentation,In Progress,92,26,0.9,4,2.9,5,2,90,13,8,5.0,Low,Improving
EMP030,Antonio Herring,AI/ML,2026-03-29,08:58,17:22,8.4,IoT Monitoring,Documentation,In Progress,100,31,0.4,5,2.0,3,2,100,9,6,5.0,Low,Improving
EMP030,Antonio Herring,AI/ML,2026-03-30,09:58,18:40,8.7,CRM Dashboard,Client Support,Completed,100,31,0.7,3,2.7,8,7,99,13,9,5.0,Low,Improving
EMP030,Antonio Herring,AI/ML,2026-03-31,10:52,18:28,7.6,IoT Monitoring,API Integration,In Progress,92,22,0.0,4,2.9,1,6,84,10,10,4.7,Low,Improving
EMP030,Antonio Herring,AI/ML,2026-04-01,08:37,16:31,7.9,Client Portal,API Integration,In Progress,92,38,0.0,5,2.9,9,5,83,14,11,5.0,Low,Improving
EMP030,Antonio Herring,AI/ML,2026-04-02,10:17,18:41,8.4,Mobile App,Testing,In Progress,99,15,0.4,4,1.3,4,6,93,15,13,5.0,Low,Improving
EMP030,Antonio Herring,AI/ML,2026-04-03,09:59,17:35,7.6,HR System,Database Update,Pending,95,31,0.0,6,1.1,2,5,95,15,10,5.0,Low,Improving
EMP030,Antonio Herring,AI/ML,2026-04-04,08:12,16:54,8.7,HR System,Documentation,Completed,95,16,0.7,2,3.0,10,2,87,7,7,5.0,Low,Improving
EMP030,Antonio Herring,AI/ML,2026-04-06,10:20,19:14,8.9,CRM Dashboard,API Integration,In Progress,100,12,0.9,4,1.7,4,5,90,6,3,5.0,Low,Improving
EMP030,Antonio Herring,AI/ML,2026-04-07,08:03,16:09,8.1,Client Portal,Model Training,Completed,89,14,0.1,2,1.8,3,7,84,8,6,4.9,Low,Improving
EMP030,Antonio Herring,AI/ML,2026-04-08,10:23,19:47,9.4,CRM Dashboard,Client Support,Pending,93,35,1.4,5,2.9,1,4,93,9,5,4.9,Medium,Improving
EMP030,Antonio Herring,AI/ML,2026-04-09,08:46,16:40,7.9,AI Analytics,Bug Fixing,In Progress,89,21,0.0,4,1.8,9,2,80,13,13,5.0,Low,Improving
EMP030,Antonio Herring,AI/ML,2026-04-10,10:28,18:46,8.3,AI Analytics,Bug Fixing,Pending,100,28,0.3,4,2.3,2,5,90,8,8,5.0,Low,Improving
EMP030,Antonio Herring,AI/ML,2026-04-11,08:46,17:10,8.4,Client Portal,UI Design,Pending,90,22,0.4,4,1.1,7,8,88,10,8,5.0,Low,Improving
EMP030,Antonio Herring,AI/ML,2026-04-13,10:27,18:21,7.9,CRM Dashboard,Testing,Completed,90,38,0.0,4,1.4,7,6,89,6,6,4.9,Low,Improving
EMP030,Antonio Herring,AI/ML,2026-04-14,10:51,20:03,9.2,Client Portal,API Integration,In Progress,95,34,1.2,4,1.6,4,0,90,15,5,4.8,Medium,Improving
EMP030,Antonio Herring,AI/ML,2026-04-15,08:16,15:52,7.6,AI Analytics,UI Design,Completed,86,27,0.0,5,0.8,2,3,85,9,9,4.4,Low,Improving
EMP030,Antonio Herring,AI/ML,2026-04-16,08:10,17:16,9.1,AI Analytics,Database Update,Pending,87,38,1.1,2,0.7,1,6,81,9,9,5.0,Medium,Improving
EMP030,Antonio Herring,AI/ML,2026-04-17,08:45,16:21,7.6,CRM Dashboard,Model Training,Completed,100,10,0.0,3,2.8,1,4,95,10,10,5.0,Low,Improving
EMP030,Antonio Herring,AI/ML,2026-04-18,08:23,15:59,7.6,HR System,Bug Fixing,Pending,89,33,0.0,1,1.8,1,5,81,13,9,5.0,Low,Improving
EMP030,Antonio Herring,AI/ML,2026-04-20,08:22,16:40,8.3,Client Portal,Documentation,Pending,91,27,0.3,1,0.6,6,4,89,11,4,4.6,Low,Improving
EMP030,Antonio Herring,AI/ML,2026-04-21,08:34,17:22,8.8,CRM Dashboard,Testing,Pending,99,11,0.8,3,2.3,1,1,89,11,7,5.0,Low,Improving
EMP030,Antonio Herring,AI/ML,2026-04-22,10:28,18:04,7.6,AI Analytics,API Integration,Completed,94,31,0.0,1,2.0,3,8,86,12,12,5.0,Low,Improving
EMP030,Antonio Herring,AI/ML,2026-04-23,08:33,17:45,9.2,AI Analytics,Bug Fixing,In Progress,91,32,1.2,1,2.4,5,1,83,13,12,5.0,Medium,Improving
EMP030,Antonio Herring,AI/ML,2026-04-24,08:31,17:55,9.4,CRM Dashboard,Model Training,Pending,93,29,1.4,6,1.6,4,7,87,14,8,5.0,Medium,Improving
EMP030,Antonio Herring,AI/ML,2026-04-25,08:48,17:12,8.4,Mobile App,UI Design,Completed,91,22,0.4,6,2.4,9,4,86,15,4,4.9,Low,Improving
EMP030,Antonio Herring,AI/ML,2026-04-27,09:53,19:11,9.3,Mobile App,Testing,In Progress,100,19,1.3,4,2.4,8,8,91,14,9,5.0,Medium,Improving
EMP030,Antonio Herring,AI/ML,2026-04-28,10:56,19:20,8.4,Client Portal,Testing,In Progress,85,21,0.4,4,0.8,6,6,80,7,7,4.8,Low,Improving
EMP030,Antonio Herring,AI/ML,2026-04-29,10:50,18:56,8.1,HR System,Testing,Completed,100,27,0.1,1,2.1,9,5,92,5,3,5.0,Low,Improving
EMP030,Antonio Herring,AI/ML,2026-04-30,08:25,17:01,8.6,Client Portal,UI Design,In Progress,100,16,0.6,5,0.5,5,4,93,5,5,5.0,Low,Improving
EMP030,Antonio Herring,AI/ML,2026-05-01,10:04,17:58,7.9,CRM Dashboard,Testing,Completed,89,11,0.0,4,1.1,10,2,89,8,8,5.0,Low,Improving
EMP030,Antonio Herring,AI/ML,2026-05-02,10:12,18:00,7.8,AI Analytics,Model Training,Pending,99,37,0.0,1,1.8,10,2,91,8,8,5.0,Low,Improving
EMP030,Antonio Herring,AI/ML,2026-05-03,09:55,18:19,8.4,AI Analytics,Client Support,In Progress,88,39,0.4,1,1.8,1,0,88,14,14,4.9,Low,Improving
EMP030,Antonio Herring,AI/ML,2026-05-04,10:17,19:23,9.1,IoT Monitoring,Bug Fixing,In Progress,99,15,1.1,3,2.9,5,1,94,15,9,5.0,Medium,Improving
EMP030,Antonio Herring,AI/ML,2026-05-05,10:41,19:11,8.5,CRM Dashboard,Bug Fixing,Pending,93,10,0.5,6,1.0,9,5,83,13,8,4.7,Low,Improving
EMP030,Antonio Herring,AI/ML,2026-05-06,08:58,18:16,9.3,IoT Monitoring,Bug Fixing,Completed,100,19,1.3,1,2.4,9,1,97,6,6,5.0,Medium,Improving
EMP030,Antonio Herring,AI/ML,2026-05-07,10:06,18:54,8.8,Client Portal,Client Support,Pending,83,12,0.8,3,2.4,10,4,81,8,8,4.9,Low,Improving
EMP030,Antonio Herring,AI/ML,2026-05-08,08:31,17:31,9.0,CRM Dashboard,Bug Fixing,Completed,91,13,1.0,6,2.5,7,4,81,13,3,4.9,Medium,Improving
EMP030,Antonio Herring,AI/ML,2026-05-09,09:09,17:39,8.5,HR System,API Integration,In Progress,99,15,0.5,1,0.6,2,6,95,9,9,5.0,Low,Improving
EMP030,Antonio Herring,AI/ML,2026-05-11,10:12,19:24,9.2,AI Analytics,Bug Fixing,Pending,89,29,1.2,5,2.2,7,2,86,11,11,4.6,Medium,Improving
EMP030,Antonio Herring,AI/ML,2026-05-12,08:44,18:14,9.5,CRM Dashboard,Database Update,Pending,94,32,1.5,6,0.6,3,4,84,5,5,5.0,Medium,Improving
EMP030,Antonio Herring,AI/ML,2026-05-13,10:53,19:59,9.1,Client Portal,Testing,In Progress,100,22,1.1,1,3.0,10,6,97,12,4,5.0,Medium,Improving
EMP030,Antonio Herring,AI/ML,2026-05-14,10:46,19:10,8.4,HR System,UI Design,In Progress,100,33,0.4,6,1.9,2,3,93,7,6,5.0,Low,Improving
EMP030,Antonio Herring,AI/ML,2026-05-15,08:51,16:45,7.9,Client Portal,Database Update,In Progress,98,14,0.0,3,2.0,3,2,94,10,5,5.0,Low,Improving
EMP030,Antonio Herring,AI/ML,2026-05-16,10:39,18:51,8.2,CRM Dashboard,API Integration,Completed,91,30,0.2,2,3.0,8,4,82,9,9,4.9,Low,Improving
EMP030,Antonio Herring,AI/ML,2026-05-18,10:13,18:13,8.0,Client Portal,Testing,Completed,99,15,0.0,6,1.0,7,5,90,12,4,5.0,Low,Improving
EMP030,Antonio Herring,AI/ML,2026-05-19,10:01,18:25,8.4,Mobile App,Model Training,In Progress,92,29,0.4,5,1.9,3,0,87,7,7,4.8,Low,Improving
EMP031,Matthew Pitts,Support,2026-02-19,10:14,18:14,8.0,CRM Dashboard,UI Design,In Progress,76,26,0.0,6,1.4,1,8,67,9,9,4.0,Low,Stable
EMP031,Matthew Pitts,Support,2026-02-20,08:13,16:37,8.4,CRM Dashboard,Client Support,In Progress,82,29,0.4,5,0.8,1,0,75,14,10,4.7,Low,Improving
EMP031,Matthew Pitts,Support,2026-02-21,08:39,16:39,8.0,HR System,Bug Fixing,Pending,71,36,0.0,3,2.8,3,7,68,5,5,4.4,Low,Stable
EMP031,Matthew Pitts,Support,2026-02-22,08:10,15:58,7.8,Client Portal,Client Support,Pending,83,39,0.0,2,0.6,10,2,83,6,6,4.7,Low,Improving
EMP031,Matthew Pitts,Support,2026-02-23,09:27,17:45,8.3,Mobile App,Model Training,In Progress,83,11,0.3,4,1.8,9,8,83,11,11,5.0,Low,Improving
EMP031,Matthew Pitts,Support,2026-02-24,08:45,16:33,7.8,HR System,Testing,Pending,83,16,0.0,6,2.1,5,5,80,12,12,4.5,Low,Improving
EMP031,Matthew Pitts,Support,2026-02-25,09:12,17:42,8.5,Mobile App,API Integration,Pending,78,19,0.5,3,0.8,10,1,71,10,10,4.1,Low,Stable
EMP031,Matthew Pitts,Support,2026-02-26,09:49,18:13,8.4,CRM Dashboard,Database Update,Completed,74,35,0.4,6,2.5,4,0,69,11,4,4.3,Low,Stable
EMP031,Matthew Pitts,Support,2026-02-27,08:45,16:33,7.8,IoT Monitoring,Bug Fixing,Completed,77,20,0.0,6,0.7,1,3,71,12,9,4.4,Low,Stable
EMP031,Matthew Pitts,Support,2026-02-28,10:27,19:03,8.6,Client Portal,UI Design,In Progress,70,22,0.6,6,1.7,3,4,62,13,12,3.6,Low,Stable
EMP031,Matthew Pitts,Support,2026-03-02,08:29,17:05,8.6,AI Analytics,UI Design,Pending,74,23,0.6,2,1.7,8,1,72,8,8,4.0,Low,Stable
EMP031,Matthew Pitts,Support,2026-03-03,09:40,17:22,7.7,HR System,API Integration,Pending,74,32,0.0,2,1.4,4,0,64,13,13,4.4,Low,Stable
EMP031,Matthew Pitts,Support,2026-03-04,08:39,17:33,8.9,IoT Monitoring,Testing,Pending,70,16,0.9,1,2.3,10,5,61,7,7,4.4,Low,Stable
EMP031,Matthew Pitts,Support,2026-03-05,08:40,16:40,8.0,HR System,Client Support,Pending,72,31,0.0,5,2.9,3,7,69,5,5,3.7,Low,Stable
EMP031,Matthew Pitts,Support,2026-03-06,09:15,18:21,9.1,HR System,Documentation,Completed,70,13,1.1,2,2.9,1,8,63,7,7,3.6,Medium,Stable
EMP031,Matthew Pitts,Support,2026-03-07,10:39,18:15,7.6,IoT Monitoring,Testing,In Progress,77,24,0.0,6,1.3,10,2,69,12,12,4.6,Low,Stable
EMP031,Matthew Pitts,Support,2026-03-09,09:51,19:03,9.2,HR System,UI Design,Completed,81,14,1.2,6,3.0,10,8,73,13,10,4.1,Medium,Improving
EMP031,Matthew Pitts,Support,2026-03-10,09:20,18:44,9.4,HR System,Testing,Pending,70,31,1.4,3,1.6,5,5,66,15,5,3.9,Medium,Stable
EMP031,Matthew Pitts,Support,2026-03-11,09:06,17:36,8.5,HR System,Client Support,Pending,84,34,0.5,1,0.5,9,6,74,15,3,4.7,Low,Improving
EMP031,Matthew Pitts,Support,2026-03-12,08:42,18:00,9.3,Client Portal,Documentation,In Progress,71,15,1.3,1,1.6,7,3,71,11,8,4.1,Medium,Stable
EMP031,Matthew Pitts,Support,2026-03-13,09:24,17:24,8.0,Mobile App,Model Training,Pending,83,17,0.0,4,2.9,8,6,76,15,15,4.6,Low,Improving
EMP031,Matthew Pitts,Support,2026-03-14,09:22,17:58,8.6,CRM Dashboard,Database Update,In Progress,87,22,0.6,1,2.4,1,1,87,15,5,4.4,Low,Improving
EMP031,Matthew Pitts,Support,2026-03-15,09:17,18:41,9.4,HR System,Model Training,In Progress,77,14,1.4,6,2.7,4,7,77,7,5,4.3,Medium,Stable
EMP031,Matthew Pitts,Support,2026-03-16,09:10,17:34,8.4,IoT Monitoring,Client Support,In Progress,86,37,0.4,3,1.1,5,8,81,5,5,4.9,Low,Improving
EMP031,Matthew Pitts,Support,2026-03-17,09:42,17:54,8.2,Client Portal,Client Support,Completed,83,15,0.2,3,1.1,5,3,79,7,7,4.6,Low,Improving
EMP031,Matthew Pitts,Support,2026-03-18,08:46,16:52,8.1,IoT Monitoring,Database Update,Completed,74,30,0.1,3,0.6,8,5,65,15,4,4.5,Low,Stable
EMP031,Matthew Pitts,Support,2026-03-19,09:06,18:24,9.3,Client Portal,Client Support,Pending,80,23,1.3,4,0.7,2,1,79,12,4,4.1,Medium,Improving
EMP031,Matthew Pitts,Support,2026-03-20,08:36,16:30,7.9,AI Analytics,Database Update,In Progress,84,26,0.0,1,1.1,5,0,75,8,6,5.0,Low,Improving
EMP031,Matthew Pitts,Support,2026-03-21,08:56,16:50,7.9,Client Portal,Documentation,Completed,82,39,0.0,2,1.3,5,4,78,7,7,5.0,Low,Improving
EMP031,Matthew Pitts,Support,2026-03-23,09:01,16:43,7.7,HR System,Client Support,Completed,74,27,0.0,3,2.2,9,2,64,7,7,4.0,Low,Stable
EMP031,Matthew Pitts,Support,2026-03-24,08:09,15:51,7.7,HR System,Testing,Pending,71,13,0.0,1,1.6,6,4,62,15,6,4.2,Low,Stable
EMP031,Matthew Pitts,Support,2026-03-25,08:14,16:32,8.3,AI Analytics,Testing,Completed,90,12,0.3,6,1.8,8,3,82,6,6,4.5,Low,Improving
EMP031,Matthew Pitts,Support,2026-03-26,09:46,18:46,9.0,IoT Monitoring,Database Update,In Progress,86,27,1.0,2,1.0,9,3,85,14,9,5.0,Medium,Improving
EMP031,Matthew Pitts,Support,2026-03-27,10:31,18:25,7.9,IoT Monitoring,UI Design,Pending,83,11,0.0,1,2.4,5,0,76,5,3,4.7,Low,Improving
EMP031,Matthew Pitts,Support,2026-03-28,09:46,19:16,9.5,IoT Monitoring,Bug Fixing,Completed,86,26,1.5,6,1.7,7,0,84,11,10,4.7,Medium,Improving
EMP031,Matthew Pitts,Support,2026-03-29,10:27,19:45,9.3,HR System,API Integration,In Progress,82,15,1.3,5,0.8,9,2,73,8,3,4.5,Medium,Improving
EMP031,Matthew Pitts,Support,2026-03-30,09:10,17:16,8.1,IoT Monitoring,Bug Fixing,In Progress,71,23,0.1,3,2.3,9,6,63,12,6,4.3,Low,Stable
EMP031,Matthew Pitts,Support,2026-03-31,08:06,17:12,9.1,HR System,Documentation,In Progress,88,19,1.1,3,0.7,7,7,80,10,10,4.9,Medium,Improving
EMP031,Matthew Pitts,Support,2026-04-01,08:15,16:21,8.1,Client Portal,UI Design,Pending,90,13,0.1,2,2.3,2,3,83,8,8,4.7,Low,Improving
EMP031,Matthew Pitts,Support,2026-04-02,08:51,16:39,7.8,IoT Monitoring,Testing,Completed,70,40,0.0,3,1.7,3,4,70,10,3,4.4,Low,Stable
EMP031,Matthew Pitts,Support,2026-04-03,10:45,19:51,9.1,HR System,Bug Fixing,In Progress,75,17,1.1,6,1.1,2,8,65,6,5,4.6,Medium,Stable
EMP031,Matthew Pitts,Support,2026-04-04,08:19,17:19,9.0,IoT Monitoring,Testing,In Progress,71,29,1.0,2,2.2,5,5,61,8,3,3.7,Medium,Stable
EMP031,Matthew Pitts,Support,2026-04-06,08:05,15:59,7.9,Client Portal,Testing,Completed,80,25,0.0,1,1.3,9,3,74,5,3,4.2,Low,Improving
EMP031,Matthew Pitts,Support,2026-04-07,08:26,17:14,8.8,CRM Dashboard,Client Support,Pending,75,36,0.8,2,1.2,5,6,72,14,12,4.6,Low,Stable
EMP031,Matthew Pitts,Support,2026-04-08,08:13,17:13,9.0,Mobile App,Database Update,Completed,83,16,1.0,5,2.4,9,8,78,11,3,4.3,Medium,Improving
EMP031,Matthew Pitts,Support,2026-04-09,10:14,18:44,8.5,HR System,Model Training,Pending,74,39,0.5,1,1.2,5,1,68,10,7,4.5,Low,Stable
EMP031,Matthew Pitts,Support,2026-04-10,10:11,18:17,8.1,AI Analytics,Database Update,In Progress,82,23,0.1,5,2.9,2,3,73,6,6,4.6,Low,Improving
EMP031,Matthew Pitts,Support,2026-04-11,09:40,17:16,7.6,HR System,Client Support,Pending,80,29,0.0,2,1.6,5,7,78,7,7,4.4,Low,Improving
EMP031,Matthew Pitts,Support,2026-04-12,10:25,19:37,9.2,HR System,Database Update,In Progress,82,22,1.2,1,2.5,2,2,75,12,9,4.5,Medium,Improving
EMP031,Matthew Pitts,Support,2026-04-13,10:08,18:44,8.6,IoT Monitoring,UI Design,Completed,90,14,0.6,1,2.2,5,1,84,8,6,4.7,Low,Improving
EMP031,Matthew Pitts,Support,2026-04-14,09:40,18:52,9.2,Mobile App,Database Update,Pending,86,18,1.2,3,1.1,5,7,84,15,10,4.9,Medium,Improving
EMP031,Matthew Pitts,Support,2026-04-15,10:48,19:42,8.9,Client Portal,Documentation,Completed,80,10,0.9,5,1.8,9,1,71,10,3,4.4,Low,Improving
EMP031,Matthew Pitts,Support,2026-04-16,10:17,19:41,9.4,Client Portal,Documentation,Completed,87,15,1.4,6,2.6,5,8,86,15,14,4.8,Medium,Improving
EMP031,Matthew Pitts,Support,2026-04-17,10:28,18:10,7.7,Mobile App,Documentation,In Progress,72,24,0.0,3,1.1,2,6,62,11,5,3.7,Low,Stable
EMP031,Matthew Pitts,Support,2026-04-18,08:46,17:52,9.1,IoT Monitoring,Testing,Completed,89,19,1.1,1,1.2,8,3,80,11,11,4.7,Medium,Improving
EMP031,Matthew Pitts,Support,2026-04-19,08:47,17:59,9.2,AI Analytics,UI Design,Completed,88,30,1.2,4,3.0,1,2,88,13,7,4.8,Medium,Improving
EMP031,Matthew Pitts,Support,2026-04-20,10:40,18:28,7.8,HR System,Documentation,Pending,88,11,0.0,2,0.5,2,6,88,7,6,4.6,Low,Improving
EMP031,Matthew Pitts,Support,2026-04-21,09:26,18:32,9.1,Client Portal,API Integration,Completed,75,17,1.1,3,2.8,5,8,74,15,11,4.2,Medium,Stable
EMP031,Matthew Pitts,Support,2026-04-22,09:05,18:29,9.4,CRM Dashboard,Model Training,In Progress,84,30,1.4,3,0.7,2,1,77,5,3,5.0,Medium,Improving
EMP031,Matthew Pitts,Support,2026-04-23,08:13,16:55,8.7,HR System,API Integration,Completed,88,25,0.7,4,0.9,9,5,80,6,6,4.9,Low,Improving
EMP031,Matthew Pitts,Support,2026-04-24,09:09,16:51,7.7,Mobile App,Database Update,Completed,82,14,0.0,2,2.9,3,1,79,8,8,4.4,Low,Improving
EMP031,Matthew Pitts,Support,2026-04-25,09:15,16:57,7.7,AI Analytics,Client Support,Completed,80,15,0.0,6,0.7,10,2,78,7,7,4.5,Low,Improving
EMP031,Matthew Pitts,Support,2026-04-27,08:56,17:02,8.1,AI Analytics,Model Training,Pending,75,21,0.1,3,1.7,4,7,69,5,5,4.1,Low,Stable
EMP031,Matthew Pitts,Support,2026-04-28,10:11,19:17,9.1,AI Analytics,Database Update,In Progress,87,13,1.1,1,0.9,5,8,77,11,4,4.4,Medium,Improving
EMP031,Matthew Pitts,Support,2026-04-29,09:36,18:36,9.0,Mobile App,Database Update,In Progress,87,10,1.0,2,1.4,4,3,86,14,10,5.0,Medium,Improving
EMP031,Matthew Pitts,Support,2026-04-30,10:18,19:12,8.9,Client Portal,Model Training,In Progress,80,20,0.9,2,0.8,3,2,78,15,9,5.0,Low,Improving
EMP031,Matthew Pitts,Support,2026-05-01,08:15,15:51,7.6,IoT Monitoring,Database Update,Pending,73,15,0.0,1,0.6,2,7,64,5,5,4.2,Low,Stable
EMP031,Matthew Pitts,Support,2026-05-02,08:50,16:50,8.0,HR System,Documentation,Pending,85,17,0.0,4,0.6,3,1,82,11,8,4.6,Low,Improving
EMP031,Matthew Pitts,Support,2026-05-04,08:02,15:44,7.7,IoT Monitoring,Testing,Completed,88,18,0.0,3,2.2,3,2,88,5,5,4.9,Low,Improving
EMP031,Matthew Pitts,Support,2026-05-05,10:00,17:42,7.7,IoT Monitoring,UI Design,Pending,79,13,0.0,6,0.9,2,6,70,6,6,4.1,Low,Stable
EMP031,Matthew Pitts,Support,2026-05-06,09:23,18:11,8.8,Mobile App,Testing,In Progress,79,34,0.8,2,1.8,1,8,70,9,9,4.2,Low,Stable
EMP031,Matthew Pitts,Support,2026-05-07,08:40,16:22,7.7,AI Analytics,Client Support,Completed,71,14,0.0,1,1.6,1,2,67,12,4,4.4,Low,Stable
EMP031,Matthew Pitts,Support,2026-05-08,09:11,16:47,7.6,Mobile App,Testing,Completed,73,25,0.0,2,1.2,10,1,65,13,8,4.2,Low,Stable
EMP031,Matthew Pitts,Support,2026-05-09,09:07,17:07,8.0,IoT Monitoring,Model Training,Completed,84,25,0.0,6,2.1,3,3,82,5,5,4.7,Low,Improving
EMP031,Matthew Pitts,Support,2026-05-11,10:31,18:31,8.0,AI Analytics,Database Update,Completed,81,39,0.0,1,2.1,4,3,71,12,9,4.1,Low,Improving
EMP031,Matthew Pitts,Support,2026-05-12,08:58,17:40,8.7,AI Analytics,Documentation,Pending,88,33,0.7,5,1.7,7,1,79,9,9,5.0,Low,Improving
EMP031,Matthew Pitts,Support,2026-05-13,09:52,18:16,8.4,Mobile App,API Integration,Completed,72,13,0.4,4,1.9,4,4,71,5,5,3.9,Low,Stable
EMP031,Matthew Pitts,Support,2026-05-14,10:05,18:53,8.8,Client Portal,Testing,In Progress,75,19,0.8,1,2.3,1,8,74,9,9,4.3,Low,Stable
EMP031,Matthew Pitts,Support,2026-05-15,09:28,17:40,8.2,HR System,Model Training,Pending,74,19,0.2,4,1.9,3,2,71,8,3,3.9,Low,Stable
EMP031,Matthew Pitts,Support,2026-05-16,10:14,18:20,8.1,Mobile App,Model Training,In Progress,71,21,0.1,3,0.9,5,0,62,7,7,4.1,Low,Stable
EMP031,Matthew Pitts,Support,2026-05-18,08:27,15:57,7.5,Client Portal,UI Design,In Progress,89,13,0.0,6,1.1,10,1,88,8,8,4.5,Low,Improving
EMP031,Matthew Pitts,Support,2026-05-19,10:53,19:05,8.2,AI Analytics,Client Support,Pending,78,25,0.2,3,0.7,9,0,73,11,6,4.0,Low,Stable
EMP032,Amanda Herman,AI/ML,2026-02-19,08:53,17:53,9.0,IoT Monitoring,Documentation,In Progress,62,46,1.0,1,2.0,4,3,61,6,6,3.7,Medium,Stable
EMP032,Amanda Herman,AI/ML,2026-02-20,10:39,18:45,8.1,AI Analytics,Database Update,Pending,76,46,0.1,1,2.8,4,1,68,13,8,4.7,Low,Stable
EMP032,Amanda Herman,AI/ML,2026-02-21,10:35,18:41,8.1,HR System,UI Design,Completed,76,33,0.1,3,2.7,8,1,73,8,8,4.3,Low,Stable
EMP032,Amanda Herman,AI/ML,2026-02-23,09:28,16:10,6.7,HR System,API Integration,Completed,76,33,0.0,2,2.4,8,1,71,11,8,3.9,Low,Stable
EMP032,Amanda Herman,AI/ML,2026-02-24,09:16,17:28,8.2,Mobile App,Client Support,Completed,60,43,0.2,2,2.2,7,7,50,9,9,3.3,Low,Stable
EMP032,Amanda Herman,AI/ML,2026-02-25,08:47,16:17,7.5,Mobile App,Bug Fixing,Pending,65,39,0.0,6,0.6,8,3,56,5,5,4.2,Low,Stable
EMP032,Amanda Herman,AI/ML,2026-02-26,10:12,17:06,6.9,IoT Monitoring,UI Design,Pending,77,64,0.0,4,2.5,7,0,74,12,12,4.2,Low,Stable
EMP032,Amanda Herman,AI/ML,2026-02-27,09:40,16:22,6.7,Mobile App,Documentation,In Progress,72,61,0.0,6,0.6,3,0,69,5,5,4.5,Low,Stable
EMP032,Amanda Herman,AI/ML,2026-02-28,08:05,14:53,6.8,Client Portal,Bug Fixing,Pending,80,56,0.0,6,1.2,9,5,75,6,6,4.0,Low,Improving
EMP032,Amanda Herman,AI/ML,2026-03-02,09:23,16:11,6.8,IoT Monitoring,Client Support,Completed,68,31,0.0,6,2.5,6,3,62,10,7,4.1,Low,Stable
EMP032,Amanda Herman,AI/ML,2026-03-03,09:37,17:01,7.4,IoT Monitoring,Testing,Pending,65,33,0.0,1,0.7,5,8,64,11,8,3.9,Low,Stable
EMP032,Amanda Herman,AI/ML,2026-03-04,10:21,17:21,7.0,Mobile App,API Integration,Pending,75,38,0.0,5,1.9,6,4,74,11,8,4.6,Low,Stable
EMP032,Amanda Herman,AI/ML,2026-03-05,10:12,17:18,7.1,AI Analytics,Database Update,In Progress,70,37,0.0,1,2.7,4,6,67,10,5,4.3,Low,Stable
EMP032,Amanda Herman,AI/ML,2026-03-06,08:42,17:00,8.3,IoT Monitoring,Model Training,In Progress,72,46,0.3,1,1.5,7,8,65,5,3,4.1,Low,Stable
EMP032,Amanda Herman,AI/ML,2026-03-07,08:11,16:35,8.4,HR System,UI Design,In Progress,74,49,0.4,1,0.7,1,0,71,10,7,3.8,Low,Stable
EMP032,Amanda Herman,AI/ML,2026-03-09,10:11,18:53,8.7,CRM Dashboard,Testing,In Progress,60,61,0.7,2,1.4,2,8,60,15,7,3.4,Low,Stable
EMP032,Amanda Herman,AI/ML,2026-03-10,09:33,18:27,8.9,HR System,Database Update,Completed,77,30,0.9,1,0.6,5,7,72,7,6,4.3,Low,Stable
EMP032,Amanda Herman,AI/ML,2026-03-11,08:26,17:14,8.8,IoT Monitoring,Testing,In Progress,60,49,0.8,4,1.5,5,6,53,10,10,3.4,Low,Stable
EMP032,Amanda Herman,AI/ML,2026-03-12,10:39,17:27,6.8,AI Analytics,Testing,Pending,62,65,0.0,2,1.8,3,6,59,11,5,3.5,Low,Stable
EMP032,Amanda Herman,AI/ML,2026-03-13,10:24,19:12,8.8,Mobile App,UI Design,In Progress,73,49,0.8,5,2.6,5,0,69,7,7,4.5,Low,Stable
EMP032,Amanda Herman,AI/ML,2026-03-14,10:45,19:15,8.5,Mobile App,Documentation,Pending,77,53,0.5,5,0.7,8,6,67,5,4,4.1,Low,Stable
EMP032,Amanda Herman,AI/ML,2026-03-16,08:03,15:27,7.4,Client Portal,Testing,In Progress,69,44,0.0,4,2.6,8,3,67,11,11,4.2,Low,Stable
EMP032,Amanda Herman,AI/ML,2026-03-17,08:31,15:19,6.8,AI Analytics,Database Update,Completed,69,43,0.0,3,1.6,9,7,62,12,12,4.0,Low,Stable
EMP032,Amanda Herman,AI/ML,2026-03-18,09:15,17:57,8.7,AI Analytics,UI Design,In Progress,73,42,0.7,2,1.2,2,7,71,6,6,4.6,Low,Stable
EMP032,Amanda Herman,AI/ML,2026-03-19,09:46,16:58,7.2,IoT Monitoring,UI Design,Pending,74,50,0.0,6,2.0,7,1,64,8,8,3.7,Low,Stable
EMP032,Amanda Herman,AI/ML,2026-03-20,09:07,16:07,7.0,Client Portal,Model Training,Pending,72,61,0.0,4,2.2,1,0,69,11,11,4.3,Low,Stable
EMP032,Amanda Herman,AI/ML,2026-03-21,10:10,18:34,8.4,Client Portal,Bug Fixing,Pending,71,38,0.4,2,0.9,3,4,69,10,10,3.7,Low,Stable
EMP032,Amanda Herman,AI/ML,2026-03-22,10:04,17:10,7.1,Client Portal,Documentation,In Progress,72,54,0.0,5,2.2,2,5,64,13,4,4.2,Low,Stable
EMP032,Amanda Herman,AI/ML,2026-03-23,10:14,17:02,6.8,IoT Monitoring,API Integration,Pending,73,35,0.0,3,1.5,9,6,73,13,6,4.6,Low,Stable
EMP032,Amanda Herman,AI/ML,2026-03-24,09:23,17:23,8.0,AI Analytics,UI Design,Pending,69,42,0.0,5,1.9,8,1,62,6,6,4.0,Low,Stable
EMP032,Amanda Herman,AI/ML,2026-03-25,10:37,17:55,7.3,Mobile App,Testing,Pending,61,67,0.0,4,2.5,1,8,60,10,10,4.0,Low,Stable
EMP032,Amanda Herman,AI/ML,2026-03-26,09:43,18:25,8.7,CRM Dashboard,Model Training,Completed,78,52,0.7,4,1.0,9,3,76,10,10,4.4,Low,Stable
EMP032,Amanda Herman,AI/ML,2026-03-27,08:45,15:15,6.5,IoT Monitoring,Documentation,Pending,72,59,0.0,2,0.6,10,2,71,11,9,3.7,Low,Stable
EMP032,Amanda Herman,AI/ML,2026-03-28,08:57,17:33,8.6,Client Portal,API Integration,Pending,67,39,0.6,2,1.2,3,7,64,14,3,3.4,Low,Stable
EMP032,Amanda Herman,AI/ML,2026-03-29,09:40,16:52,7.2,AI Analytics,Documentation,Pending,73,40,0.0,5,1.4,4,7,66,14,10,3.9,Low,Stable
EMP032,Amanda Herman,AI/ML,2026-03-30,08:46,17:16,8.5,Client Portal,Bug Fixing,Pending,73,56,0.5,4,1.1,1,5,66,9,4,4.4,Low,Stable
EMP032,Amanda Herman,AI/ML,2026-03-31,08:54,17:42,8.8,IoT Monitoring,Documentation,Completed,68,30,0.8,1,1.6,2,7,58,12,11,4.2,Low,Stable
EMP032,Amanda Herman,AI/ML,2026-04-01,09:14,16:08,6.9,Mobile App,Client Support,In Progress,73,49,0.0,1,1.9,3,7,66,9,3,4.1,Low,Stable
EMP032,Amanda Herman,AI/ML,2026-04-02,10:58,18:16,7.3,HR System,Bug Fixing,Pending,68,66,0.0,4,1.1,3,3,64,6,6,4.2,Low,Stable
EMP032,Amanda Herman,AI/ML,2026-04-03,09:22,17:28,8.1,CRM Dashboard,Client Support,Pending,75,63,0.1,6,2.4,1,8,66,7,7,4.3,Low,Stable
EMP032,Amanda Herman,AI/ML,2026-04-04,10:28,17:22,6.9,Mobile App,UI Design,Pending,68,54,0.0,1,1.0,6,4,65,7,3,4.1,Low,Stable
EMP032,Amanda Herman,AI/ML,2026-04-06,10:26,18:50,8.4,HR System,Model Training,In Progress,69,43,0.4,6,1.4,1,4,66,15,7,3.5,Low,Stable
EMP032,Amanda Herman,AI/ML,2026-04-07,08:07,16:43,8.6,Mobile App,Bug Fixing,Pending,67,53,0.6,2,1.1,2,8,58,12,9,3.5,Low,Stable
EMP032,Amanda Herman,AI/ML,2026-04-08,08:05,15:53,7.8,Client Portal,Testing,Pending,62,60,0.0,3,1.9,4,8,52,8,4,4.0,Low,Stable
EMP032,Amanda Herman,AI/ML,2026-04-09,10:04,18:40,8.6,CRM Dashboard,UI Design,In Progress,65,64,0.6,1,3.0,7,3,56,8,6,3.7,Low,Stable
EMP032,Amanda Herman,AI/ML,2026-04-10,10:18,18:54,8.6,Mobile App,UI Design,Pending,80,32,0.6,2,1.7,8,1,73,9,9,4.0,Low,Improving
EMP032,Amanda Herman,AI/ML,2026-04-11,10:02,18:20,8.3,Client Portal,Documentation,Pending,75,68,0.3,4,2.4,6,4,73,8,8,4.7,Low,Stable
EMP032,Amanda Herman,AI/ML,2026-04-13,08:48,16:18,7.5,CRM Dashboard,Bug Fixing,Pending,65,39,0.0,1,1.1,2,1,55,10,9,3.6,Low,Stable
EMP032,Amanda Herman,AI/ML,2026-04-14,08:50,17:02,8.2,IoT Monitoring,Client Support,Pending,73,67,0.2,4,0.7,1,0,65,12,6,3.8,Low,Stable
EMP032,Amanda Herman,AI/ML,2026-04-15,08:52,17:28,8.6,HR System,Testing,Completed,75,51,0.6,4,2.4,4,3,69,9,3,4.2,Low,Stable
EMP032,Amanda Herman,AI/ML,2026-04-16,08:27,15:39,7.2,AI Analytics,Documentation,In Progress,64,44,0.0,4,0.9,6,8,61,10,4,4.1,Low,Stable
EMP032,Amanda Herman,AI/ML,2026-04-17,10:39,19:39,9.0,Mobile App,Documentation,Pending,68,47,1.0,4,1.8,1,4,63,5,5,3.9,Medium,Stable
EMP032,Amanda Herman,AI/ML,2026-04-18,08:23,14:59,6.6,IoT Monitoring,Testing,Pending,79,43,0.0,2,1.1,9,0,71,5,5,4.4,Low,Stable
EMP032,Amanda Herman,AI/ML,2026-04-19,08:15,15:45,7.5,HR System,Client Support,In Progress,61,57,0.0,5,2.3,1,0,60,15,9,3.5,Low,Stable
EMP032,Amanda Herman,AI/ML,2026-04-20,09:58,17:52,7.9,Mobile App,Bug Fixing,In Progress,73,46,0.0,1,2.8,6,1,71,9,4,4.1,Low,Stable
EMP032,Amanda Herman,AI/ML,2026-04-21,10:55,18:07,7.2,IoT Monitoring,Documentation,Pending,71,68,0.0,6,2.5,8,4,63,12,5,4.0,Low,Stable
EMP032,Amanda Herman,AI/ML,2026-04-22,08:24,15:24,7.0,CRM Dashboard,Bug Fixing,In Progress,70,55,0.0,5,1.7,5,5,65,11,3,3.8,Low,Stable
EMP032,Amanda Herman,AI/ML,2026-04-23,09:50,17:32,7.7,AI Analytics,Testing,Completed,67,30,0.0,5,2.4,8,8,58,12,11,3.5,Low,Stable
EMP032,Amanda Herman,AI/ML,2026-04-24,09:25,18:07,8.7,CRM Dashboard,Client Support,Pending,78,50,0.7,1,1.1,10,8,78,6,6,4.1,Low,Stable
EMP032,Amanda Herman,AI/ML,2026-04-25,08:37,16:37,8.0,HR System,Model Training,In Progress,74,60,0.0,2,2.4,6,2,70,7,7,4.1,Low,Stable
EMP032,Amanda Herman,AI/ML,2026-04-26,09:46,16:28,6.7,HR System,API Integration,In Progress,78,70,0.0,3,2.9,4,1,75,7,3,4.8,Low,Stable
EMP032,Amanda Herman,AI/ML,2026-04-27,10:35,18:05,7.5,IoT Monitoring,Bug Fixing,Pending,77,31,0.0,5,0.6,6,3,74,13,11,4.4,Low,Stable
EMP032,Amanda Herman,AI/ML,2026-04-28,08:04,15:34,7.5,Client Portal,API Integration,Completed,77,58,0.0,6,1.5,3,5,74,7,7,4.7,Low,Stable
EMP032,Amanda Herman,AI/ML,2026-04-29,09:00,17:42,8.7,IoT Monitoring,Documentation,In Progress,68,50,0.7,1,0.9,9,3,60,12,7,4.2,Low,Stable
EMP032,Amanda Herman,AI/ML,2026-04-30,09:09,15:57,6.8,HR System,Client Support,In Progress,61,44,0.0,2,1.3,3,2,60,14,10,3.9,Low,Stable
EMP032,Amanda Herman,AI/ML,2026-05-01,10:49,17:49,7.0,CRM Dashboard,Documentation,In Progress,75,68,0.0,2,2.9,1,8,66,12,6,4.5,Low,Stable
EMP032,Amanda Herman,AI/ML,2026-05-02,10:14,16:56,6.7,Client Portal,Testing,Pending,78,46,0.0,4,1.3,1,7,73,8,3,4.0,Low,Stable
EMP032,Amanda Herman,AI/ML,2026-05-03,09:55,17:13,7.3,Client Portal,API Integration,In Progress,62,61,0.0,2,1.9,9,2,56,9,9,3.1,Low,Stable
EMP032,Amanda Herman,AI/ML,2026-05-04,09:12,15:48,6.6,Mobile App,Bug Fixing,Pending,67,42,0.0,4,3.0,9,2,63,14,3,3.5,Low,Stable
EMP032,Amanda Herman,AI/ML,2026-05-05,10:15,17:51,7.6,Mobile App,UI Design,Pending,70,53,0.0,4,1.9,2,6,60,12,12,3.7,Low,Stable
EMP032,Amanda Herman,AI/ML,2026-05-06,09:58,17:04,7.1,Mobile App,Bug Fixing,Completed,71,40,0.0,2,2.4,4,3,66,6,6,4.3,Low,Stable
EMP032,Amanda Herman,AI/ML,2026-05-07,10:19,18:31,8.2,HR System,API Integration,In Progress,74,60,0.2,1,2.2,2,5,68,13,9,4.5,Low,Stable
EMP032,Amanda Herman,AI/ML,2026-05-08,09:14,16:20,7.1,CRM Dashboard,UI Design,In Progress,63,64,0.0,1,3.0,10,4,59,10,5,3.4,Low,Stable
EMP032,Amanda Herman,AI/ML,2026-05-09,09:26,17:02,7.6,Mobile App,Documentation,Pending,69,39,0.0,4,2.8,7,1,65,6,6,3.5,Low,Stable
EMP032,Amanda Herman,AI/ML,2026-05-11,09:00,15:42,6.7,CRM Dashboard,Documentation,Completed,80,41,0.0,5,1.2,10,8,75,15,11,4.7,Low,Improving
EMP032,Amanda Herman,AI/ML,2026-05-12,08:12,15:06,6.9,CRM Dashboard,Model Training,In Progress,60,67,0.0,5,1.3,5,8,57,15,14,3.7,Low,Stable
EMP032,Amanda Herman,AI/ML,2026-05-13,10:40,17:22,6.7,CRM Dashboard,Testing,Completed,68,69,0.0,2,2.7,2,4,64,7,7,3.6,Low,Stable
EMP032,Amanda Herman,AI/ML,2026-05-14,09:21,16:33,7.2,CRM Dashboard,Testing,Completed,65,50,0.0,6,0.9,4,6,57,8,8,4.2,Low,Stable
EMP032,Amanda Herman,AI/ML,2026-05-15,10:44,19:14,8.5,Mobile App,Client Support,Completed,60,60,0.5,3,0.7,4,5,50,13,5,3.5,Low,Stable
EMP032,Amanda Herman,AI/ML,2026-05-16,09:12,17:24,8.2,HR System,UI Design,Pending,71,70,0.2,5,1.5,8,4,70,8,5,4.3,Low,Stable
EMP032,Amanda Herman,AI/ML,2026-05-18,09:41,16:59,7.3,AI Analytics,Database Update,Pending,76,39,0.0,4,1.6,1,6,76,6,3,4.6,Low,Stable
EMP032,Amanda Herman,AI/ML,2026-05-19,09:50,18:44,8.9,CRM Dashboard,API Integration,In Progress,80,54,0.9,2,1.0,1,5,71,5,5,4.6,Low,Improving
EMP033,Peter Smith,Testing,2026-02-19,10:17,17:53,7.6,AI Analytics,API Integration,In Progress,89,15,0.0,6,1.7,2,6,82,10,10,5.0,Low,Improving
EMP033,Peter Smith,Testing,2026-02-20,10:14,19:14,9.0,HR System,Database Update,Completed,95,21,1.0,1,0.7,10,0,93,9,4,5.0,Medium,Improving
EMP033,Peter Smith,Testing,2026-02-21,09:02,16:50,7.8,HR System,Database Update,In Progress,90,34,0.0,2,1.0,4,4,88,9,6,5.0,Low,Improving
EMP033,Peter Smith,Testing,2026-02-23,09:24,17:30,8.1,AI Analytics,Bug Fixing,Completed,89,18,0.1,5,0.6,2,5,81,11,8,5.0,Low,Improving
EMP033,Peter Smith,Testing,2026-02-24,09:38,18:32,8.9,Client Portal,UI Design,Completed,100,11,0.9,6,1.1,6,8,95,12,8,5.0,Low,Improving
EMP033,Peter Smith,Testing,2026-02-25,09:30,17:36,8.1,IoT Monitoring,Testing,In Progress,87,20,0.1,3,1.1,6,8,83,7,5,4.7,Low,Improving
EMP033,Peter Smith,Testing,2026-02-26,10:04,18:46,8.7,IoT Monitoring,Client Support,In Progress,88,31,0.7,2,1.7,4,0,87,13,11,4.8,Low,Improving
EMP033,Peter Smith,Testing,2026-02-27,10:14,17:50,7.6,Mobile App,UI Design,Completed,97,36,0.0,3,2.2,8,7,90,6,6,5.0,Low,Improving
EMP033,Peter Smith,Testing,2026-02-28,08:05,17:17,9.2,CRM Dashboard,API Integration,In Progress,100,25,1.2,5,1.5,4,4,96,12,12,5.0,Medium,Improving
EMP033,Peter Smith,Testing,2026-03-02,09:47,17:59,8.2,AI Analytics,UI Design,In Progress,88,39,0.2,1,0.9,10,8,81,8,8,5.0,Low,Improving
EMP033,Peter Smith,Testing,2026-03-03,09:57,18:33,8.6,Client Portal,UI Design,In Progress,96,11,0.6,6,1.7,7,2,92,14,8,5.0,Low,Improving
EMP033,Peter Smith,Testing,2026-03-04,09:04,18:10,9.1,AI Analytics,Documentation,In Progress,86,26,1.1,1,1.9,1,7,78,13,5,4.5,Medium,Improving
EMP033,Peter Smith,Testing,2026-03-05,09:31,18:49,9.3,AI Analytics,Client Support,In Progress,84,17,1.3,3,0.6,9,0,78,14,3,4.8,Medium,Improving
EMP033,Peter Smith,Testing,2026-03-06,10:55,20:01,9.1,CRM Dashboard,Client Support,Pending,95,17,1.1,4,0.8,3,8,89,11,11,5.0,Medium,Improving
EMP033,Peter Smith,Testing,2026-03-07,09:39,18:45,9.1,CRM Dashboard,Bug Fixing,In Progress,99,38,1.1,6,2.6,1,5,96,15,14,5.0,Medium,Improving
EMP033,Peter Smith,Testing,2026-03-09,08:34,16:22,7.8,HR System,Database Update,Pending,86,13,0.0,4,1.3,7,1,84,11,10,4.5,Low,Improving
EMP033,Peter Smith,Testing,2026-03-10,09:58,18:52,8.9,IoT Monitoring,Bug Fixing,In Progress,84,17,0.9,4,2.3,2,0,84,8,7,4.4,Low,Improving
EMP033,Peter Smith,Testing,2026-03-11,09:48,18:06,8.3,CRM Dashboard,API Integration,Pending,97,34,0.3,4,1.3,8,6,93,9,9,5.0,Low,Improving
EMP033,Peter Smith,Testing,2026-03-12,08:45,17:39,8.9,CRM Dashboard,Model Training,Completed,100,32,0.9,6,0.6,7,1,97,5,5,5.0,Low,Improving
EMP033,Peter Smith,Testing,2026-03-13,09:43,18:19,8.6,Mobile App,Bug Fixing,In Progress,96,26,0.6,3,2.7,6,5,96,12,6,5.0,Low,Improving
EMP033,Peter Smith,Testing,2026-03-14,09:33,17:09,7.6,Client Portal,UI Design,Completed,89,32,0.0,1,1.6,1,7,88,7,7,5.0,Low,Improving
EMP033,Peter Smith,Testing,2026-03-15,08:10,17:04,8.9,CRM Dashboard,Testing,Pending,87,24,0.9,3,0.9,2,0,80,12,9,4.5,Low,Improving
EMP033,Peter Smith,Testing,2026-03-16,09:08,17:02,7.9,AI Analytics,Model Training,Completed,83,22,0.0,6,1.5,3,3,82,7,7,4.3,Low,Improving
EMP033,Peter Smith,Testing,2026-03-17,08:08,16:26,8.3,Mobile App,Bug Fixing,In Progress,83,32,0.3,3,1.2,6,2,77,10,10,5.0,Low,Improving
EMP033,Peter Smith,Testing,2026-03-18,09:52,18:58,9.1,AI Analytics,Model Training,In Progress,90,31,1.1,3,0.6,2,0,81,12,12,5.0,Medium,Improving
EMP033,Peter Smith,Testing,2026-03-19,09:41,17:29,7.8,IoT Monitoring,UI Design,Completed,96,23,0.0,5,0.6,9,5,91,11,11,5.0,Low,Improving
EMP033,Peter Smith,Testing,2026-03-20,10:04,18:04,8.0,Mobile App,API Integration,In Progress,100,22,0.0,4,1.9,6,2,98,14,8,5.0,Low,Improving
EMP033,Peter Smith,Testing,2026-03-21,09:23,16:59,7.6,AI Analytics,Documentation,In Progress,84,31,0.0,1,1.5,10,1,76,14,3,4.6,Low,Improving
EMP033,Peter Smith,Testing,2026-03-23,10:56,19:38,8.7,IoT Monitoring,UI Design,In Progress,84,26,0.7,4,2.4,10,2,77,11,11,4.3,Low,Improving
EMP033,Peter Smith,Testing,2026-03-24,08:30,16:18,7.8,Client Portal,Database Update,In Progress,100,16,0.0,1,1.7,3,3,93,9,4,5.0,Low,Improving
EMP033,Peter Smith,Testing,2026-03-25,08:09,15:57,7.8,Client Portal,UI Design,Completed,97,19,0.0,2,2.0,2,1,94,10,6,4.9,Low,Improving
EMP033,Peter Smith,Testing,2026-03-26,09:46,19:10,9.4,AI Analytics,Client Support,In Progress,100,27,1.4,3,2.6,5,8,90,12,3,5.0,Medium,Improving
EMP033,Peter Smith,Testing,2026-03-27,09:28,18:16,8.8,HR System,UI Design,Completed,83,35,0.8,3,2.2,3,5,79,12,6,4.9,Low,Improving
EMP033,Peter Smith,Testing,2026-03-28,10:40,20:04,9.4,HR System,Bug Fixing,Completed,95,11,1.4,1,2.5,9,4,85,9,5,5.0,Medium,Improving
EMP033,Peter Smith,Testing,2026-03-30,09:03,16:39,7.6,AI Analytics,Documentation,In Progress,100,31,0.0,4,2.6,5,7,92,14,9,5.0,Low,Improving
EMP033,Peter Smith,Testing,2026-03-31,10:48,18:30,7.7,Client Portal,Testing,Pending,88,35,0.0,6,1.3,3,1,88,11,3,4.6,Low,Improving
EMP033,Peter Smith,Testing,2026-04-01,09:27,17:57,8.5,AI Analytics,UI Design,Pending,84,24,0.5,2,1.7,9,5,80,12,6,4.7,Low,Improving
EMP033,Peter Smith,Testing,2026-04-02,09:56,19:02,9.1,HR System,Testing,Pending,100,37,1.1,1,2.8,2,5,98,14,3,5.0,Medium,Improving
EMP033,Peter Smith,Testing,2026-04-03,09:42,18:18,8.6,HR System,Documentation,In Progress,100,22,0.6,5,0.6,4,4,93,13,9,5.0,Low,Improving
EMP033,Peter Smith,Testing,2026-04-04,10:20,18:08,7.8,IoT Monitoring,Client Support,In Progress,100,13,0.0,5,2.7,6,1,92,8,8,5.0,Low,Improving
EMP033,Peter Smith,Testing,2026-04-06,08:46,17:10,8.4,HR System,Documentation,Pending,94,15,0.4,6,2.2,3,5,86,14,8,5.0,Low,Improving
EMP033,Peter Smith,Testing,2026-04-07,09:15,17:39,8.4,HR System,Documentation,In Progress,97,39,0.4,6,2.0,9,0,90,15,7,5.0,Low,Improving
EMP033,Peter Smith,Testing,2026-04-08,08:26,17:44,9.3,AI Analytics,Testing,Completed,84,20,1.3,2,1.5,1,0,77,6,6,5.0,Medium,Improving
EMP033,Peter Smith,Testing,2026-04-09,08:52,16:46,7.9,Mobile App,Bug Fixing,In Progress,99,24,0.0,3,2.3,4,3,91,13,12,5.0,Low,Improving
EMP033,Peter Smith,Testing,2026-04-10,10:37,19:01,8.4,IoT Monitoring,API Integration,Pending,100,13,0.4,3,1.3,6,3,100,12,3,5.0,Low,Improving
EMP033,Peter Smith,Testing,2026-04-11,08:01,15:37,7.6,AI Analytics,API Integration,Completed,90,24,0.0,6,0.6,6,4,81,15,9,4.6,Low,Improving
EMP033,Peter Smith,Testing,2026-04-12,09:14,16:44,7.5,Mobile App,Client Support,Completed,100,38,0.0,3,1.7,8,1,92,8,8,5.0,Low,Improving
EMP033,Peter Smith,Testing,2026-04-13,09:12,17:42,8.5,Client Portal,UI Design,Pending,91,35,0.5,1,0.9,10,8,90,13,13,5.0,Low,Improving
EMP033,Peter Smith,Testing,2026-04-14,08:13,16:37,8.4,AI Analytics,API Integration,Completed,100,23,0.4,4,1.7,10,4,98,9,8,5.0,Low,Improving
EMP033,Peter Smith,Testing,2026-04-15,08:34,16:16,7.7,AI Analytics,Bug Fixing,Completed,96,11,0.0,4,2.4,5,5,91,11,11,5.0,Low,Improving
EMP033,Peter Smith,Testing,2026-04-16,10:56,19:38,8.7,IoT Monitoring,Testing,Completed,100,31,0.7,3,0.6,7,0,99,12,12,5.0,Low,Improving
EMP033,Peter Smith,Testing,2026-04-17,08:16,17:28,9.2,Client Portal,Client Support,Pending,87,27,1.2,1,1.1,8,0,85,9,6,4.4,Medium,Improving
EMP033,Peter Smith,Testing,2026-04-18,08:19,17:37,9.3,IoT Monitoring,Client Support,In Progress,91,25,1.3,5,2.0,7,8,90,14,14,4.9,Medium,Improving
EMP033,Peter Smith,Testing,2026-04-19,09:19,18:31,9.2,Client Portal,Model Training,Completed,88,10,1.2,3,2.2,7,2,87,15,4,4.8,Medium,Improving
EMP033,Peter Smith,Testing,2026-04-20,08:37,16:43,8.1,Mobile App,Model Training,Completed,99,19,0.1,1,2.3,2,7,98,7,7,5.0,Low,Improving
EMP033,Peter Smith,Testing,2026-04-21,10:52,19:58,9.1,IoT Monitoring,UI Design,Pending,96,22,1.1,2,2.0,8,6,89,9,7,5.0,Medium,Improving
EMP033,Peter Smith,Testing,2026-04-22,08:47,17:17,8.5,CRM Dashboard,Database Update,In Progress,83,38,0.5,1,0.8,9,8,83,11,11,4.9,Low,Improving
EMP033,Peter Smith,Testing,2026-04-23,09:32,18:14,8.7,Client Portal,Model Training,Pending,84,27,0.7,2,0.6,3,6,83,6,4,4.3,Low,Improving
EMP033,Peter Smith,Testing,2026-04-24,10:11,17:59,7.8,AI Analytics,Testing,Pending,100,38,0.0,4,0.6,4,7,93,13,6,5.0,Low,Improving
EMP033,Peter Smith,Testing,2026-04-25,10:37,19:13,8.6,HR System,API Integration,Pending,90,26,0.6,1,1.0,3,3,90,14,8,5.0,Low,Improving
EMP033,Peter Smith,Testing,2026-04-27,08:56,17:02,8.1,IoT Monitoring,Database Update,Completed,97,39,0.1,3,1.3,6,3,90,9,9,5.0,Low,Improving
EMP033,Peter Smith,Testing,2026-04-28,09:00,17:24,8.4,Client Portal,Bug Fixing,In Progress,93,21,0.4,1,1.8,5,8,92,11,11,4.9,Low,Improving
EMP033,Peter Smith,Testing,2026-04-29,10:17,17:47,7.5,AI Analytics,Database Update,Completed,89,38,0.0,3,1.5,10,3,83,14,11,5.0,Low,Improving
EMP033,Peter Smith,Testing,2026-04-30,10:25,18:19,7.9,Client Portal,Documentation,In Progress,93,21,0.0,5,2.5,9,6,84,11,5,5.0,Low,Improving
EMP033,Peter Smith,Testing,2026-05-01,08:22,17:52,9.5,CRM Dashboard,Client Support,Completed,93,21,1.5,4,0.7,10,6,89,10,10,5.0,Medium,Improving
EMP033,Peter Smith,Testing,2026-05-02,09:21,18:09,8.8,Client Portal,Bug Fixing,Completed,91,30,0.8,2,2.3,3,6,88,9,5,5.0,Low,Improving
EMP033,Peter Smith,Testing,2026-05-04,09:31,18:01,8.5,IoT Monitoring,Testing,Pending,83,19,0.5,2,2.7,8,2,76,12,3,4.4,Low,Improving
EMP033,Peter Smith,Testing,2026-05-05,09:02,17:08,8.1,IoT Monitoring,Model Training,Completed,94,21,0.1,1,1.9,3,6,87,9,9,5.0,Low,Improving
EMP033,Peter Smith,Testing,2026-05-06,09:23,18:53,9.5,HR System,API Integration,Completed,85,20,1.5,4,1.7,1,4,75,8,8,5.0,Medium,Improving
EMP033,Peter Smith,Testing,2026-05-07,10:15,19:21,9.1,CRM Dashboard,UI Design,Pending,96,12,1.1,1,1.9,7,0,86,12,5,4.8,Medium,Improving
EMP033,Peter Smith,Testing,2026-05-08,09:11,18:29,9.3,Client Portal,Client Support,Completed,92,34,1.3,5,1.1,1,5,87,7,5,5.0,Medium,Improving
EMP033,Peter Smith,Testing,2026-05-09,08:05,16:59,8.9,Client Portal,UI Design,Pending,99,10,0.9,1,2.7,5,8,94,5,5,5.0,Low,Improving
EMP033,Peter Smith,Testing,2026-05-11,10:24,18:48,8.4,Mobile App,UI Design,In Progress,99,39,0.4,4,2.4,10,3,96,6,5,5.0,Low,Improving
EMP033,Peter Smith,Testing,2026-05-12,09:10,17:34,8.4,HR System,Testing,Pending,89,32,0.4,1,1.5,5,1,79,10,10,5.0,Low,Improving
EMP033,Peter Smith,Testing,2026-05-13,09:06,16:54,7.8,CRM Dashboard,API Integration,In Progress,90,22,0.0,6,2.8,9,0,88,8,8,4.9,Low,Improving
EMP033,Peter Smith,Testing,2026-05-14,08:52,16:52,8.0,Client Portal,Client Support,In Progress,93,13,0.0,4,2.4,10,1,87,10,9,4.8,Low,Improving
EMP033,Peter Smith,Testing,2026-05-15,10:45,19:33,8.8,HR System,Documentation,In Progress,88,14,0.8,3,3.0,7,3,88,10,3,4.9,Low,Improving
EMP033,Peter Smith,Testing,2026-05-16,10:44,19:38,8.9,IoT Monitoring,UI Design,Completed,94,39,0.9,1,2.9,6,6,89,10,8,5.0,Low,Improving
EMP033,Peter Smith,Testing,2026-05-18,08:54,16:24,7.5,Mobile App,API Integration,Completed,96,38,0.0,1,1.1,2,4,93,9,8,4.9,Low,Improving
EMP033,Peter Smith,Testing,2026-05-19,10:51,19:15,8.4,AI Analytics,Model Training,In Progress,87,14,0.4,5,2.5,10,2,87,11,11,4.4,Low,Improving
EMP034,Marie Sosa,UI/UX,2026-02-19,08:44,19:26,10.7,Client Portal,Bug Fixing,Completed,74,110,2.7,3,2.9,10,7,73,15,9,4.5,Medium,Stable
EMP034,Marie Sosa,UI/UX,2026-02-20,10:22,21:34,11.2,Client Portal,Documentation,Pending,58,112,3.2,5,3.0,3,5,57,12,5,3.4,High,Declining
EMP034,Marie Sosa,UI/UX,2026-02-21,09:43,20:01,10.3,HR System,Client Support,Completed,78,92,2.3,4,2.9,4,7,76,5,5,4.8,Medium,Stable
EMP034,Marie Sosa,UI/UX,2026-02-22,10:07,19:43,9.6,Mobile App,Bug Fixing,In Progress,78,94,1.6,6,1.0,2,7,71,12,6,4.1,Medium,Stable
EMP034,Marie Sosa,UI/UX,2026-02-23,10:23,21:29,11.1,Client Portal,Database Update,In Progress,74,74,3.1,6,2.3,7,1,70,15,10,4.2,Medium,Stable
EMP034,Marie Sosa,UI/UX,2026-02-24,08:08,19:56,11.8,AI Analytics,Client Support,In Progress,76,77,3.8,4,2.9,9,6,73,6,6,4.5,Medium,Stable
EMP034,Marie Sosa,UI/UX,2026-02-25,10:50,22:02,11.2,Client Portal,Testing,Completed,73,66,3.2,3,1.9,6,5,68,12,12,4.3,Medium,Stable
EMP034,Marie Sosa,UI/UX,2026-02-26,08:36,19:36,11.0,HR System,Database Update,In Progress,71,94,3.0,1,0.8,7,8,63,12,12,4.0,Medium,Stable
EMP034,Marie Sosa,UI/UX,2026-02-27,10:10,20:10,10.0,AI Analytics,Bug Fixing,In Progress,68,110,2.0,5,2.8,2,6,68,5,5,3.5,Medium,Stable
EMP034,Marie Sosa,UI/UX,2026-02-28,10:27,20:45,10.3,CRM Dashboard,Testing,In Progress,74,120,2.3,4,1.7,7,8,65,14,4,4.3,Medium,Stable
EMP034,Marie Sosa,UI/UX,2026-03-02,10:26,21:02,10.6,HR System,API Integration,Pending,76,118,2.6,1,2.8,4,4,68,5,5,4.5,Medium,Stable
EMP034,Marie Sosa,UI/UX,2026-03-03,10:12,20:42,10.5,Mobile App,Model Training,Completed,63,92,2.5,1,1.1,4,6,55,5,5,3.2,Medium,Stable
EMP034,Marie Sosa,UI/UX,2026-03-04,09:19,20:07,10.8,Mobile App,UI Design,Completed,70,87,2.8,1,0.7,8,1,64,15,10,4.5,Medium,Stable
EMP034,Marie Sosa,UI/UX,2026-03-05,10:13,20:37,10.4,HR System,Model Training,Pending,70,112,2.4,2,2.3,6,4,62,10,10,4.3,Medium,Stable
EMP034,Marie Sosa,UI/UX,2026-03-06,08:27,20:03,11.6,AI Analytics,UI Design,In Progress,59,80,3.6,6,1.4,7,3,49,6,6,3.7,High,Declining
EMP034,Marie Sosa,UI/UX,2026-03-07,09:17,20:05,10.8,AI Analytics,Database Update,Completed,74,109,2.8,6,3.0,4,1,66,9,4,3.8,Medium,Stable
EMP034,Marie Sosa,UI/UX,2026-03-09,10:00,20:36,10.6,HR System,Client Support,Pending,69,67,2.6,4,2.7,8,3,69,14,10,3.8,Medium,Stable
EMP034,Marie Sosa,UI/UX,2026-03-10,09:34,19:04,9.5,Client Portal,Documentation,In Progress,62,66,1.5,1,2.8,3,8,52,5,5,3.6,Medium,Stable
EMP034,Marie Sosa,UI/UX,2026-03-11,09:45,19:21,9.6,CRM Dashboard,Model Training,Pending,60,111,1.6,6,2.4,1,1,60,14,4,3.8,Medium,Stable
EMP034,Marie Sosa,UI/UX,2026-03-12,09:53,21:47,11.9,Client Portal,Testing,In Progress,67,105,3.9,4,1.2,7,5,62,11,7,4.2,Medium,Stable
EMP034,Marie Sosa,UI/UX,2026-03-13,09:54,20:48,10.9,Mobile App,Bug Fixing,Pending,74,86,2.9,1,0.7,2,2,66,15,15,3.7,Medium,Stable
EMP034,Marie Sosa,UI/UX,2026-03-14,09:39,19:51,10.2,Client Portal,Model Training,In Progress,67,105,2.2,2,0.6,10,6,59,7,3,4.0,Medium,Stable
EMP034,Marie Sosa,UI/UX,2026-03-15,10:55,21:07,10.2,Client Portal,Database Update,Pending,64,117,2.2,6,2.3,9,5,58,11,10,3.9,Medium,Stable
EMP034,Marie Sosa,UI/UX,2026-03-16,08:28,18:40,10.2,HR System,UI Design,In Progress,69,116,2.2,3,2.4,5,3,67,9,9,3.9,Medium,Stable
EMP034,Marie Sosa,UI/UX,2026-03-17,10:38,22:08,11.5,IoT Monitoring,Testing,In Progress,70,90,3.5,4,2.5,8,0,66,9,9,3.8,Medium,Stable
EMP034,Marie Sosa,UI/UX,2026-03-18,08:29,19:05,10.6,AI Analytics,API Integration,In Progress,73,79,2.6,2,2.7,10,2,71,15,11,4.3,Medium,Stable
EMP034,Marie Sosa,UI/UX,2026-03-19,08:44,20:44,12.0,AI Analytics,API Integration,Pending,73,113,4.0,2,2.4,4,0,70,5,5,4.3,Medium,Stable
EMP034,Marie Sosa,UI/UX,2026-03-20,08:41,20:17,11.6,IoT Monitoring,Model Training,In Progress,58,63,3.6,1,1.0,4,8,56,10,8,3.2,High,Declining
EMP034,Marie Sosa,UI/UX,2026-03-21,08:47,18:35,9.8,AI Analytics,API Integration,Pending,56,80,1.8,2,1.0,10,0,55,15,4,3.1,Medium,Declining
EMP034,Marie Sosa,UI/UX,2026-03-23,10:49,20:55,10.1,HR System,API Integration,Completed,71,107,2.1,1,1.4,6,3,67,6,6,4.1,Medium,Stable
EMP034,Marie Sosa,UI/UX,2026-03-24,09:26,20:08,10.7,AI Analytics,Database Update,In Progress,62,85,2.7,5,1.4,7,5,54,7,4,3.8,Medium,Stable
EMP034,Marie Sosa,UI/UX,2026-03-25,10:43,21:37,10.9,CRM Dashboard,Client Support,Pending,56,90,2.9,4,0.7,9,7,54,5,3,2.9,Medium,Declining
EMP034,Marie Sosa,UI/UX,2026-03-26,10:02,21:38,11.6,Mobile App,Documentation,Pending,71,76,3.6,2,2.8,10,5,64,12,11,4.1,Medium,Stable
EMP034,Marie Sosa,UI/UX,2026-03-27,09:14,20:50,11.6,CRM Dashboard,Testing,In Progress,67,79,3.6,4,2.7,6,2,64,8,8,4.3,Medium,Stable
EMP034,Marie Sosa,UI/UX,2026-03-28,09:26,19:38,10.2,AI Analytics,API Integration,In Progress,71,91,2.2,1,2.7,5,5,65,13,12,3.6,Medium,Stable
EMP034,Marie Sosa,UI/UX,2026-03-30,10:39,21:03,10.4,Client Portal,UI Design,Completed,68,115,2.4,1,1.8,5,7,67,8,8,3.6,Medium,Stable
EMP034,Marie Sosa,UI/UX,2026-03-31,08:34,18:46,10.2,HR System,Documentation,Pending,72,78,2.2,6,2.8,2,3,72,12,5,4.4,Medium,Stable
EMP034,Marie Sosa,UI/UX,2026-04-01,10:31,21:19,10.8,Mobile App,Documentation,Completed,71,101,2.8,2,0.7,2,5,70,15,15,3.6,Medium,Stable
EMP034,Marie Sosa,UI/UX,2026-04-02,09:18,20:48,11.5,CRM Dashboard,Client Support,Pending,76,64,3.5,5,2.6,5,1,76,10,5,4.8,Medium,Stable
EMP034,Marie Sosa,UI/UX,2026-04-03,09:41,19:05,9.4,Client Portal,Bug Fixing,In Progress,60,83,1.4,5,2.0,4,2,57,9,9,3.9,Medium,Stable
EMP034,Marie Sosa,UI/UX,2026-04-04,10:28,19:34,9.1,HR System,Client Support,In Progress,71,116,1.1,4,1.9,3,5,64,15,6,4.3,Medium,Stable
EMP034,Marie Sosa,UI/UX,2026-04-06,10:14,19:38,9.4,Mobile App,Client Support,Pending,71,104,1.4,5,1.3,9,8,66,13,6,4.0,Medium,Stable
EMP034,Marie Sosa,UI/UX,2026-04-07,09:30,19:42,10.2,Mobile App,Model Training,In Progress,62,65,2.2,2,2.4,7,7,53,11,7,4.0,Medium,Stable
EMP034,Marie Sosa,UI/UX,2026-04-08,10:05,20:35,10.5,Client Portal,Documentation,Pending,56,84,2.5,4,2.6,3,3,54,15,11,3.2,Medium,Declining
EMP034,Marie Sosa,UI/UX,2026-04-09,10:19,20:31,10.2,AI Analytics,Database Update,In Progress,65,70,2.2,1,2.6,3,5,62,7,7,3.7,Medium,Stable
EMP034,Marie Sosa,UI/UX,2026-04-10,10:15,19:33,9.3,Mobile App,Model Training,Pending,58,76,1.3,4,2.9,9,5,49,10,10,3.4,Medium,Declining
EMP034,Marie Sosa,UI/UX,2026-04-11,09:47,20:59,11.2,HR System,Testing,In Progress,72,64,3.2,5,2.2,9,2,71,8,8,4.4,Medium,Stable
EMP034,Marie Sosa,UI/UX,2026-04-12,08:31,19:19,10.8,CRM Dashboard,Database Update,Pending,59,79,2.8,2,1.9,6,2,49,6,6,3.0,Medium,Declining
EMP034,Marie Sosa,UI/UX,2026-04-13,10:08,21:44,11.6,Client Portal,UI Design,Completed,55,81,3.6,4,1.0,2,0,51,14,7,3.5,High,Declining
EMP034,Marie Sosa,UI/UX,2026-04-14,10:52,20:22,9.5,Mobile App,Bug Fixing,Completed,66,110,1.5,6,2.1,7,7,58,7,6,3.9,Medium,Stable
EMP034,Marie Sosa,UI/UX,2026-04-15,10:23,21:35,11.2,CRM Dashboard,Testing,Completed,62,102,3.2,6,1.1,2,6,61,15,15,3.5,High,Stable
EMP034,Marie Sosa,UI/UX,2026-04-16,08:13,19:19,11.1,IoT Monitoring,API Integration,Pending,55,79,3.1,3,0.7,9,0,51,10,10,3.6,High,Declining
EMP034,Marie Sosa,UI/UX,2026-04-17,08:54,19:24,10.5,HR System,Database Update,Completed,73,110,2.5,6,0.6,3,0,64,7,7,4.6,Medium,Stable
EMP034,Marie Sosa,UI/UX,2026-04-18,09:55,20:55,11.0,HR System,Database Update,In Progress,68,110,3.0,4,2.6,1,8,65,15,6,3.9,Medium,Stable
EMP034,Marie Sosa,UI/UX,2026-04-20,09:42,19:06,9.4,Mobile App,Model Training,In Progress,67,86,1.4,2,1.5,4,6,57,6,6,4.3,Medium,Stable
EMP034,Marie Sosa,UI/UX,2026-04-21,10:47,22:17,11.5,Client Portal,Database Update,Pending,56,93,3.5,2,2.6,10,1,50,14,12,3.1,High,Declining
EMP034,Marie Sosa,UI/UX,2026-04-22,09:24,20:24,11.0,Mobile App,API Integration,In Progress,66,73,3.0,6,1.8,7,6,66,13,4,3.9,Medium,Stable
EMP034,Marie Sosa,UI/UX,2026-04-23,08:46,18:34,9.8,AI Analytics,Documentation,In Progress,74,83,1.8,2,1.1,4,4,69,11,3,4.4,Medium,Stable
EMP034,Marie Sosa,UI/UX,2026-04-24,08:59,18:05,9.1,HR System,API Integration,Completed,60,76,1.1,5,2.3,4,8,50,8,7,3.4,Medium,Stable
EMP034,Marie Sosa,UI/UX,2026-04-25,09:05,18:35,9.5,IoT Monitoring,Model Training,Completed,55,98,1.5,5,2.9,4,3,55,9,7,3.0,Medium,Declining
EMP034,Marie Sosa,UI/UX,2026-04-27,08:29,18:11,9.7,Mobile App,Testing,Completed,55,92,1.7,1,1.9,10,4,50,6,6,3.1,Medium,Declining
EMP034,Marie Sosa,UI/UX,2026-04-28,08:35,19:53,11.3,Client Portal,Database Update,Pending,71,115,3.3,1,2.4,8,1,65,7,7,4.1,Medium,Stable
EMP034,Marie Sosa,UI/UX,2026-04-29,08:03,19:09,11.1,Client Portal,Documentation,Pending,66,84,3.1,6,1.4,4,1,59,15,6,3.6,Medium,Stable
EMP034,Marie Sosa,UI/UX,2026-04-30,08:31,20:07,11.6,IoT Monitoring,Model Training,In Progress,72,113,3.6,2,0.5,4,3,67,9,4,4.0,Medium,Stable
EMP034,Marie Sosa,UI/UX,2026-05-01,10:59,22:35,11.6,CRM Dashboard,Model Training,In Progress,54,83,3.6,6,2.2,2,8,53,7,4,3.1,High,Declining
EMP034,Marie Sosa,UI/UX,2026-05-02,10:33,19:51,9.3,Client Portal,UI Design,Pending,62,106,1.3,2,2.3,4,4,57,9,5,3.6,Medium,Stable
EMP034,Marie Sosa,UI/UX,2026-05-03,10:36,20:42,10.1,CRM Dashboard,Documentation,Pending,67,83,2.1,1,1.2,3,6,59,7,7,3.8,Medium,Stable
EMP034,Marie Sosa,UI/UX,2026-05-04,08:59,17:59,9.0,CRM Dashboard,Client Support,Pending,62,63,1.0,4,2.1,9,0,60,5,5,3.4,Medium,Stable
EMP034,Marie Sosa,UI/UX,2026-05-05,10:48,20:18,9.5,AI Analytics,API Integration,In Progress,67,77,1.5,6,1.6,8,2,61,7,3,3.5,Medium,Stable
EMP034,Marie Sosa,UI/UX,2026-05-06,10:43,21:01,10.3,AI Analytics,UI Design,In Progress,61,118,2.3,3,1.1,9,6,51,8,6,3.5,Medium,Stable
EMP034,Marie Sosa,UI/UX,2026-05-07,09:20,18:44,9.4,IoT Monitoring,Testing,Completed,66,88,1.4,4,2.0,7,3,60,9,7,3.8,Medium,Stable
EMP034,Marie Sosa,UI/UX,2026-05-08,08:52,19:40,10.8,HR System,Documentation,Pending,54,107,2.8,4,1.0,9,1,44,7,7,3.2,Medium,Declining
EMP034,Marie Sosa,UI/UX,2026-05-09,08:32,20:20,11.8,CRM Dashboard,Testing,In Progress,56,93,3.8,6,2.5,8,7,51,8,3,3.8,High,Declining
EMP034,Marie Sosa,UI/UX,2026-05-11,09:11,19:41,10.5,AI Analytics,Documentation,Pending,53,72,2.5,3,2.9,8,5,47,14,11,3.4,Medium,Declining
EMP034,Marie Sosa,UI/UX,2026-05-12,09:58,20:34,10.6,HR System,Model Training,In Progress,63,118,2.6,3,1.3,6,6,59,6,6,3.5,Medium,Stable
EMP034,Marie Sosa,UI/UX,2026-05-13,10:55,21:49,10.9,IoT Monitoring,Model Training,Completed,70,82,2.9,4,1.2,6,3,61,9,9,4.4,Medium,Stable
EMP034,Marie Sosa,UI/UX,2026-05-14,10:24,22:12,11.8,AI Analytics,Bug Fixing,Pending,57,104,3.8,4,0.6,3,7,56,13,9,3.5,High,Declining
EMP034,Marie Sosa,UI/UX,2026-05-15,08:01,19:37,11.6,CRM Dashboard,Testing,In Progress,66,88,3.6,6,2.3,6,7,62,8,3,4.2,Medium,Stable
EMP034,Marie Sosa,UI/UX,2026-05-16,08:28,18:04,9.6,Mobile App,Bug Fixing,Completed,64,111,1.6,4,1.6,10,7,59,5,5,4.2,Medium,Stable
EMP034,Marie Sosa,UI/UX,2026-05-18,08:42,18:36,9.9,Mobile App,Client Support,Completed,67,117,1.9,5,3.0,1,6,67,10,10,3.6,Medium,Stable
EMP034,Marie Sosa,UI/UX,2026-05-19,08:19,18:37,10.3,AI Analytics,Documentation,Pending,59,105,2.3,6,1.5,2,7,56,15,10,3.3,Medium,Declining
EMP035,Michael Smith,HR,2026-02-19,09:08,16:44,7.6,AI Analytics,Database Update,Pending,62,59,0.0,4,2.2,5,1,57,8,8,3.4,Low,Stable
EMP035,Michael Smith,HR,2026-02-20,10:06,17:24,7.3,CRM Dashboard,API Integration,Pending,60,70,0.0,1,2.4,3,3,59,8,8,3.6,Low,Stable
EMP035,Michael Smith,HR,2026-02-21,08:42,17:30,8.8,HR System,UI Design,In Progress,62,61,0.8,1,0.5,5,8,52,12,5,3.5,Low,Stable
EMP035,Michael Smith,HR,2026-02-22,10:25,17:19,6.9,HR System,API Integration,Pending,58,49,0.0,4,1.3,6,8,56,8,8,3.8,Low,Declining
EMP035,Michael Smith,HR,2026-02-23,08:29,15:05,6.6,AI Analytics,UI Design,In Progress,58,61,0.0,1,1.5,8,6,51,12,12,3.2,Low,Declining
EMP035,Michael Smith,HR,2026-02-24,09:30,17:30,8.0,AI Analytics,Bug Fixing,Pending,62,70,0.0,5,2.9,8,8,55,12,3,3.2,Low,Stable
EMP035,Michael Smith,HR,2026-02-25,08:48,15:42,6.9,IoT Monitoring,UI Design,In Progress,70,64,0.0,2,2.3,2,7,65,9,9,3.8,Low,Stable
EMP035,Michael Smith,HR,2026-02-26,10:15,18:39,8.4,Client Portal,API Integration,Completed,62,61,0.4,1,0.9,1,5,54,5,5,3.2,Low,Stable
EMP035,Michael Smith,HR,2026-02-27,08:09,14:51,6.7,IoT Monitoring,Bug Fixing,In Progress,60,55,0.0,6,1.0,3,1,53,6,5,3.4,Low,Stable
EMP035,Michael Smith,HR,2026-02-28,09:12,15:42,6.5,Client Portal,Client Support,In Progress,62,31,0.0,5,2.1,10,1,61,6,6,4.0,Low,Stable
EMP035,Michael Smith,HR,2026-03-02,10:40,18:52,8.2,HR System,Bug Fixing,Pending,63,53,0.2,5,1.4,1,4,58,11,11,3.3,Low,Stable
EMP035,Michael Smith,HR,2026-03-03,09:53,17:59,8.1,HR System,Database Update,Completed,54,34,0.1,4,1.9,3,0,51,5,5,3.4,Low,Declining
EMP035,Michael Smith,HR,2026-03-04,09:51,18:39,8.8,IoT Monitoring,UI Design,Completed,59,44,0.8,1,1.8,1,3,57,7,7,3.6,Low,Declining
EMP035,Michael Smith,HR,2026-03-05,10:54,19:48,8.9,IoT Monitoring,Database Update,Completed,70,30,0.9,2,1.5,1,4,68,5,5,4.2,Low,Stable
EMP035,Michael Smith,HR,2026-03-06,08:16,16:10,7.9,Client Portal,Bug Fixing,In Progress,60,39,0.0,1,2.9,1,8,54,13,13,3.3,Low,Stable
EMP035,Michael Smith,HR,2026-03-07,08:18,17:06,8.8,IoT Monitoring,Bug Fixing,Completed,66,55,0.8,3,2.4,3,7,63,8,5,3.3,Low,Stable
EMP035,Michael Smith,HR,2026-03-09,10:53,18:47,7.9,Client Portal,Documentation,Pending,71,45,0.0,2,1.2,9,7,71,11,8,4.5,Low,Stable
EMP035,Michael Smith,HR,2026-03-10,10:05,18:29,8.4,CRM Dashboard,Bug Fixing,Pending,60,36,0.4,5,1.5,2,4,57,8,5,3.4,Low,Stable
EMP035,Michael Smith,HR,2026-03-11,08:33,16:03,7.5,HR System,API Integration,Pending,62,51,0.0,1,0.8,5,8,62,8,8,3.4,Low,Stable
EMP035,Michael Smith,HR,2026-03-12,09:32,17:20,7.8,Client Portal,Testing,In Progress,69,65,0.0,2,2.9,4,7,63,6,6,4.1,Low,Stable
EMP035,Michael Smith,HR,2026-03-13,08:49,15:19,6.5,CRM Dashboard,Database Update,In Progress,70,48,0.0,6,2.4,5,5,70,11,6,4.0,Low,Stable
EMP035,Michael Smith,HR,2026-03-14,09:11,17:35,8.4,CRM Dashboard,Documentation,Completed,65,34,0.4,3,2.8,9,6,63,13,8,4.2,Low,Stable
EMP035,Michael Smith,HR,2026-03-16,08:07,15:19,7.2,IoT Monitoring,Testing,Pending,65,55,0.0,4,2.0,8,2,62,12,5,4.0,Low,Stable
EMP035,Michael Smith,HR,2026-03-17,09:30,18:18,8.8,HR System,Testing,Pending,71,39,0.8,4,2.3,1,4,63,10,6,3.7,Low,Stable
EMP035,Michael Smith,HR,2026-03-18,09:29,17:11,7.7,AI Analytics,Model Training,Pending,69,34,0.0,4,2.8,1,5,67,6,6,4.3,Low,Stable
EMP035,Michael Smith,HR,2026-03-19,09:46,17:58,8.2,Client Portal,Client Support,In Progress,67,69,0.2,3,2.5,5,5,59,14,8,3.9,Low,Stable
EMP035,Michael Smith,HR,2026-03-20,10:06,18:24,8.3,IoT Monitoring,Bug Fixing,Pending,63,48,0.3,6,0.9,3,1,59,8,8,3.7,Low,Stable
EMP035,Michael Smith,HR,2026-03-21,08:14,15:38,7.4,IoT Monitoring,Client Support,In Progress,65,61,0.0,4,1.2,1,5,61,5,5,3.9,Low,Stable
EMP035,Michael Smith,HR,2026-03-23,08:04,14:40,6.6,AI Analytics,Bug Fixing,Pending,71,31,0.0,5,2.5,1,6,69,8,8,4.0,Low,Stable
EMP035,Michael Smith,HR,2026-03-24,08:08,15:38,7.5,IoT Monitoring,Client Support,In Progress,61,63,0.0,3,2.3,3,0,54,14,14,3.6,Low,Stable
EMP035,Michael Smith,HR,2026-03-25,08:42,17:00,8.3,IoT Monitoring,Documentation,In Progress,69,39,0.3,5,1.4,8,5,64,15,5,4.1,Low,Stable
EMP035,Michael Smith,HR,2026-03-26,08:26,15:50,7.4,Mobile App,API Integration,Completed,54,49,0.0,4,1.0,7,1,46,13,8,3.2,Low,Declining
EMP035,Michael Smith,HR,2026-03-27,09:27,18:09,8.7,CRM Dashboard,API Integration,Pending,70,68,0.7,6,1.6,10,0,69,14,12,4.2,Low,Stable
EMP035,Michael Smith,HR,2026-03-28,08:00,15:30,7.5,HR System,Bug Fixing,Completed,55,31,0.0,4,1.4,10,3,49,6,6,3.2,Low,Declining
EMP035,Michael Smith,HR,2026-03-30,09:34,16:40,7.1,HR System,API Integration,Pending,65,47,0.0,6,1.4,8,7,57,5,5,3.9,Low,Stable
EMP035,Michael Smith,HR,2026-03-31,09:57,17:51,7.9,Client Portal,Bug Fixing,Pending,71,32,0.0,5,1.5,5,8,70,10,10,3.7,Low,Stable
EMP035,Michael Smith,HR,2026-04-01,08:06,16:18,8.2,Mobile App,Model Training,In Progress,51,47,0.2,6,0.6,8,5,48,6,6,3.5,Low,Declining
EMP035,Michael Smith,HR,2026-04-02,09:32,17:26,7.9,Mobile App,UI Design,Completed,62,49,0.0,2,3.0,3,3,59,12,7,3.8,Low,Stable
EMP035,Michael Smith,HR,2026-04-03,08:57,17:45,8.8,Client Portal,Documentation,In Progress,63,49,0.8,5,2.6,4,4,58,12,6,3.7,Low,Stable
EMP035,Michael Smith,HR,2026-04-04,09:09,15:51,6.7,CRM Dashboard,Bug Fixing,Completed,60,51,0.0,5,1.3,1,3,57,12,4,3.6,Low,Stable
EMP035,Michael Smith,HR,2026-04-06,09:39,16:39,7.0,CRM Dashboard,Testing,Pending,60,58,0.0,2,2.4,1,7,51,8,6,3.5,Low,Stable
EMP035,Michael Smith,HR,2026-04-07,09:19,18:07,8.8,HR System,Database Update,Pending,64,65,0.8,3,1.4,9,1,56,7,7,4.0,Low,Stable
EMP035,Michael Smith,HR,2026-04-08,08:26,16:26,8.0,IoT Monitoring,Testing,Completed,68,69,0.0,2,0.8,4,1,62,15,4,4.0,Low,Stable
EMP035,Michael Smith,HR,2026-04-09,09:28,16:28,7.0,Client Portal,Client Support,Pending,67,58,0.0,3,1.3,1,8,57,7,7,3.8,Low,Stable
EMP035,Michael Smith,HR,2026-04-10,09:17,18:17,9.0,AI Analytics,Testing,Pending,61,66,1.0,3,1.9,2,2,56,10,5,3.8,Medium,Stable
EMP035,Michael Smith,HR,2026-04-11,08:30,15:12,6.7,AI Analytics,UI Design,Pending,66,40,0.0,2,0.9,4,2,59,13,12,3.4,Low,Stable
EMP035,Michael Smith,HR,2026-04-12,09:22,16:34,7.2,Mobile App,Documentation,In Progress,56,30,0.0,1,0.8,1,6,48,13,11,3.0,Low,Declining
EMP035,Michael Smith,HR,2026-04-13,09:33,17:27,7.9,HR System,Database Update,In Progress,61,48,0.0,1,1.7,10,2,53,10,10,3.7,Low,Stable
EMP035,Michael Smith,HR,2026-04-14,08:38,17:38,9.0,Mobile App,Database Update,In Progress,59,47,1.0,1,2.5,8,1,50,8,4,3.8,Medium,Declining
EMP035,Michael Smith,HR,2026-04-15,09:59,16:53,6.9,IoT Monitoring,UI Design,Completed,68,60,0.0,2,1.7,10,6,58,10,10,4.3,Low,Stable
EMP035,Michael Smith,HR,2026-04-16,10:19,18:19,8.0,AI Analytics,Testing,Completed,62,31,0.0,5,2.7,4,0,55,6,6,3.9,Low,Stable
EMP035,Michael Smith,HR,2026-04-17,09:43,16:19,6.6,Client Portal,Model Training,Pending,59,53,0.0,6,2.1,10,8,57,5,5,3.4,Low,Declining
EMP035,Michael Smith,HR,2026-04-18,08:29,16:59,8.5,CRM Dashboard,Bug Fixing,Completed,56,51,0.5,4,2.7,2,8,46,11,11,3.5,Low,Declining
EMP035,Michael Smith,HR,2026-04-20,09:27,18:15,8.8,CRM Dashboard,API Integration,Completed,52,67,0.8,1,1.2,10,3,52,11,8,3.0,Low,Declining
EMP035,Michael Smith,HR,2026-04-21,09:09,16:45,7.6,HR System,Client Support,In Progress,60,69,0.0,4,2.5,1,6,55,12,12,3.6,Low,Stable
EMP035,Michael Smith,HR,2026-04-22,10:31,17:07,6.6,HR System,Bug Fixing,Completed,69,47,0.0,1,0.5,3,6,66,7,5,4.0,Low,Stable
EMP035,Michael Smith,HR,2026-04-23,08:21,16:33,8.2,Client Portal,Bug Fixing,In Progress,69,70,0.2,2,2.9,3,5,62,14,14,3.8,Low,Stable
EMP035,Michael Smith,HR,2026-04-24,08:42,17:18,8.6,HR System,Testing,Completed,54,31,0.6,4,2.5,1,8,49,14,13,3.0,Low,Declining
EMP035,Michael Smith,HR,2026-04-25,10:20,17:02,6.7,CRM Dashboard,Model Training,In Progress,64,39,0.0,2,2.2,9,1,57,9,9,3.5,Low,Stable
EMP035,Michael Smith,HR,2026-04-27,08:22,15:40,7.3,IoT Monitoring,UI Design,Pending,53,59,0.0,3,1.9,4,6,50,5,5,3.2,Low,Declining
EMP035,Michael Smith,HR,2026-04-28,08:39,15:33,6.9,IoT Monitoring,Testing,In Progress,56,46,0.0,5,1.4,10,5,50,12,12,3.5,Low,Declining
EMP035,Michael Smith,HR,2026-04-29,10:10,18:34,8.4,Client Portal,Model Training,Pending,60,65,0.4,3,2.0,2,0,51,12,12,3.2,Low,Stable
EMP035,Michael Smith,HR,2026-04-30,09:58,18:34,8.6,CRM Dashboard,Model Training,Pending,68,63,0.6,1,1.0,8,6,58,8,8,4.3,Low,Stable
EMP035,Michael Smith,HR,2026-05-01,08:52,16:40,7.8,Mobile App,Documentation,Pending,71,48,0.0,3,2.2,8,6,64,8,3,4.4,Low,Stable
EMP035,Michael Smith,HR,2026-05-02,10:36,18:48,8.2,IoT Monitoring,Model Training,Pending,59,65,0.2,5,1.9,10,2,52,7,7,3.4,Low,Declining
EMP035,Michael Smith,HR,2026-05-03,10:42,17:12,6.5,IoT Monitoring,Database Update,Pending,62,45,0.0,2,1.3,4,7,55,14,14,3.3,Low,Stable
EMP035,Michael Smith,HR,2026-05-04,10:12,18:30,8.3,CRM Dashboard,Model Training,Completed,70,54,0.3,5,1.3,1,0,62,8,8,4.3,Low,Stable
EMP035,Michael Smith,HR,2026-05-05,10:36,18:06,7.5,CRM Dashboard,Database Update,Completed,67,31,0.0,5,1.8,3,0,62,12,6,3.9,Low,Stable
EMP035,Michael Smith,HR,2026-05-06,09:51,16:51,7.0,CRM Dashboard,Model Training,Pending,52,39,0.0,3,1.0,6,8,46,7,6,3.3,Low,Declining
EMP035,Michael Smith,HR,2026-05-07,08:19,15:37,7.3,Mobile App,UI Design,Completed,69,58,0.0,1,1.8,3,7,67,6,6,3.5,Low,Stable
EMP035,Michael Smith,HR,2026-05-08,10:36,17:54,7.3,CRM Dashboard,Documentation,Completed,71,48,0.0,2,0.9,7,1,69,12,4,4.5,Low,Stable
EMP035,Michael Smith,HR,2026-05-09,10:10,17:28,7.3,Client Portal,Bug Fixing,Completed,64,42,0.0,1,1.4,5,6,64,8,8,3.3,Low,Stable
EMP035,Michael Smith,HR,2026-05-11,10:35,17:29,6.9,AI Analytics,Database Update,Completed,55,69,0.0,2,2.6,2,3,47,8,5,3.6,Low,Declining
EMP035,Michael Smith,HR,2026-05-12,10:51,17:45,6.9,Mobile App,Model Training,In Progress,51,69,0.0,3,0.9,9,2,41,5,3,2.6,Low,Declining
EMP035,Michael Smith,HR,2026-05-13,09:57,18:51,8.9,CRM Dashboard,Documentation,Completed,55,65,0.9,6,1.3,4,5,45,12,12,3.1,Low,Declining
EMP035,Michael Smith,HR,2026-05-14,09:26,17:56,8.5,Mobile App,Client Support,Completed,52,58,0.5,4,1.2,5,5,51,14,6,2.7,Low,Declining
EMP035,Michael Smith,HR,2026-05-15,10:11,18:29,8.3,AI Analytics,API Integration,Pending,51,39,0.3,2,0.8,9,4,51,5,5,3.0,Low,Declining
EMP035,Michael Smith,HR,2026-05-16,08:17,15:17,7.0,Client Portal,Bug Fixing,In Progress,68,66,0.0,6,2.1,3,3,65,12,4,4.2,Low,Stable
EMP035,Michael Smith,HR,2026-05-18,08:12,15:06,6.9,HR System,Model Training,In Progress,56,55,0.0,3,2.9,9,0,46,10,10,2.9,Low,Declining
EMP035,Michael Smith,HR,2026-05-19,09:06,16:12,7.1,HR System,Documentation,In Progress,67,65,0.0,2,2.1,7,7,60,13,6,3.8,Low,Stable
EMP036,John Thompson,Support,2026-02-19,09:43,20:49,11.1,Mobile App,Model Training,Completed,80,81,3.1,4,0.8,4,4,80,13,9,4.6,Medium,Improving
EMP036,John Thompson,Support,2026-02-20,09:58,20:46,10.8,HR System,Model Training,Completed,71,89,2.8,2,2.6,8,2,64,11,5,3.6,Medium,Stable
EMP036,John Thompson,Support,2026-02-21,08:26,20:02,11.6,IoT Monitoring,UI Design,Completed,69,61,3.6,1,2.9,6,5,60,5,5,4.0,Medium,Stable
EMP036,John Thompson,Support,2026-02-23,09:52,19:52,10.0,Mobile App,Testing,Completed,70,69,2.0,1,1.8,5,4,68,9,9,3.5,Medium,Stable
EMP036,John Thompson,Support,2026-02-24,10:44,21:56,11.2,CRM Dashboard,Bug Fixing,In Progress,73,114,3.2,2,2.1,3,0,65,12,5,4.0,Medium,Stable
EMP036,John Thompson,Support,2026-02-25,08:53,20:29,11.6,HR System,Database Update,Pending,68,120,3.6,3,1.4,1,8,59,15,15,3.5,Medium,Stable
EMP036,John Thompson,Support,2026-02-26,10:07,19:37,9.5,AI Analytics,Model Training,Pending,67,103,1.5,4,1.7,6,3,58,9,5,3.5,Medium,Stable
EMP036,John Thompson,Support,2026-02-27,10:48,21:00,10.2,HR System,Model Training,Pending,74,72,2.2,5,2.3,7,3,65,11,11,3.8,Medium,Stable
EMP036,John Thompson,Support,2026-02-28,08:44,17:50,9.1,HR System,UI Design,Completed,63,80,1.1,1,0.8,10,1,61,12,8,3.6,Medium,Stable
EMP036,John Thompson,Support,2026-03-02,08:08,19:50,11.7,HR System,API Integration,In Progress,74,80,3.7,1,2.2,1,4,68,15,12,4.6,Medium,Stable
EMP036,John Thompson,Support,2026-03-03,10:01,19:13,9.2,HR System,Testing,In Progress,66,74,1.2,3,2.0,3,8,57,13,10,4.1,Medium,Stable
EMP036,John Thompson,Support,2026-03-04,09:44,21:38,11.9,Client Portal,Model Training,Completed,73,71,3.9,3,1.0,3,1,63,9,9,3.9,Medium,Stable
EMP036,John Thompson,Support,2026-03-05,08:39,18:33,9.9,HR System,Bug Fixing,Completed,69,117,1.9,4,2.8,6,2,66,5,5,4.0,Medium,Stable
EMP036,John Thompson,Support,2026-03-06,08:38,18:14,9.6,IoT Monitoring,Model Training,Completed,73,73,1.6,4,2.3,5,6,65,13,8,4.4,Medium,Stable
EMP036,John Thompson,Support,2026-03-07,10:45,22:27,11.7,AI Analytics,Testing,Pending,75,101,3.7,4,1.7,7,5,71,8,8,4.2,Medium,Stable
EMP036,John Thompson,Support,2026-03-09,09:27,19:15,9.8,Mobile App,UI Design,In Progress,70,89,1.8,2,1.0,9,2,67,5,5,3.9,Medium,Stable
EMP036,John Thompson,Support,2026-03-10,10:45,21:09,10.4,CRM Dashboard,API Integration,Pending,67,61,2.4,6,1.7,1,6,59,14,6,3.7,Medium,Stable
EMP036,John Thompson,Support,2026-03-11,08:18,20:06,11.8,IoT Monitoring,Testing,In Progress,68,119,3.8,5,1.2,10,2,64,13,9,3.7,Medium,Stable
EMP036,John Thompson,Support,2026-03-12,10:44,20:20,9.6,Mobile App,Bug Fixing,Completed,78,106,1.6,4,0.6,5,3,72,9,4,4.5,Medium,Stable
EMP036,John Thompson,Support,2026-03-13,08:54,18:12,9.3,CRM Dashboard,Database Update,Completed,68,82,1.3,1,2.9,4,8,59,14,12,3.9,Medium,Stable
EMP036,John Thompson,Support,2026-03-14,10:58,22:46,11.8,CRM Dashboard,Model Training,Pending,64,104,3.8,2,0.9,2,7,57,11,11,3.7,High,Stable
EMP036,John Thompson,Support,2026-03-16,10:17,20:23,10.1,CRM Dashboard,Bug Fixing,In Progress,74,89,2.1,4,0.8,3,2,73,12,12,4.6,Medium,Stable
EMP036,John Thompson,Support,2026-03-17,09:58,21:34,11.6,CRM Dashboard,API Integration,Completed,64,71,3.6,2,3.0,10,7,58,8,7,3.7,High,Stable
EMP036,John Thompson,Support,2026-03-18,10:52,20:10,9.3,IoT Monitoring,Client Support,Pending,77,87,1.3,2,2.8,3,5,73,14,12,3.9,Medium,Stable
EMP036,John Thompson,Support,2026-03-19,08:22,18:04,9.7,IoT Monitoring,Testing,In Progress,77,117,1.7,2,1.7,3,3,76,7,7,4.7,Medium,Stable
EMP036,John Thompson,Support,2026-03-20,09:28,20:04,10.6,Client Portal,Model Training,In Progress,78,67,2.6,5,1.8,5,7,75,12,9,4.3,Medium,Stable
EMP036,John Thompson,Support,2026-03-21,09:27,18:33,9.1,Mobile App,UI Design,In Progress,63,76,1.1,4,1.5,10,4,53,13,13,3.6,Medium,Stable
EMP036,John Thompson,Support,2026-03-23,10:33,22:09,11.6,HR System,Model Training,In Progress,81,88,3.6,1,2.8,5,4,81,6,6,4.3,Medium,Improving
EMP036,John Thompson,Support,2026-03-24,09:10,18:34,9.4,CRM Dashboard,Database Update,Pending,65,73,1.4,1,0.6,8,2,65,14,7,4.2,Medium,Stable
EMP036,John Thompson,Support,2026-03-25,08:51,18:45,9.9,AI Analytics,Model Training,Pending,71,79,1.9,2,2.0,1,0,67,9,9,3.6,Medium,Stable
EMP036,John Thompson,Support,2026-03-26,10:15,21:45,11.5,CRM Dashboard,API Integration,Pending,78,97,3.5,6,1.4,7,0,68,9,7,4.1,Medium,Stable
EMP036,John Thompson,Support,2026-03-27,10:57,20:57,10.0,HR System,Model Training,Completed,67,107,2.0,3,1.1,7,1,59,8,8,3.9,Medium,Stable
EMP036,John Thompson,Support,2026-03-28,09:44,18:56,9.2,IoT Monitoring,Documentation,Completed,81,118,1.2,5,2.4,5,4,71,14,11,4.7,Medium,Improving
EMP036,John Thompson,Support,2026-03-29,09:06,20:00,10.9,Client Portal,Testing,In Progress,74,65,2.9,3,2.4,2,1,73,12,6,4.0,Medium,Stable
EMP036,John Thompson,Support,2026-03-30,08:45,18:45,10.0,Client Portal,Documentation,In Progress,65,79,2.0,5,0.9,9,8,55,7,7,3.8,Medium,Stable
EMP036,John Thompson,Support,2026-03-31,09:04,20:52,11.8,IoT Monitoring,Client Support,In Progress,81,103,3.8,3,1.3,7,1,81,15,4,4.8,Medium,Improving
EMP036,John Thompson,Support,2026-04-01,10:29,22:11,11.7,IoT Monitoring,API Integration,Completed,67,104,3.7,6,1.4,10,4,66,8,8,3.6,Medium,Stable
EMP036,John Thompson,Support,2026-04-02,09:17,20:53,11.6,AI Analytics,Testing,In Progress,70,86,3.6,3,1.6,4,4,70,7,4,3.7,Medium,Stable
EMP036,John Thompson,Support,2026-04-03,08:38,19:44,11.1,AI Analytics,Client Support,Completed,66,116,3.1,1,1.7,5,3,62,11,11,3.8,Medium,Stable
EMP036,John Thompson,Support,2026-04-04,08:08,19:56,11.8,HR System,UI Design,Completed,72,60,3.8,5,1.4,7,4,64,7,4,4.6,Medium,Stable
EMP036,John Thompson,Support,2026-04-05,10:35,21:59,11.4,HR System,Documentation,In Progress,75,92,3.4,3,1.0,5,8,71,12,12,3.8,Medium,Stable
EMP036,John Thompson,Support,2026-04-06,08:00,17:36,9.6,AI Analytics,Testing,Pending,65,99,1.6,6,1.8,8,4,57,13,13,3.8,Medium,Stable
EMP036,John Thompson,Support,2026-04-07,08:07,17:49,9.7,Mobile App,Client Support,Pending,79,79,1.7,5,2.9,5,0,73,6,6,4.5,Medium,Stable
EMP036,John Thompson,Support,2026-04-08,09:41,21:05,11.4,Client Portal,Model Training,In Progress,77,110,3.4,6,2.6,1,2,69,8,4,4.6,Medium,Stable
EMP036,John Thompson,Support,2026-04-09,09:27,20:39,11.2,HR System,API Integration,Pending,62,118,3.2,2,2.6,2,0,56,11,7,4.0,High,Stable
EMP036,John Thompson,Support,2026-04-10,08:12,17:30,9.3,AI Analytics,Model Training,In Progress,80,82,1.3,5,2.7,1,0,74,15,6,4.8,Medium,Improving
EMP036,John Thompson,Support,2026-04-11,08:44,20:38,11.9,IoT Monitoring,Model Training,Completed,68,89,3.9,6,1.4,2,2,66,8,3,3.6,Medium,Stable
EMP036,John Thompson,Support,2026-04-13,08:50,20:20,11.5,HR System,UI Design,Completed,68,87,3.5,1,1.6,1,0,66,6,5,3.6,Medium,Stable
EMP036,John Thompson,Support,2026-04-14,08:08,19:50,11.7,Client Portal,Bug Fixing,In Progress,79,98,3.7,5,3.0,10,3,78,14,12,4.1,Medium,Stable
EMP036,John Thompson,Support,2026-04-15,08:37,19:07,10.5,Mobile App,API Integration,Completed,60,84,2.5,3,0.7,6,6,57,10,5,3.5,Medium,Stable
EMP036,John Thompson,Support,2026-04-16,09:17,20:11,10.9,Client Portal,UI Design,Completed,78,91,2.9,2,1.1,4,5,72,10,7,4.7,Medium,Stable
EMP036,John Thompson,Support,2026-04-17,08:22,17:28,9.1,HR System,Client Support,Pending,61,89,1.1,1,1.0,8,1,53,7,7,3.4,Medium,Stable
EMP036,John Thompson,Support,2026-04-18,10:37,21:07,10.5,IoT Monitoring,Bug Fixing,Pending,65,102,2.5,5,1.4,3,0,62,5,5,3.4,Medium,Stable
EMP036,John Thompson,Support,2026-04-20,08:51,19:09,10.3,CRM Dashboard,Documentation,In Progress,75,78,2.3,6,1.4,7,7,71,12,9,4.6,Medium,Stable
EMP036,John Thompson,Support,2026-04-21,10:01,20:01,10.0,Mobile App,Model Training,Completed,79,79,2.0,3,0.5,7,0,75,12,9,4.1,Medium,Stable
EMP036,John Thompson,Support,2026-04-22,08:43,20:31,11.8,IoT Monitoring,API Integration,Pending,60,99,3.8,6,2.2,4,1,60,6,6,3.9,High,Stable
EMP036,John Thompson,Support,2026-04-23,08:44,20:32,11.8,IoT Monitoring,Documentation,Completed,79,67,3.8,5,1.1,8,0,76,9,7,4.6,Medium,Stable
EMP036,John Thompson,Support,2026-04-24,09:41,19:41,10.0,Client Portal,UI Design,Pending,77,91,2.0,5,2.3,6,2,68,6,3,4.7,Medium,Stable
EMP036,John Thompson,Support,2026-04-25,10:58,22:52,11.9,Mobile App,API Integration,In Progress,76,115,3.9,6,0.9,10,3,72,15,8,4.4,Medium,Stable
EMP036,John Thompson,Support,2026-04-26,08:24,17:54,9.5,AI Analytics,UI Design,Pending,66,110,1.5,1,1.4,1,6,57,12,8,3.6,Medium,Stable
EMP036,John Thompson,Support,2026-04-27,08:32,18:20,9.8,Client Portal,Database Update,In Progress,68,119,1.8,6,2.0,10,0,58,13,5,3.9,Medium,Stable
EMP036,John Thompson,Support,2026-04-28,09:37,19:13,9.6,AI Analytics,Client Support,Completed,68,76,1.6,4,2.8,4,8,66,9,3,4.2,Medium,Stable
EMP036,John Thompson,Support,2026-04-29,10:24,21:06,10.7,HR System,UI Design,In Progress,61,120,2.7,5,2.0,5,4,61,6,6,3.3,Medium,Stable
EMP036,John Thompson,Support,2026-04-30,10:06,20:48,10.7,Client Portal,Client Support,Completed,73,118,2.7,5,1.5,4,7,67,9,7,4.3,Medium,Stable
EMP036,John Thompson,Support,2026-05-01,09:29,20:11,10.7,Client Portal,Database Update,In Progress,64,119,2.7,4,2.0,1,1,62,11,9,3.5,Medium,Stable
EMP036,John Thompson,Support,2026-05-02,09:53,21:41,11.8,Client Portal,Database Update,Pending,74,88,3.8,3,3.0,10,2,70,5,5,4.4,Medium,Stable
EMP036,John Thompson,Support,2026-05-03,10:50,20:44,9.9,CRM Dashboard,UI Design,Pending,67,61,1.9,3,2.0,8,7,67,7,7,3.4,Medium,Stable
EMP036,John Thompson,Support,2026-05-04,08:39,18:33,9.9,AI Analytics,UI Design,In Progress,74,69,1.9,1,1.4,7,5,64,13,11,3.9,Medium,Stable
EMP036,John Thompson,Support,2026-05-05,08:28,19:46,11.3,Mobile App,Model Training,Completed,77,70,3.3,6,0.9,8,0,71,12,7,3.9,Medium,Stable
EMP036,John Thompson,Support,2026-05-06,10:35,22:05,11.5,HR System,Testing,Completed,70,76,3.5,2,2.0,7,0,69,15,3,3.7,Medium,Stable
EMP036,John Thompson,Support,2026-05-07,09:14,19:20,10.1,Mobile App,Documentation,Completed,60,73,2.1,1,2.9,9,0,59,14,14,3.5,Medium,Stable
EMP036,John Thompson,Support,2026-05-08,09:17,19:41,10.4,HR System,Testing,In Progress,73,86,2.4,2,2.6,1,4,73,6,4,4.5,Medium,Stable
EMP036,John Thompson,Support,2026-05-09,10:30,21:54,11.4,AI Analytics,Testing,In Progress,74,84,3.4,3,2.7,8,4,71,10,8,4.6,Medium,Stable
EMP036,John Thompson,Support,2026-05-11,10:33,19:51,9.3,AI Analytics,Database Update,In Progress,74,70,1.3,3,2.2,8,1,72,6,6,3.8,Medium,Stable
EMP036,John Thompson,Support,2026-05-12,08:11,18:47,10.6,HR System,Model Training,Completed,64,75,2.6,5,1.8,3,6,62,10,3,3.7,Medium,Stable
EMP036,John Thompson,Support,2026-05-13,08:45,19:15,10.5,HR System,Bug Fixing,Completed,72,109,2.5,1,1.9,1,3,63,12,6,4.5,Medium,Stable
EMP036,John Thompson,Support,2026-05-14,10:13,22:07,11.9,CRM Dashboard,Testing,Completed,69,78,3.9,5,2.3,6,2,63,13,12,4.0,Medium,Stable
EMP036,John Thompson,Support,2026-05-15,09:30,21:24,11.9,Client Portal,Testing,Completed,75,89,3.9,2,1.1,3,3,69,15,12,4.0,Medium,Stable
EMP036,John Thompson,Support,2026-05-16,08:08,18:32,10.4,Client Portal,Client Support,Pending,72,112,2.4,6,1.6,6,1,71,9,9,4.2,Medium,Stable
EMP036,John Thompson,Support,2026-05-18,10:50,22:08,11.3,CRM Dashboard,Bug Fixing,Completed,72,91,3.3,4,2.6,9,2,62,12,5,4.5,Medium,Stable
EMP036,John Thompson,Support,2026-05-19,08:57,20:27,11.5,IoT Monitoring,Documentation,In Progress,75,98,3.5,1,2.9,1,0,70,11,9,4.7,Medium,Stable
EMP037,Jordan Perkins,Testing,2026-02-19,09:43,18:01,8.3,Client Portal,UI Design,Pending,86,17,0.3,3,1.9,3,7,79,13,5,5.0,Low,Improving
EMP037,Jordan Perkins,Testing,2026-02-20,09:10,16:58,7.8,AI Analytics,Documentation,Completed,93,22,0.0,2,2.3,8,4,90,8,6,5.0,Low,Improving
EMP037,Jordan Perkins,Testing,2026-02-21,10:48,18:30,7.7,Mobile App,Testing,Pending,97,19,0.0,1,0.8,8,2,95,8,8,5.0,Low,Improving
EMP037,Jordan Perkins,Testing,2026-02-23,10:05,17:47,7.7,CRM Dashboard,Database Update,In Progress,91,13,0.0,1,2.1,1,7,87,12,10,5.0,Low,Improving
EMP037,Jordan Perkins,Testing,2026-02-24,09:54,17:54,8.0,Client Portal,Client Support,Completed,87,28,0.0,1,2.1,4,8,82,11,9,4.4,Low,Improving
EMP037,Jordan Perkins,Testing,2026-02-25,09:21,17:39,8.3,CRM Dashboard,API Integration,Completed,83,39,0.3,5,1.7,7,0,74,14,13,5.0,Low,Improving
EMP037,Jordan Perkins,Testing,2026-02-26,09:01,17:13,8.2,AI Analytics,Bug Fixing,Completed,97,33,0.2,5,0.5,2,6,90,15,14,5.0,Low,Improving
EMP037,Jordan Perkins,Testing,2026-02-27,09:41,17:29,7.8,Mobile App,Testing,In Progress,92,29,0.0,5,2.8,7,5,88,15,8,5.0,Low,Improving
EMP037,Jordan Perkins,Testing,2026-02-28,09:36,18:36,9.0,CRM Dashboard,Documentation,In Progress,87,14,1.0,3,2.7,1,2,86,15,7,4.4,Medium,Improving
EMP037,Jordan Perkins,Testing,2026-03-02,08:36,17:24,8.8,HR System,UI Design,Completed,88,39,0.8,6,0.9,7,4,80,8,8,5.0,Low,Improving
EMP037,Jordan Perkins,Testing,2026-03-03,10:11,19:35,9.4,Mobile App,Bug Fixing,Completed,84,22,1.4,2,1.3,9,6,77,7,7,4.8,Medium,Improving
EMP037,Jordan Perkins,Testing,2026-03-04,08:18,17:24,9.1,HR System,Documentation,Pending,89,35,1.1,4,2.5,10,2,85,5,4,5.0,Medium,Improving
EMP037,Jordan Perkins,Testing,2026-03-05,08:04,16:40,8.6,AI Analytics,API Integration,Pending,82,38,0.6,3,1.3,10,7,76,10,10,5.0,Low,Improving
EMP037,Jordan Perkins,Testing,2026-03-06,09:33,17:21,7.8,CRM Dashboard,Client Support,Completed,96,34,0.0,2,2.6,9,2,90,11,4,5.0,Low,Improving
EMP037,Jordan Perkins,Testing,2026-03-07,08:58,16:40,7.7,CRM Dashboard,API Integration,Pending,99,31,0.0,6,0.6,6,6,98,11,8,5.0,Low,Improving
EMP037,Jordan Perkins,Testing,2026-03-09,08:48,16:42,7.9,Mobile App,Database Update,In Progress,96,11,0.0,5,2.1,1,2,86,7,7,5.0,Low,Improving
EMP037,Jordan Perkins,Testing,2026-03-10,09:01,18:25,9.4,HR System,Model Training,Completed,99,31,1.4,1,2.0,6,6,97,8,4,5.0,Medium,Improving
EMP037,Jordan Perkins,Testing,2026-03-11,08:45,16:21,7.6,IoT Monitoring,API Integration,Pending,86,11,0.0,5,2.8,3,1,77,7,7,4.8,Low,Improving
EMP037,Jordan Perkins,Testing,2026-03-12,09:33,17:21,7.8,CRM Dashboard,Model Training,Pending,97,13,0.0,3,2.7,6,1,96,9,8,5.0,Low,Improving
EMP037,Jordan Perkins,Testing,2026-03-13,10:27,19:15,8.8,IoT Monitoring,Database Update,Completed,97,13,0.8,2,0.8,1,1,94,8,8,5.0,Low,Improving
EMP037,Jordan Perkins,Testing,2026-03-14,10:54,18:36,7.7,HR System,API Integration,Pending,97,23,0.0,5,0.6,2,6,95,9,9,5.0,Low,Improving
EMP037,Jordan Perkins,Testing,2026-03-16,09:34,19:04,9.5,AI Analytics,Bug Fixing,Pending,88,16,1.5,4,0.9,10,7,80,5,5,5.0,Medium,Improving
EMP037,Jordan Perkins,Testing,2026-03-17,10:28,18:10,7.7,Mobile App,Database Update,Completed,94,17,0.0,1,2.5,1,1,84,11,9,5.0,Low,Improving
EMP037,Jordan Perkins,Testing,2026-03-18,09:18,17:36,8.3,CRM Dashboard,Model Training,Completed,93,28,0.3,5,1.0,9,4,90,14,10,5.0,Low,Improving
EMP037,Jordan Perkins,Testing,2026-03-19,10:07,18:37,8.5,Client Portal,Client Support,Completed,89,37,0.5,3,2.6,3,1,81,10,4,4.5,Low,Improving
EMP037,Jordan Perkins,Testing,2026-03-20,08:30,16:36,8.1,CRM Dashboard,Bug Fixing,In Progress,100,12,0.1,5,2.1,7,1,96,10,10,5.0,Low,Improving
EMP037,Jordan Perkins,Testing,2026-03-21,09:57,17:45,7.8,HR System,Model Training,In Progress,97,29,0.0,6,1.7,4,3,97,10,9,5.0,Low,Improving
EMP037,Jordan Perkins,Testing,2026-03-23,10:21,18:39,8.3,Mobile App,UI Design,Completed,83,36,0.3,5,1.1,10,7,78,15,11,4.2,Low,Improving
EMP037,Jordan Perkins,Testing,2026-03-24,08:27,17:15,8.8,CRM Dashboard,UI Design,In Progress,100,37,0.8,4,2.1,8,0,98,11,6,5.0,Low,Improving
EMP037,Jordan Perkins,Testing,2026-03-25,08:58,17:10,8.2,Mobile App,Database Update,Pending,84,32,0.2,6,0.9,8,5,81,9,9,4.3,Low,Improving
EMP037,Jordan Perkins,Testing,2026-03-26,10:18,19:24,9.1,IoT Monitoring,Client Support,In Progress,93,21,1.1,3,2.0,6,4,84,10,8,5.0,Medium,Improving
EMP037,Jordan Perkins,Testing,2026-03-27,09:39,18:09,8.5,IoT Monitoring,Client Support,Pending,91,14,0.5,2,1.8,10,4,86,5,5,4.9,Low,Improving
EMP037,Jordan Perkins,Testing,2026-03-28,10:10,19:10,9.0,Mobile App,Bug Fixing,Completed,88,33,1.0,6,1.2,7,2,86,11,11,5.0,Medium,Improving
EMP037,Jordan Perkins,Testing,2026-03-30,08:22,17:28,9.1,IoT Monitoring,API Integration,Pending,94,12,1.1,3,1.9,2,0,91,9,9,5.0,Medium,Improving
EMP037,Jordan Perkins,Testing,2026-03-31,10:35,18:35,8.0,Client Portal,Database Update,In Progress,91,26,0.0,2,0.7,6,4,87,11,5,4.8,Low,Improving
EMP037,Jordan Perkins,Testing,2026-04-01,10:28,18:10,7.7,Client Portal,Bug Fixing,Pending,90,17,0.0,1,2.9,1,0,83,7,7,4.7,Low,Improving
EMP037,Jordan Perkins,Testing,2026-04-02,08:23,16:53,8.5,Client Portal,Documentation,Pending,81,21,0.5,3,1.6,6,0,78,12,12,4.7,Low,Improving
EMP037,Jordan Perkins,Testing,2026-04-03,09:36,17:42,8.1,Mobile App,UI Design,Pending,91,11,0.1,3,1.5,6,1,87,14,12,4.7,Low,Improving
EMP037,Jordan Perkins,Testing,2026-04-04,09:58,18:04,8.1,Mobile App,Database Update,Completed,96,19,0.1,5,0.5,1,8,92,12,8,4.8,Low,Improving
EMP037,Jordan Perkins,Testing,2026-04-06,08:26,17:38,9.2,HR System,UI Design,Pending,81,19,1.2,2,1.6,7,5,74,13,7,4.8,Medium,Improving
EMP037,Jordan Perkins,Testing,2026-04-07,09:09,17:27,8.3,Client Portal,API Integration,Pending,85,15,0.3,4,1.7,3,3,81,15,14,4.6,Low,Improving
EMP037,Jordan Perkins,Testing,2026-04-08,10:21,19:27,9.1,HR System,Model Training,In Progress,100,24,1.1,2,2.6,9,2,93,15,8,5.0,Medium,Improving
EMP037,Jordan Perkins,Testing,2026-04-09,10:25,19:49,9.4,IoT Monitoring,Bug Fixing,Completed,84,35,1.4,3,1.7,1,3,81,9,9,5.0,Medium,Improving
EMP037,Jordan Perkins,Testing,2026-04-10,09:09,16:45,7.6,HR System,Client Support,Completed,85,28,0.0,6,2.3,5,5,83,7,4,4.6,Low,Improving
EMP037,Jordan Perkins,Testing,2026-04-11,10:19,18:19,8.0,CRM Dashboard,Bug Fixing,In Progress,90,34,0.0,2,2.9,6,7,90,14,12,5.0,Low,Improving
EMP037,Jordan Perkins,Testing,2026-04-12,08:15,17:15,9.0,CRM Dashboard,UI Design,In Progress,83,16,1.0,4,1.1,1,1,77,13,13,4.3,Medium,Improving
EMP037,Jordan Perkins,Testing,2026-04-13,08:58,17:04,8.1,CRM Dashboard,Client Support,In Progress,83,22,0.1,4,0.6,9,8,73,13,13,5.0,Low,Improving
EMP037,Jordan Perkins,Testing,2026-04-14,10:45,18:39,7.9,CRM Dashboard,Database Update,Completed,99,20,0.0,2,1.0,1,4,97,13,3,5.0,Low,Improving
EMP037,Jordan Perkins,Testing,2026-04-15,10:45,19:09,8.4,AI Analytics,Bug Fixing,In Progress,98,12,0.4,1,2.4,4,8,93,14,6,5.0,Low,Improving
EMP037,Jordan Perkins,Testing,2026-04-16,10:04,18:46,8.7,CRM Dashboard,Bug Fixing,In Progress,93,10,0.7,2,2.2,9,2,86,13,3,4.9,Low,Improving
EMP037,Jordan Perkins,Testing,2026-04-17,09:34,18:16,8.7,CRM Dashboard,Testing,In Progress,89,35,0.7,2,0.6,8,7,89,12,12,5.0,Low,Improving
EMP037,Jordan Perkins,Testing,2026-04-18,09:29,17:47,8.3,Client Portal,API Integration,Pending,84,10,0.3,2,0.7,9,6,82,14,3,4.9,Low,Improving
EMP037,Jordan Perkins,Testing,2026-04-20,08:41,18:11,9.5,IoT Monitoring,Bug Fixing,Completed,93,13,1.5,2,2.6,1,6,88,6,6,4.9,Medium,Improving
EMP037,Jordan Perkins,Testing,2026-04-21,09:19,17:49,8.5,CRM Dashboard,Documentation,Completed,97,34,0.5,5,2.6,7,8,93,15,13,5.0,Low,Improving
EMP037,Jordan Perkins,Testing,2026-04-22,08:41,16:17,7.6,Mobile App,Testing,In Progress,89,13,0.0,5,1.6,10,2,84,6,6,5.0,Low,Improving
EMP037,Jordan Perkins,Testing,2026-04-23,10:10,19:34,9.4,HR System,UI Design,Completed,81,15,1.4,5,1.6,4,4,76,7,7,4.3,Medium,Improving
EMP037,Jordan Perkins,Testing,2026-04-24,09:52,18:04,8.2,Client Portal,API Integration,Completed,87,33,0.2,2,2.6,5,0,77,10,7,5.0,Low,Improving
EMP037,Jordan Perkins,Testing,2026-04-25,09:16,17:28,8.2,IoT Monitoring,API Integration,Completed,86,36,0.2,4,2.2,9,0,86,14,13,4.4,Low,Improving
EMP037,Jordan Perkins,Testing,2026-04-27,08:13,16:13,8.0,CRM Dashboard,API Integration,Pending,91,33,0.0,2,1.6,8,6,87,11,11,4.7,Low,Improving
EMP037,Jordan Perkins,Testing,2026-04-28,09:36,17:48,8.2,CRM Dashboard,Model Training,Completed,87,37,0.2,3,1.2,8,0,84,8,4,5.0,Low,Improving
EMP037,Jordan Perkins,Testing,2026-04-29,08:51,17:51,9.0,Client Portal,Documentation,Completed,93,10,1.0,3,1.3,7,8,83,6,6,4.7,Medium,Improving
EMP037,Jordan Perkins,Testing,2026-04-30,09:43,17:43,8.0,Mobile App,UI Design,Pending,87,34,0.0,3,1.6,2,6,84,13,11,4.9,Low,Improving
EMP037,Jordan Perkins,Testing,2026-05-01,09:34,17:46,8.2,IoT Monitoring,UI Design,Completed,89,34,0.2,4,2.3,4,8,88,6,6,5.0,Low,Improving
EMP037,Jordan Perkins,Testing,2026-05-02,10:29,18:29,8.0,Client Portal,Documentation,In Progress,81,25,0.0,1,0.9,5,4,74,13,4,4.4,Low,Improving
EMP037,Jordan Perkins,Testing,2026-05-04,09:11,17:35,8.4,AI Analytics,Model Training,Completed,99,39,0.4,1,1.0,2,5,91,6,6,5.0,Low,Improving
EMP037,Jordan Perkins,Testing,2026-05-05,09:29,18:59,9.5,AI Analytics,Database Update,Completed,94,34,1.5,3,1.1,3,2,87,9,5,4.9,Medium,Improving
EMP037,Jordan Perkins,Testing,2026-05-06,08:35,17:11,8.6,HR System,UI Design,Completed,100,29,0.6,4,1.4,9,0,99,10,5,5.0,Low,Improving
EMP037,Jordan Perkins,Testing,2026-05-07,09:20,17:44,8.4,CRM Dashboard,Documentation,Completed,97,33,0.4,3,3.0,2,5,89,12,12,5.0,Low,Improving
EMP037,Jordan Perkins,Testing,2026-05-08,10:23,18:11,7.8,CRM Dashboard,UI Design,Pending,97,27,0.0,5,1.2,2,8,88,8,8,5.0,Low,Improving
EMP037,Jordan Perkins,Testing,2026-05-09,10:35,19:53,9.3,HR System,Bug Fixing,Completed,81,17,1.3,4,1.4,8,1,77,12,6,4.7,Medium,Improving
EMP037,Jordan Perkins,Testing,2026-05-11,09:18,18:18,9.0,IoT Monitoring,Model Training,Pending,89,36,1.0,1,2.5,7,3,86,5,5,4.5,Medium,Improving
EMP037,Jordan Perkins,Testing,2026-05-12,09:11,18:17,9.1,Mobile App,UI Design,In Progress,96,21,1.1,2,1.7,3,1,93,10,10,5.0,Medium,Improving
EMP037,Jordan Perkins,Testing,2026-05-13,08:37,16:19,7.7,CRM Dashboard,UI Design,Completed,89,16,0.0,6,1.6,6,1,87,13,10,5.0,Low,Improving
EMP037,Jordan Perkins,Testing,2026-05-14,08:28,17:34,9.1,Client Portal,Testing,In Progress,85,30,1.1,6,0.7,3,4,82,5,5,4.6,Medium,Improving
EMP037,Jordan Perkins,Testing,2026-05-15,10:09,18:03,7.9,IoT Monitoring,Model Training,In Progress,94,33,0.0,2,1.9,10,7,91,13,9,4.8,Low,Improving
EMP037,Jordan Perkins,Testing,2026-05-16,09:31,17:43,8.2,CRM Dashboard,Model Training,Pending,86,21,0.2,5,2.2,7,3,85,14,6,5.0,Low,Improving
EMP037,Jordan Perkins,Testing,2026-05-17,08:20,17:50,9.5,HR System,Client Support,In Progress,86,20,1.5,1,0.8,1,7,76,12,10,5.0,Medium,Improving
EMP037,Jordan Perkins,Testing,2026-05-18,08:58,17:58,9.0,Mobile App,Client Support,In Progress,97,37,1.0,5,2.5,1,5,92,7,7,5.0,Medium,Improving
EMP037,Jordan Perkins,Testing,2026-05-19,10:39,18:33,7.9,Mobile App,Database Update,Pending,97,16,0.0,4,2.1,8,6,97,14,6,5.0,Low,Improving
EMP038,Ryan Walker,Development,2026-02-19,08:45,16:51,8.1,Mobile App,Bug Fixing,Pending,74,48,0.1,5,1.6,5,8,71,7,3,4.1,Low,Stable
EMP038,Ryan Walker,Development,2026-02-20,08:18,16:00,7.7,Client Portal,Documentation,In Progress,61,38,0.0,5,2.5,4,6,51,6,5,3.5,Low,Stable
EMP038,Ryan Walker,Development,2026-02-21,08:58,16:22,7.4,HR System,Model Training,In Progress,61,61,0.0,1,1.1,10,1,55,10,7,3.3,Low,Stable
EMP038,Ryan Walker,Development,2026-02-23,09:12,18:06,8.9,Client Portal,Client Support,Pending,79,50,0.9,4,2.1,8,5,72,12,7,4.1,Low,Stable
EMP038,Ryan Walker,Development,2026-02-24,09:29,16:53,7.4,AI Analytics,Bug Fixing,Completed,76,37,0.0,2,0.7,4,3,69,9,7,4.3,Low,Stable
EMP038,Ryan Walker,Development,2026-02-25,08:17,15:53,7.6,IoT Monitoring,API Integration,Completed,74,48,0.0,4,2.3,4,8,73,11,10,4.4,Low,Stable
EMP038,Ryan Walker,Development,2026-02-26,09:11,16:53,7.7,Client Portal,API Integration,Completed,63,65,0.0,4,0.9,4,6,55,6,6,3.6,Low,Stable
EMP038,Ryan Walker,Development,2026-02-27,09:59,17:11,7.2,Mobile App,Documentation,In Progress,73,51,0.0,2,2.2,4,7,65,15,15,4.0,Low,Stable
EMP038,Ryan Walker,Development,2026-02-28,08:11,15:05,6.9,IoT Monitoring,UI Design,Completed,66,51,0.0,6,2.6,10,3,65,10,10,3.5,Low,Stable
EMP038,Ryan Walker,Development,2026-03-02,10:02,18:02,8.0,Client Portal,UI Design,In Progress,80,68,0.0,6,1.2,10,1,77,5,5,4.1,Low,Improving
EMP038,Ryan Walker,Development,2026-03-03,10:56,18:32,7.6,CRM Dashboard,Documentation,In Progress,75,59,0.0,5,1.0,6,2,74,10,5,4.5,Low,Stable
EMP038,Ryan Walker,Development,2026-03-04,08:52,17:34,8.7,Mobile App,Database Update,Completed,63,35,0.7,4,1.4,4,6,60,10,9,4.0,Low,Stable
EMP038,Ryan Walker,Development,2026-03-05,09:33,17:21,7.8,Client Portal,Database Update,Pending,76,65,0.0,5,0.7,7,1,70,11,9,4.6,Low,Stable
EMP038,Ryan Walker,Development,2026-03-06,10:25,17:31,7.1,CRM Dashboard,Model Training,In Progress,71,51,0.0,5,2.9,5,1,70,7,3,3.9,Low,Stable
EMP038,Ryan Walker,Development,2026-03-07,08:12,15:36,7.4,Mobile App,Client Support,Completed,81,58,0.0,3,2.3,8,3,80,9,9,4.9,Low,Improving
EMP038,Ryan Walker,Development,2026-03-09,10:57,17:45,6.8,Client Portal,UI Design,Pending,71,41,0.0,2,0.5,9,4,62,11,11,4.1,Low,Stable
EMP038,Ryan Walker,Development,2026-03-10,09:00,16:42,7.7,AI Analytics,Bug Fixing,Pending,64,69,0.0,6,0.7,9,6,55,5,5,3.3,Low,Stable
EMP038,Ryan Walker,Development,2026-03-11,08:48,15:36,6.8,Mobile App,Client Support,Completed,79,66,0.0,2,1.6,7,6,71,8,6,4.3,Low,Stable
EMP038,Ryan Walker,Development,2026-03-12,08:12,15:06,6.9,IoT Monitoring,Testing,In Progress,72,41,0.0,3,0.8,7,5,69,6,6,3.9,Low,Stable
EMP038,Ryan Walker,Development,2026-03-13,08:53,17:11,8.3,AI Analytics,Documentation,Pending,62,34,0.3,6,1.4,8,5,58,15,8,3.4,Low,Stable
EMP038,Ryan Walker,Development,2026-03-14,08:57,17:09,8.2,CRM Dashboard,Client Support,In Progress,62,63,0.2,5,0.7,1,8,60,8,6,3.8,Low,Stable
EMP038,Ryan Walker,Development,2026-03-16,10:30,18:54,8.4,IoT Monitoring,Bug Fixing,Completed,72,53,0.4,2,1.4,4,2,69,13,13,3.7,Low,Stable
EMP038,Ryan Walker,Development,2026-03-17,08:43,15:25,6.7,HR System,Database Update,In Progress,64,34,0.0,4,1.0,8,7,59,12,12,3.6,Low,Stable
EMP038,Ryan Walker,Development,2026-03-18,10:00,17:18,7.3,CRM Dashboard,Bug Fixing,Completed,66,39,0.0,6,2.1,6,6,61,13,4,3.7,Low,Stable
EMP038,Ryan Walker,Development,2026-03-19,10:45,17:27,6.7,AI Analytics,Model Training,Completed,69,65,0.0,4,1.6,2,8,61,12,12,3.7,Low,Stable
EMP038,Ryan Walker,Development,2026-03-20,10:10,17:16,7.1,AI Analytics,UI Design,In Progress,67,52,0.0,5,0.5,7,2,66,5,5,3.7,Low,Stable
EMP038,Ryan Walker,Development,2026-03-21,10:46,17:46,7.0,HR System,Database Update,In Progress,75,61,0.0,4,0.6,5,2,71,11,6,3.9,Low,Stable
EMP038,Ryan Walker,Development,2026-03-23,09:11,15:41,6.5,IoT Monitoring,Client Support,Completed,72,52,0.0,4,1.4,2,5,64,5,5,4.0,Low,Stable
EMP038,Ryan Walker,Development,2026-03-24,08:06,15:24,7.3,HR System,Bug Fixing,Completed,71,40,0.0,6,1.7,1,0,68,13,13,4.1,Low,Stable
EMP038,Ryan Walker,Development,2026-03-25,10:10,18:10,8.0,HR System,Model Training,In Progress,76,52,0.0,2,1.1,8,2,71,12,4,4.4,Low,Stable
EMP038,Ryan Walker,Development,2026-03-26,09:22,16:46,7.4,HR System,Database Update,In Progress,74,50,0.0,1,2.2,10,3,64,11,11,3.9,Low,Stable
EMP038,Ryan Walker,Development,2026-03-27,09:23,17:35,8.2,CRM Dashboard,UI Design,Pending,75,47,0.2,3,2.1,9,2,66,9,7,4.7,Low,Stable
EMP038,Ryan Walker,Development,2026-03-28,08:23,17:11,8.8,CRM Dashboard,API Integration,Pending,71,66,0.8,2,0.6,9,2,67,5,5,3.8,Low,Stable
EMP038,Ryan Walker,Development,2026-03-29,08:09,15:57,7.8,HR System,Database Update,Pending,67,35,0.0,5,2.8,3,4,62,7,7,3.9,Low,Stable
EMP038,Ryan Walker,Development,2026-03-30,09:59,17:17,7.3,Mobile App,UI Design,In Progress,65,54,0.0,3,1.2,7,1,65,15,8,4.2,Low,Stable
EMP038,Ryan Walker,Development,2026-03-31,08:26,16:50,8.4,Mobile App,UI Design,Pending,70,39,0.4,2,0.8,3,8,65,5,5,4.5,Low,Stable
EMP038,Ryan Walker,Development,2026-04-01,08:23,16:29,8.1,AI Analytics,Testing,Completed,74,36,0.1,2,2.3,10,7,66,15,14,3.8,Low,Stable
EMP038,Ryan Walker,Development,2026-04-02,09:47,17:53,8.1,HR System,Testing,In Progress,64,33,0.1,5,2.0,8,5,61,13,12,3.9,Low,Stable
EMP038,Ryan Walker,Development,2026-04-03,08:42,17:24,8.7,AI Analytics,Bug Fixing,In Progress,68,56,0.7,5,2.3,3,4,58,10,10,3.6,Low,Stable
EMP038,Ryan Walker,Development,2026-04-04,10:35,19:35,9.0,Client Portal,Model Training,In Progress,81,59,1.0,5,2.4,10,4,72,14,4,4.2,Medium,Improving
EMP038,Ryan Walker,Development,2026-04-06,09:15,16:03,6.8,HR System,Model Training,Completed,70,68,0.0,5,1.2,9,5,62,15,12,3.7,Low,Stable
EMP038,Ryan Walker,Development,2026-04-07,09:18,17:24,8.1,IoT Monitoring,Database Update,In Progress,81,50,0.1,6,2.5,8,3,72,14,4,4.2,Low,Improving
EMP038,Ryan Walker,Development,2026-04-08,09:41,16:53,7.2,CRM Dashboard,Documentation,Pending,79,41,0.0,1,1.5,2,6,72,9,9,4.4,Low,Stable
EMP038,Ryan Walker,Development,2026-04-09,09:29,18:23,8.9,HR System,Bug Fixing,Completed,79,33,0.9,1,0.9,8,8,76,9,6,4.6,Low,Stable
EMP038,Ryan Walker,Development,2026-04-10,10:55,17:49,6.9,Client Portal,Documentation,Pending,75,67,0.0,5,2.8,6,8,65,14,7,4.4,Low,Stable
EMP038,Ryan Walker,Development,2026-04-11,08:11,15:11,7.0,IoT Monitoring,API Integration,Pending,73,43,0.0,2,0.8,9,1,73,14,7,4.4,Low,Stable
EMP038,Ryan Walker,Development,2026-04-13,10:35,17:59,7.4,Client Portal,Client Support,Completed,79,49,0.0,5,2.9,3,2,74,11,7,4.6,Low,Stable
EMP038,Ryan Walker,Development,2026-04-14,08:40,17:34,8.9,IoT Monitoring,Client Support,Pending,76,31,0.9,5,2.2,3,0,75,13,8,4.1,Low,Stable
EMP038,Ryan Walker,Development,2026-04-15,10:02,18:08,8.1,Client Portal,Documentation,Pending,68,43,0.1,4,1.5,9,7,59,12,12,3.4,Low,Stable
EMP038,Ryan Walker,Development,2026-04-16,10:54,18:48,7.9,HR System,API Integration,Completed,77,44,0.0,1,0.6,2,1,69,13,10,4.3,Low,Stable
EMP038,Ryan Walker,Development,2026-04-17,09:06,16:54,7.8,Mobile App,Client Support,Completed,78,58,0.0,3,0.9,10,8,69,10,10,4.6,Low,Stable
EMP038,Ryan Walker,Development,2026-04-18,09:52,18:28,8.6,HR System,Database Update,Pending,71,49,0.6,6,1.0,5,7,63,9,4,4.0,Low,Stable
EMP038,Ryan Walker,Development,2026-04-19,10:18,17:48,7.5,HR System,Bug Fixing,In Progress,68,69,0.0,2,2.2,9,5,64,9,9,3.5,Low,Stable
EMP038,Ryan Walker,Development,2026-04-20,08:36,16:54,8.3,CRM Dashboard,UI Design,Completed,74,41,0.3,5,1.3,9,4,69,8,8,3.9,Low,Stable
EMP038,Ryan Walker,Development,2026-04-21,08:38,16:14,7.6,IoT Monitoring,Client Support,Pending,69,36,0.0,2,1.4,5,4,62,7,7,4.2,Low,Stable
EMP038,Ryan Walker,Development,2026-04-22,08:12,15:36,7.4,HR System,Testing,Pending,61,58,0.0,1,1.6,2,6,59,7,7,3.1,Low,Stable
EMP038,Ryan Walker,Development,2026-04-23,09:28,16:28,7.0,Client Portal,UI Design,Completed,77,31,0.0,3,2.4,7,4,74,14,5,4.7,Low,Stable
EMP038,Ryan Walker,Development,2026-04-24,08:08,16:08,8.0,Client Portal,Database Update,Completed,74,33,0.0,4,0.7,8,1,73,8,8,4.0,Low,Stable
EMP038,Ryan Walker,Development,2026-04-25,09:58,17:28,7.5,Client Portal,Testing,In Progress,77,56,0.0,3,1.9,4,2,76,5,5,4.3,Low,Stable
EMP038,Ryan Walker,Development,2026-04-27,09:01,17:55,8.9,HR System,API Integration,In Progress,64,48,0.9,6,2.9,9,4,60,11,5,3.3,Low,Stable
EMP038,Ryan Walker,Development,2026-04-28,09:08,17:26,8.3,AI Analytics,API Integration,Pending,64,35,0.3,2,1.1,1,0,60,7,7,3.8,Low,Stable
EMP038,Ryan Walker,Development,2026-04-29,09:07,17:25,8.3,Client Portal,Documentation,In Progress,69,50,0.3,4,0.8,6,7,59,11,6,4.4,Low,Stable
EMP038,Ryan Walker,Development,2026-04-30,10:27,18:09,7.7,AI Analytics,API Integration,Completed,68,39,0.0,3,2.1,10,7,68,7,4,4.2,Low,Stable
EMP038,Ryan Walker,Development,2026-05-01,10:21,17:03,6.7,Mobile App,Database Update,Pending,71,40,0.0,2,1.9,7,0,65,7,5,3.7,Low,Stable
EMP038,Ryan Walker,Development,2026-05-02,10:24,17:48,7.4,CRM Dashboard,Testing,In Progress,70,41,0.0,6,0.8,4,3,65,8,6,3.6,Low,Stable
EMP038,Ryan Walker,Development,2026-05-03,08:09,16:39,8.5,Mobile App,Client Support,Completed,81,63,0.5,3,2.7,7,4,72,15,6,4.7,Low,Improving
EMP038,Ryan Walker,Development,2026-05-04,08:18,15:12,6.9,HR System,Model Training,Completed,63,51,0.0,4,2.5,9,7,53,13,9,3.2,Low,Stable
EMP038,Ryan Walker,Development,2026-05-05,09:43,16:13,6.5,IoT Monitoring,Client Support,Pending,78,52,0.0,1,1.8,8,2,70,12,9,4.5,Low,Stable
EMP038,Ryan Walker,Development,2026-05-06,08:16,17:04,8.8,CRM Dashboard,Model Training,Pending,80,46,0.8,5,2.4,7,8,75,6,6,4.8,Low,Improving
EMP038,Ryan Walker,Development,2026-05-07,10:15,17:45,7.5,CRM Dashboard,Bug Fixing,Pending,78,55,0.0,1,1.2,3,8,77,9,9,4.9,Low,Stable
EMP038,Ryan Walker,Development,2026-05-08,08:34,17:16,8.7,AI Analytics,Bug Fixing,In Progress,74,52,0.7,4,2.1,2,2,66,7,7,4.0,Low,Stable
EMP038,Ryan Walker,Development,2026-05-09,08:43,15:49,7.1,IoT Monitoring,Client Support,In Progress,68,63,0.0,2,1.9,7,4,60,10,10,3.9,Low,Stable
EMP038,Ryan Walker,Development,2026-05-11,08:49,17:37,8.8,IoT Monitoring,API Integration,Pending,68,30,0.8,4,1.0,6,5,63,6,4,4.3,Low,Stable
EMP038,Ryan Walker,Development,2026-05-12,10:15,17:21,7.1,Mobile App,API Integration,In Progress,71,57,0.0,4,1.9,1,2,61,13,7,3.7,Low,Stable
EMP038,Ryan Walker,Development,2026-05-13,08:31,15:49,7.3,HR System,Bug Fixing,In Progress,72,58,0.0,1,1.0,1,8,71,11,11,3.9,Low,Stable
EMP038,Ryan Walker,Development,2026-05-14,10:39,18:39,8.0,AI Analytics,Testing,In Progress,66,64,0.0,2,2.0,5,0,60,9,9,4.0,Low,Stable
EMP038,Ryan Walker,Development,2026-05-15,08:32,17:20,8.8,Mobile App,API Integration,Pending,78,62,0.8,5,1.3,1,2,75,15,9,4.8,Low,Stable
EMP038,Ryan Walker,Development,2026-05-16,10:53,17:53,7.0,AI Analytics,Documentation,Completed,62,68,0.0,1,2.2,3,0,60,8,8,4.1,Low,Stable
EMP038,Ryan Walker,Development,2026-05-18,08:37,15:31,6.9,Mobile App,Database Update,Completed,69,70,0.0,2,0.6,3,5,65,8,8,3.9,Low,Stable
EMP038,Ryan Walker,Development,2026-05-19,08:33,16:57,8.4,HR System,API Integration,Completed,72,42,0.4,6,1.6,8,2,72,7,4,4.0,Low,Stable
EMP039,Jesus Hancock,HR,2026-02-19,10:14,17:50,7.6,IoT Monitoring,Database Update,Completed,99,31,0.0,5,2.7,3,6,99,15,12,5.0,Low,Improving
EMP039,Jesus Hancock,HR,2026-02-20,08:24,17:48,9.4,CRM Dashboard,Client Support,In Progress,83,38,1.4,5,2.5,10,4,82,15,3,5.0,Medium,Improving
EMP039,Jesus Hancock,HR,2026-02-21,09:30,17:06,7.6,AI Analytics,Testing,Completed,83,12,0.0,5,1.3,6,5,77,14,14,5.0,Low,Improving
EMP039,Jesus Hancock,HR,2026-02-22,10:50,19:14,8.4,IoT Monitoring,Testing,Completed,99,23,0.4,5,2.0,3,4,93,12,12,5.0,Low,Improving
EMP039,Jesus Hancock,HR,2026-02-23,08:31,17:13,8.7,Client Portal,Model Training,Pending,82,22,0.7,5,1.6,1,1,81,5,5,4.6,Low,Improving
EMP039,Jesus Hancock,HR,2026-02-24,08:54,16:48,7.9,Client Portal,Bug Fixing,Completed,90,11,0.0,4,2.7,9,2,83,15,11,5.0,Low,Improving
EMP039,Jesus Hancock,HR,2026-02-25,08:01,15:49,7.8,IoT Monitoring,Database Update,In Progress,89,20,0.0,1,2.1,2,4,87,13,13,5.0,Low,Improving
EMP039,Jesus Hancock,HR,2026-02-26,08:49,18:07,9.3,CRM Dashboard,Database Update,Pending,96,34,1.3,5,1.7,7,0,90,12,7,5.0,Medium,Improving
EMP039,Jesus Hancock,HR,2026-02-27,08:15,17:45,9.5,CRM Dashboard,Bug Fixing,Pending,97,10,1.5,2,1.0,5,3,89,14,5,5.0,Medium,Improving
EMP039,Jesus Hancock,HR,2026-02-28,10:00,19:30,9.5,CRM Dashboard,Client Support,Completed,89,33,1.5,6,1.1,7,8,80,5,5,5.0,Medium,Improving
EMP039,Jesus Hancock,HR,2026-03-02,08:28,16:34,8.1,Client Portal,Client Support,In Progress,99,23,0.1,3,1.0,1,0,96,9,9,5.0,Low,Improving
EMP039,Jesus Hancock,HR,2026-03-03,10:34,18:04,7.5,Client Portal,Bug Fixing,Completed,88,30,0.0,2,1.7,10,7,82,7,7,5.0,Low,Improving
EMP039,Jesus Hancock,HR,2026-03-04,08:32,16:26,7.9,Client Portal,Database Update,Completed,99,39,0.0,3,0.8,10,7,89,11,7,5.0,Low,Improving
EMP039,Jesus Hancock,HR,2026-03-05,08:21,17:27,9.1,Mobile App,UI Design,Completed,87,26,1.1,2,2.3,2,4,84,14,14,4.7,Medium,Improving
EMP039,Jesus Hancock,HR,2026-03-06,10:29,19:41,9.2,AI Analytics,Database Update,Pending,93,32,1.2,6,2.3,2,5,83,5,3,4.8,Medium,Improving
EMP039,Jesus Hancock,HR,2026-03-07,09:40,17:16,7.6,HR System,Testing,In Progress,99,21,0.0,2,0.5,2,5,89,8,8,5.0,Low,Improving
EMP039,Jesus Hancock,HR,2026-03-09,10:04,18:52,8.8,IoT Monitoring,UI Design,Completed,97,34,0.8,1,1.7,8,2,89,14,14,5.0,Low,Improving
EMP039,Jesus Hancock,HR,2026-03-10,10:19,19:19,9.0,Client Portal,API Integration,Pending,83,11,1.0,6,1.3,4,0,80,5,5,4.4,Medium,Improving
EMP039,Jesus Hancock,HR,2026-03-11,08:34,16:04,7.5,AI Analytics,Documentation,Pending,81,39,0.0,3,2.4,4,3,77,10,10,4.4,Low,Improving
EMP039,Jesus Hancock,HR,2026-03-12,08:40,17:16,8.6,HR System,Client Support,Completed,91,19,0.6,4,2.6,4,8,88,12,6,5.0,Low,Improving
EMP039,Jesus Hancock,HR,2026-03-13,09:46,17:58,8.2,Client Portal,Testing,Pending,83,21,0.2,4,2.2,7,2,81,7,3,4.6,Low,Improving
EMP039,Jesus Hancock,HR,2026-03-14,08:31,17:13,8.7,HR System,API Integration,Pending,81,21,0.7,4,1.6,7,5,71,10,3,4.1,Low,Improving
EMP039,Jesus Hancock,HR,2026-03-16,10:44,20:14,9.5,HR System,API Integration,Pending,85,18,1.5,5,0.5,9,4,78,5,5,4.5,Medium,Improving
EMP039,Jesus Hancock,HR,2026-03-17,09:06,17:24,8.3,Client Portal,Bug Fixing,Completed,79,16,0.3,6,1.2,3,3,69,7,7,4.8,Low,Stable
EMP039,Jesus Hancock,HR,2026-03-18,08:58,17:16,8.3,AI Analytics,UI Design,Completed,84,38,0.3,1,2.9,2,6,77,11,8,5.0,Low,Improving
EMP039,Jesus Hancock,HR,2026-03-19,10:12,18:30,8.3,Client Portal,Testing,In Progress,91,30,0.3,1,2.9,7,4,91,12,12,5.0,Low,Improving
EMP039,Jesus Hancock,HR,2026-03-20,08:10,16:52,8.7,Mobile App,API Integration,In Progress,99,10,0.7,4,1.5,3,6,99,5,5,5.0,Low,Improving
EMP039,Jesus Hancock,HR,2026-03-21,08:36,16:48,8.2,HR System,Database Update,In Progress,90,19,0.2,5,2.9,4,1,88,9,5,5.0,Low,Improving
EMP039,Jesus Hancock,HR,2026-03-22,09:44,17:44,8.0,CRM Dashboard,Client Support,Pending,84,10,0.0,2,0.8,4,5,80,15,15,5.0,Low,Improving
EMP039,Jesus Hancock,HR,2026-03-23,10:02,17:56,7.9,CRM Dashboard,Testing,Completed,95,12,0.0,3,2.0,5,1,85,6,6,5.0,Low,Improving
EMP039,Jesus Hancock,HR,2026-03-24,08:11,15:59,7.8,Mobile App,UI Design,Completed,94,24,0.0,4,2.7,5,5,92,12,7,4.8,Low,Improving
EMP039,Jesus Hancock,HR,2026-03-25,08:39,16:15,7.6,CRM Dashboard,Client Support,In Progress,89,20,0.0,3,1.4,2,8,80,15,11,4.8,Low,Improving
EMP039,Jesus Hancock,HR,2026-03-26,08:23,16:11,7.8,Mobile App,Testing,Completed,86,23,0.0,2,1.2,3,4,84,12,7,5.0,Low,Improving
EMP039,Jesus Hancock,HR,2026-03-27,10:12,17:48,7.6,Mobile App,Documentation,Completed,80,14,0.0,3,1.2,7,7,79,8,8,5.0,Low,Improving
EMP039,Jesus Hancock,HR,2026-03-28,08:57,17:15,8.3,HR System,UI Design,Pending,80,31,0.3,4,2.0,8,5,75,8,8,4.7,Low,Improving
EMP039,Jesus Hancock,HR,2026-03-30,08:13,17:43,9.5,CRM Dashboard,UI Design,Pending,87,40,1.5,3,0.7,2,2,79,12,12,4.6,Medium,Improving
EMP039,Jesus Hancock,HR,2026-03-31,10:23,19:41,9.3,HR System,Testing,Pending,98,30,1.3,5,0.7,9,2,88,15,15,5.0,Medium,Improving
EMP039,Jesus Hancock,HR,2026-04-01,09:02,17:50,8.8,HR System,Testing,Pending,89,16,0.8,4,1.8,9,0,79,13,5,5.0,Low,Improving
EMP039,Jesus Hancock,HR,2026-04-02,08:26,17:38,9.2,HR System,API Integration,In Progress,87,31,1.2,5,1.3,3,0,84,12,12,4.4,Medium,Improving
EMP039,Jesus Hancock,HR,2026-04-03,09:04,18:10,9.1,Mobile App,Database Update,In Progress,98,37,1.1,2,0.8,7,7,90,5,5,5.0,Medium,Improving
EMP039,Jesus Hancock,HR,2026-04-04,09:10,17:46,8.6,Client Portal,Database Update,In Progress,88,30,0.6,4,1.1,3,1,83,15,6,5.0,Low,Improving
EMP039,Jesus Hancock,HR,2026-04-06,09:39,17:33,7.9,Mobile App,Database Update,Completed,97,38,0.0,6,2.4,9,4,95,6,6,5.0,Low,Improving
EMP039,Jesus Hancock,HR,2026-04-07,10:33,19:15,8.7,AI Analytics,Documentation,Completed,90,14,0.7,2,1.5,5,7,84,6,6,5.0,Low,Improving
EMP039,Jesus Hancock,HR,2026-04-08,09:18,18:00,8.7,Client Portal,Bug Fixing,In Progress,91,33,0.7,1,2.2,9,8,82,8,8,4.6,Low,Improving
EMP039,Jesus Hancock,HR,2026-04-09,09:10,17:40,8.5,HR System,Database Update,Completed,94,11,0.5,3,2.0,1,4,93,11,3,5.0,Low,Improving
EMP039,Jesus Hancock,HR,2026-04-10,08:03,15:45,7.7,HR System,Model Training,Completed,84,32,0.0,2,1.8,2,6,78,12,12,4.5,Low,Improving
EMP039,Jesus Hancock,HR,2026-04-11,08:17,16:53,8.6,Mobile App,Bug Fixing,Pending,82,39,0.6,4,2.4,4,1,76,14,14,5.0,Low,Improving
EMP039,Jesus Hancock,HR,2026-04-13,10:21,19:09,8.8,CRM Dashboard,Client Support,Pending,85,23,0.8,5,2.8,2,1,79,15,12,4.7,Low,Improving
EMP039,Jesus Hancock,HR,2026-04-14,08:59,17:23,8.4,AI Analytics,Database Update,In Progress,99,35,0.4,5,2.7,9,2,98,8,8,5.0,Low,Improving
EMP039,Jesus Hancock,HR,2026-04-15,08:13,16:13,8.0,IoT Monitoring,UI Design,Completed,85,24,0.0,1,1.0,3,4,78,15,4,4.4,Low,Improving
EMP039,Jesus Hancock,HR,2026-04-16,10:54,19:12,8.3,IoT Monitoring,Model Training,In Progress,91,13,0.3,3,1.5,4,7,89,10,9,5.0,Low,Improving
EMP039,Jesus Hancock,HR,2026-04-17,09:58,19:10,9.2,CRM Dashboard,UI Design,In Progress,85,23,1.2,1,1.3,4,2,78,8,8,4.4,Medium,Improving
EMP039,Jesus Hancock,HR,2026-04-18,09:20,18:14,8.9,IoT Monitoring,Client Support,Completed,82,37,0.9,6,0.8,8,1,75,8,8,4.1,Low,Improving
EMP039,Jesus Hancock,HR,2026-04-20,08:12,17:00,8.8,AI Analytics,Bug Fixing,In Progress,87,31,0.8,3,1.0,10,3,78,5,5,4.8,Low,Improving
EMP039,Jesus Hancock,HR,2026-04-21,08:34,16:34,8.0,Client Portal,Testing,In Progress,87,28,0.0,3,1.7,2,6,77,12,9,4.7,Low,Improving
EMP039,Jesus Hancock,HR,2026-04-22,08:59,17:47,8.8,AI Analytics,Model Training,Completed,86,23,0.8,4,2.8,5,3,82,5,5,4.7,Low,Improving
EMP039,Jesus Hancock,HR,2026-04-23,10:40,18:16,7.6,Mobile App,Testing,Pending,81,21,0.0,4,2.2,10,2,72,15,14,4.5,Low,Improving
EMP039,Jesus Hancock,HR,2026-04-24,08:11,15:47,7.6,Client Portal,Documentation,Pending,88,22,0.0,6,1.1,6,1,85,14,8,5.0,Low,Improving
EMP039,Jesus Hancock,HR,2026-04-25,10:21,18:45,8.4,IoT Monitoring,Database Update,Completed,86,18,0.4,2,0.7,4,6,79,8,8,4.7,Low,Improving
EMP039,Jesus Hancock,HR,2026-04-27,08:14,17:02,8.8,HR System,Database Update,Pending,98,22,0.8,1,1.3,2,2,90,11,11,5.0,Low,Improving
EMP039,Jesus Hancock,HR,2026-04-28,10:16,18:58,8.7,IoT Monitoring,Client Support,Pending,99,26,0.7,4,0.6,6,8,93,11,6,5.0,Low,Improving
EMP039,Jesus Hancock,HR,2026-04-29,08:23,16:53,8.5,Mobile App,API Integration,Completed,87,15,0.5,4,2.1,5,2,77,8,8,5.0,Low,Improving
EMP039,Jesus Hancock,HR,2026-04-30,08:40,17:40,9.0,HR System,Testing,Pending,85,18,1.0,4,2.4,9,1,80,7,3,4.5,Medium,Improving
EMP039,Jesus Hancock,HR,2026-05-01,09:24,18:06,8.7,CRM Dashboard,Database Update,Pending,87,33,0.7,5,2.5,8,2,87,8,8,4.9,Low,Improving
EMP039,Jesus Hancock,HR,2026-05-02,08:01,16:25,8.4,Client Portal,UI Design,Completed,83,34,0.4,5,2.0,1,6,77,7,7,4.2,Low,Improving
EMP039,Jesus Hancock,HR,2026-05-04,10:12,18:12,8.0,HR System,Database Update,In Progress,94,33,0.0,4,1.1,6,0,84,9,9,5.0,Low,Improving
EMP039,Jesus Hancock,HR,2026-05-05,08:17,16:29,8.2,IoT Monitoring,UI Design,In Progress,87,23,0.2,1,2.7,8,4,86,13,3,4.6,Low,Improving
EMP039,Jesus Hancock,HR,2026-05-06,08:38,16:44,8.1,AI Analytics,Client Support,Pending,97,28,0.1,2,2.3,1,4,92,11,3,5.0,Low,Improving
EMP039,Jesus Hancock,HR,2026-05-07,10:43,19:31,8.8,HR System,Database Update,Pending,79,14,0.8,5,1.4,10,8,72,11,6,4.9,Low,Stable
EMP039,Jesus Hancock,HR,2026-05-08,09:25,18:19,8.9,CRM Dashboard,Testing,Completed,97,33,0.9,2,2.5,1,8,91,5,3,5.0,Low,Improving
EMP039,Jesus Hancock,HR,2026-05-09,09:48,17:54,8.1,AI Analytics,Database Update,In Progress,93,11,0.1,5,0.6,9,2,86,15,7,5.0,Low,Improving
EMP039,Jesus Hancock,HR,2026-05-11,08:43,16:55,8.2,IoT Monitoring,API Integration,In Progress,80,11,0.2,4,2.0,2,4,73,11,11,4.2,Low,Improving
EMP039,Jesus Hancock,HR,2026-05-12,08:29,16:59,8.5,AI Analytics,Bug Fixing,Pending,83,35,0.5,2,2.7,1,3,74,5,5,4.2,Low,Improving
EMP039,Jesus Hancock,HR,2026-05-13,10:18,19:36,9.3,CRM Dashboard,Documentation,Pending,99,21,1.3,2,2.5,4,8,99,9,4,5.0,Medium,Improving
EMP039,Jesus Hancock,HR,2026-05-14,10:46,18:28,7.7,HR System,Bug Fixing,Completed,79,10,0.0,4,1.7,1,4,74,14,6,4.9,Low,Stable
EMP039,Jesus Hancock,HR,2026-05-15,09:09,16:51,7.7,CRM Dashboard,UI Design,Completed,94,14,0.0,3,1.2,7,3,85,12,12,5.0,Low,Improving
EMP039,Jesus Hancock,HR,2026-05-16,09:59,19:17,9.3,AI Analytics,API Integration,In Progress,98,29,1.3,6,2.1,8,1,88,15,10,5.0,Medium,Improving
EMP039,Jesus Hancock,HR,2026-05-18,09:26,18:14,8.8,CRM Dashboard,Documentation,Pending,97,35,0.8,1,2.2,10,6,91,5,5,5.0,Low,Improving
EMP039,Jesus Hancock,HR,2026-05-19,10:48,18:42,7.9,Mobile App,Model Training,Completed,82,21,0.0,2,2.8,2,1,79,9,9,4.5,Low,Improving
EMP040,Marcus Harris,Support,2026-02-19,08:47,18:05,9.3,CRM Dashboard,Client Support,Pending,79,105,1.3,6,0.6,3,3,78,13,12,4.1,Medium,Stable
EMP040,Marcus Harris,Support,2026-02-20,10:33,20:03,9.5,HR System,Documentation,Pending,71,74,1.5,2,1.5,7,3,61,13,3,4.1,Medium,Stable
EMP040,Marcus Harris,Support,2026-02-21,09:48,20:30,10.7,Client Portal,Bug Fixing,Completed,62,99,2.7,1,1.2,5,3,52,13,13,3.2,Medium,Stable
EMP040,Marcus Harris,Support,2026-02-23,08:13,19:55,11.7,IoT Monitoring,Documentation,Completed,71,88,3.7,3,0.9,8,1,67,9,5,4.1,Medium,Stable
EMP040,Marcus Harris,Support,2026-02-24,08:57,20:45,11.8,CRM Dashboard,API Integration,In Progress,75,112,3.8,1,2.6,3,0,65,11,11,4.5,Medium,Stable
EMP040,Marcus Harris,Support,2026-02-25,09:53,19:47,9.9,CRM Dashboard,Testing,Pending,81,60,1.9,3,2.2,1,0,71,10,7,4.8,Medium,Improving
EMP040,Marcus Harris,Support,2026-02-26,08:27,17:45,9.3,Mobile App,Model Training,Completed,63,65,1.3,1,1.6,1,2,62,5,5,3.5,Medium,Stable
EMP040,Marcus Harris,Support,2026-02-27,08:26,18:50,10.4,IoT Monitoring,Documentation,In Progress,77,119,2.4,4,0.5,10,2,76,10,7,4.2,Medium,Stable
EMP040,Marcus Harris,Support,2026-02-28,09:48,21:18,11.5,Mobile App,Documentation,In Progress,80,62,3.5,1,0.8,1,4,71,15,13,4.9,Medium,Improving
EMP040,Marcus Harris,Support,2026-03-01,08:39,19:03,10.4,Mobile App,UI Design,In Progress,63,69,2.4,2,1.8,3,6,60,7,7,3.3,Medium,Stable
EMP040,Marcus Harris,Support,2026-03-02,10:35,20:23,9.8,CRM Dashboard,UI Design,Completed,74,97,1.8,3,0.9,7,7,70,6,6,3.8,Medium,Stable
EMP040,Marcus Harris,Support,2026-03-03,08:45,18:51,10.1,AI Analytics,UI Design,Completed,68,91,2.1,1,1.2,10,7,60,9,9,3.8,Medium,Stable
EMP040,Marcus Harris,Support,2026-03-04,08:27,18:39,10.2,Client Portal,Database Update,In Progress,66,101,2.2,1,2.0,7,4,63,14,9,3.5,Medium,Stable
EMP040,Marcus Harris,Support,2026-03-05,09:31,19:55,10.4,IoT Monitoring,Documentation,Completed,67,60,2.4,2,2.6,7,4,57,9,9,3.5,Medium,Stable
EMP040,Marcus Harris,Support,2026-03-06,09:17,19:59,10.7,HR System,Documentation,In Progress,60,113,2.7,5,1.7,8,0,54,5,4,3.7,Medium,Stable
EMP040,Marcus Harris,Support,2026-03-07,09:41,19:05,9.4,Client Portal,Testing,Pending,61,69,1.4,5,2.1,3,1,55,6,6,3.5,Medium,Stable
EMP040,Marcus Harris,Support,2026-03-09,09:13,19:01,9.8,HR System,API Integration,Completed,66,73,1.8,3,2.3,3,1,61,7,6,4.2,Medium,Stable
EMP040,Marcus Harris,Support,2026-03-10,08:24,18:06,9.7,Client Portal,API Integration,Pending,63,63,1.7,6,3.0,10,1,54,15,6,3.3,Medium,Stable
EMP040,Marcus Harris,Support,2026-03-11,08:29,19:41,11.2,IoT Monitoring,Bug Fixing,Completed,63,76,3.2,1,2.7,5,6,54,7,6,3.9,High,Stable
EMP040,Marcus Harris,Support,2026-03-12,09:03,19:21,10.3,IoT Monitoring,Bug Fixing,Completed,68,75,2.3,5,0.5,6,6,64,9,9,3.8,Medium,Stable
EMP040,Marcus Harris,Support,2026-03-13,08:45,17:45,9.0,HR System,Testing,In Progress,70,99,1.0,3,2.9,7,8,67,8,8,4.2,Medium,Stable
EMP040,Marcus Harris,Support,2026-03-14,09:04,19:40,10.6,HR System,Testing,Completed,67,118,2.6,6,2.4,6,3,59,6,6,3.9,Medium,Stable
EMP040,Marcus Harris,Support,2026-03-16,09:08,18:50,9.7,AI Analytics,Documentation,Pending,69,92,1.7,6,0.9,8,5,66,5,5,4.3,Medium,Stable
EMP040,Marcus Harris,Support,2026-03-17,10:46,21:40,10.9,HR System,Database Update,In Progress,69,62,2.9,4,2.7,8,8,63,8,5,4.0,Medium,Stable
EMP040,Marcus Harris,Support,2026-03-18,08:20,19:56,11.6,Mobile App,Documentation,Completed,73,104,3.6,6,1.5,10,8,63,9,9,4.1,Medium,Stable
EMP040,Marcus Harris,Support,2026-03-19,08:04,18:04,10.0,IoT Monitoring,UI Design,Pending,69,97,2.0,1,1.5,9,6,59,5,5,3.6,Medium,Stable
EMP040,Marcus Harris,Support,2026-03-20,09:14,20:02,10.8,HR System,Bug Fixing,Completed,69,105,2.8,2,2.9,8,7,63,7,7,4.1,Medium,Stable
EMP040,Marcus Harris,Support,2026-03-21,08:34,20:04,11.5,Mobile App,Testing,Pending,77,90,3.5,2,2.7,5,1,67,7,7,4.5,Medium,Stable
EMP040,Marcus Harris,Support,2026-03-23,08:21,18:33,10.2,IoT Monitoring,Client Support,In Progress,76,87,2.2,5,1.8,3,1,70,8,8,4.1,Medium,Stable
EMP040,Marcus Harris,Support,2026-03-24,08:23,19:53,11.5,Client Portal,Testing,Completed,64,86,3.5,5,1.8,8,5,61,10,10,3.3,High,Stable
EMP040,Marcus Harris,Support,2026-03-25,09:16,20:16,11.0,CRM Dashboard,Documentation,Pending,75,76,3.0,5,1.1,1,7,71,5,5,4.5,Medium,Stable
EMP040,Marcus Harris,Support,2026-03-26,10:27,19:57,9.5,IoT Monitoring,API Integration,Completed,74,68,1.5,4,1.7,2,5,68,10,9,4.6,Medium,Stable
EMP040,Marcus Harris,Support,2026-03-27,09:35,20:05,10.5,HR System,Bug Fixing,In Progress,79,85,2.5,1,0.9,6,8,69,13,5,4.6,Medium,Stable
EMP040,Marcus Harris,Support,2026-03-28,08:43,20:19,11.6,Mobile App,Testing,In Progress,61,92,3.6,3,1.8,4,2,54,9,5,4.0,High,Stable
EMP040,Marcus Harris,Support,2026-03-29,08:09,17:57,9.8,Mobile App,UI Design,Pending,76,71,1.8,6,0.5,2,4,71,15,5,4.4,Medium,Stable
EMP040,Marcus Harris,Support,2026-03-30,10:55,21:01,10.1,CRM Dashboard,Bug Fixing,Pending,74,66,2.1,4,2.2,10,1,67,11,11,4.1,Medium,Stable
EMP040,Marcus Harris,Support,2026-03-31,08:01,17:43,9.7,HR System,API Integration,In Progress,72,81,1.7,6,0.9,3,1,70,11,11,3.8,Medium,Stable
EMP040,Marcus Harris,Support,2026-04-01,10:55,22:01,11.1,Mobile App,Database Update,Pending,64,76,3.1,5,0.8,3,5,57,15,5,4.2,High,Stable
EMP040,Marcus Harris,Support,2026-04-02,10:30,21:18,10.8,IoT Monitoring,API Integration,Completed,79,112,2.8,2,2.4,7,8,70,11,8,4.5,Medium,Stable
EMP040,Marcus Harris,Support,2026-04-03,10:32,21:38,11.1,HR System,Client Support,In Progress,75,81,3.1,5,2.9,2,3,75,7,5,4.3,Medium,Stable
EMP040,Marcus Harris,Support,2026-04-04,08:36,18:24,9.8,HR System,Bug Fixing,Completed,63,79,1.8,3,1.0,9,7,57,6,3,3.2,Medium,Stable
EMP040,Marcus Harris,Support,2026-04-05,09:26,19:08,9.7,IoT Monitoring,UI Design,Completed,72,95,1.7,1,1.8,5,3,62,15,10,4.1,Medium,Stable
EMP040,Marcus Harris,Support,2026-04-06,08:38,20:14,11.6,AI Analytics,Documentation,Completed,75,85,3.6,3,1.7,3,0,66,14,9,4.1,Medium,Stable
EMP040,Marcus Harris,Support,2026-04-07,09:53,21:47,11.9,CRM Dashboard,API Integration,Pending,74,82,3.9,4,2.1,10,4,64,9,9,4.1,Medium,Stable
EMP040,Marcus Harris,Support,2026-04-08,10:01,20:19,10.3,IoT Monitoring,Client Support,Pending,71,75,2.3,1,0.7,6,3,68,7,7,3.8,Medium,Stable
EMP040,Marcus Harris,Support,2026-04-09,08:32,17:44,9.2,CRM Dashboard,Testing,Pending,78,96,1.2,1,2.2,4,5,68,6,6,4.6,Medium,Stable
EMP040,Marcus Harris,Support,2026-04-10,09:05,18:05,9.0,Client Portal,Bug Fixing,In Progress,64,104,1.0,4,0.7,1,7,59,10,10,3.8,Medium,Stable
EMP040,Marcus Harris,Support,2026-04-11,10:20,19:56,9.6,CRM Dashboard,UI Design,Completed,74,95,1.6,5,0.7,5,4,66,9,3,4.5,Medium,Stable
EMP040,Marcus Harris,Support,2026-04-13,08:06,18:00,9.9,Client Portal,Database Update,Pending,60,62,1.9,4,1.4,6,4,58,5,5,3.7,Medium,Stable
EMP040,Marcus Harris,Support,2026-04-14,09:09,19:39,10.5,Mobile App,UI Design,In Progress,75,68,2.5,3,2.3,7,0,66,8,8,4.4,Medium,Stable
EMP040,Marcus Harris,Support,2026-04-15,10:35,21:53,11.3,HR System,Database Update,Pending,69,75,3.3,4,2.3,1,8,61,14,13,3.9,Medium,Stable
EMP040,Marcus Harris,Support,2026-04-16,10:32,21:26,10.9,Mobile App,API Integration,Completed,59,60,2.9,5,2.1,3,0,51,10,6,3.8,Medium,Declining
EMP040,Marcus Harris,Support,2026-04-17,10:53,20:53,10.0,Client Portal,Bug Fixing,In Progress,71,77,2.0,5,1.3,3,2,62,13,13,4.5,Medium,Stable
EMP040,Marcus Harris,Support,2026-04-18,09:51,20:45,10.9,CRM Dashboard,Model Training,Completed,58,96,2.9,4,2.6,2,0,52,15,9,3.0,Medium,Declining
EMP040,Marcus Harris,Support,2026-04-19,08:29,19:23,10.9,Mobile App,Bug Fixing,In Progress,73,71,2.9,5,1.1,4,8,73,10,10,4.1,Medium,Stable
EMP040,Marcus Harris,Support,2026-04-20,10:47,22:29,11.7,CRM Dashboard,Documentation,Pending,64,103,3.7,6,1.1,3,3,64,14,9,3.8,High,Stable
EMP040,Marcus Harris,Support,2026-04-21,10:11,20:35,10.4,AI Analytics,Bug Fixing,Pending,73,99,2.4,4,2.1,5,8,63,15,15,3.7,Medium,Stable
EMP040,Marcus Harris,Support,2026-04-22,10:59,21:35,10.6,AI Analytics,Client Support,Pending,76,117,2.6,3,1.5,8,6,71,13,8,4.4,Medium,Stable
EMP040,Marcus Harris,Support,2026-04-23,08:09,18:27,10.3,Client Portal,Testing,Completed,71,120,2.3,1,2.4,8,8,70,11,6,4.2,Medium,Stable
EMP040,Marcus Harris,Support,2026-04-24,08:07,19:07,11.0,IoT Monitoring,API Integration,In Progress,68,96,3.0,3,1.1,2,4,61,11,9,4.3,Medium,Stable
EMP040,Marcus Harris,Support,2026-04-25,08:34,19:34,11.0,Client Portal,Model Training,Completed,63,104,3.0,6,1.5,3,6,54,5,5,3.4,High,Stable
EMP040,Marcus Harris,Support,2026-04-26,09:40,19:34,9.9,CRM Dashboard,Testing,Pending,65,117,1.9,2,2.6,3,8,62,12,12,4.0,Medium,Stable
EMP040,Marcus Harris,Support,2026-04-27,10:02,21:14,11.2,Mobile App,Documentation,In Progress,71,74,3.2,3,1.2,8,0,68,9,9,4.1,Medium,Stable
EMP040,Marcus Harris,Support,2026-04-28,10:48,22:06,11.3,AI Analytics,API Integration,Completed,62,67,3.3,1,2.9,9,8,54,14,14,3.4,High,Stable
EMP040,Marcus Harris,Support,2026-04-29,09:38,20:50,11.2,HR System,Documentation,In Progress,65,87,3.2,2,2.0,2,4,64,9,3,3.6,Medium,Stable
EMP040,Marcus Harris,Support,2026-04-30,10:34,22:04,11.5,HR System,Bug Fixing,In Progress,67,112,3.5,2,1.2,10,2,59,7,7,4.1,Medium,Stable
EMP040,Marcus Harris,Support,2026-05-01,10:58,20:46,9.8,Client Portal,UI Design,In Progress,77,70,1.8,1,1.0,7,8,76,6,5,4.4,Medium,Stable
EMP040,Marcus Harris,Support,2026-05-02,08:13,17:13,9.0,Client Portal,Documentation,Pending,64,90,1.0,3,1.2,6,1,61,8,8,3.5,Medium,Stable
EMP040,Marcus Harris,Support,2026-05-03,09:26,20:08,10.7,AI Analytics,Database Update,In Progress,58,117,2.7,5,2.7,8,5,56,10,10,3.2,Medium,Declining
EMP040,Marcus Harris,Support,2026-05-04,08:25,20:01,11.6,HR System,Database Update,Completed,74,88,3.6,5,2.4,3,7,72,5,5,4.1,Medium,Stable
EMP040,Marcus Harris,Support,2026-05-05,10:05,19:35,9.5,Client Portal,Database Update,Completed,57,88,1.5,5,2.4,6,8,49,13,13,3.0,Medium,Declining
EMP040,Marcus Harris,Support,2026-05-06,10:04,21:46,11.7,HR System,Testing,Pending,75,108,3.7,2,2.3,10,2,75,15,6,4.2,Medium,Stable
EMP040,Marcus Harris,Support,2026-05-07,09:35,20:35,11.0,HR System,Documentation,In Progress,75,105,3.0,6,1.7,6,5,70,7,7,4.0,Medium,Stable
EMP040,Marcus Harris,Support,2026-05-08,08:50,19:50,11.0,CRM Dashboard,Model Training,Pending,58,68,3.0,6,1.9,4,4,53,14,8,3.3,High,Declining
EMP040,Marcus Harris,Support,2026-05-09,08:03,19:27,11.4,IoT Monitoring,Bug Fixing,Pending,63,105,3.4,1,1.3,5,8,53,7,3,3.3,High,Stable
EMP040,Marcus Harris,Support,2026-05-11,10:04,20:34,10.5,Mobile App,API Integration,In Progress,69,61,2.5,2,2.3,2,1,67,6,6,3.8,Medium,Stable
EMP040,Marcus Harris,Support,2026-05-12,09:29,19:29,10.0,HR System,Client Support,Completed,71,97,2.0,5,0.9,6,3,66,12,5,4.5,Medium,Stable
EMP040,Marcus Harris,Support,2026-05-13,10:16,21:34,11.3,IoT Monitoring,Bug Fixing,In Progress,62,110,3.3,6,1.8,3,3,59,14,7,3.6,High,Stable
EMP040,Marcus Harris,Support,2026-05-14,10:09,19:15,9.1,CRM Dashboard,API Integration,Completed,66,105,1.1,1,2.4,1,7,66,7,4,3.8,Medium,Stable
EMP040,Marcus Harris,Support,2026-05-15,08:50,18:32,9.7,Client Portal,Bug Fixing,In Progress,64,92,1.7,6,0.6,8,5,60,8,5,3.4,Medium,Stable
EMP040,Marcus Harris,Support,2026-05-16,08:42,18:18,9.6,CRM Dashboard,Database Update,Completed,63,115,1.6,1,2.1,1,4,56,5,4,3.6,Medium,Stable
EMP040,Marcus Harris,Support,2026-05-18,08:42,18:30,9.8,CRM Dashboard,Testing,Completed,58,94,1.8,1,2.1,3,7,58,15,6,3.1,Medium,Declining
EMP040,Marcus Harris,Support,2026-05-19,10:59,20:53,9.9,Client Portal,Documentation,In Progress,69,113,1.9,2,1.3,6,4,68,7,3,4.0,Medium,Stable
EMP041,Misty Harrington,HR,2026-02-19,08:39,16:27,7.8,HR System,Database Update,Completed,84,20,0.0,6,1.8,8,5,78,7,7,4.8,Low,Improving
EMP041,Misty Harrington,HR,2026-02-20,09:57,17:45,7.8,IoT Monitoring,Client Support,Completed,90,18,0.0,2,2.3,10,4,86,7,7,5.0,Low,Improving
EMP041,Misty Harrington,HR,2026-02-21,08:34,17:04,8.5,CRM Dashboard,API Integration,In Progress,72,27,0.5,5,2.9,3,7,66,11,8,4.4,Low,Stable
EMP041,Misty Harrington,HR,2026-02-23,10:49,20:19,9.5,IoT Monitoring,Bug Fixing,In Progress,78,15,1.5,6,1.0,7,4,74,12,8,4.4,Medium,Stable
EMP041,Misty Harrington,HR,2026-02-24,08:11,17:29,9.3,IoT Monitoring,UI Design,Completed,74,17,1.3,4,1.5,9,6,68,10,10,4.5,Medium,Stable
EMP041,Misty Harrington,HR,2026-02-25,08:25,17:13,8.8,HR System,Database Update,Pending,87,27,0.8,2,1.0,6,2,84,11,7,5.0,Low,Improving
EMP041,Misty Harrington,HR,2026-02-26,10:09,18:51,8.7,CRM Dashboard,Model Training,Pending,91,35,0.7,4,2.3,8,3,91,9,9,5.0,Low,Improving
EMP041,Misty Harrington,HR,2026-02-27,10:48,18:48,8.0,IoT Monitoring,Database Update,Pending,72,38,0.0,3,2.7,5,4,67,6,6,4.6,Low,Stable
EMP041,Misty Harrington,HR,2026-02-28,08:51,17:33,8.7,CRM Dashboard,Database Update,In Progress,78,14,0.7,2,1.0,8,8,74,8,8,4.6,Low,Stable
EMP041,Misty Harrington,HR,2026-03-02,09:31,17:37,8.1,IoT Monitoring,Bug Fixing,Completed,84,29,0.1,6,2.8,7,1,80,10,8,5.0,Low,Improving
EMP041,Misty Harrington,HR,2026-03-03,08:34,16:10,7.6,Client Portal,UI Design,Pending,81,14,0.0,6,2.2,2,1,76,11,11,5.0,Low,Improving
EMP041,Misty Harrington,HR,2026-03-04,10:44,18:50,8.1,IoT Monitoring,Client Support,Completed,78,18,0.1,4,2.8,6,6,69,5,5,4.2,Low,Stable
EMP041,Misty Harrington,HR,2026-03-05,10:09,18:15,8.1,HR System,Testing,Pending,86,28,0.1,1,2.7,3,1,76,15,9,4.8,Low,Improving
EMP041,Misty Harrington,HR,2026-03-06,09:49,17:31,7.7,CRM Dashboard,Database Update,Pending,73,15,0.0,1,2.7,10,2,64,8,8,4.5,Low,Stable
EMP041,Misty Harrington,HR,2026-03-07,09:47,18:23,8.6,IoT Monitoring,Client Support,Pending,73,17,0.6,2,2.2,2,7,70,15,11,3.7,Low,Stable
EMP041,Misty Harrington,HR,2026-03-09,08:25,17:01,8.6,AI Analytics,Bug Fixing,Completed,84,17,0.6,5,0.9,5,8,84,14,14,4.5,Low,Improving
EMP041,Misty Harrington,HR,2026-03-10,09:17,18:11,8.9,Client Portal,Database Update,In Progress,79,31,0.9,6,1.0,6,7,71,14,6,4.0,Low,Stable
EMP041,Misty Harrington,HR,2026-03-11,08:39,16:21,7.7,CRM Dashboard,Model Training,Completed,76,13,0.0,5,2.6,2,0,74,11,11,4.2,Low,Stable
EMP041,Misty Harrington,HR,2026-03-12,09:44,18:14,8.5,Mobile App,API Integration,Pending,89,34,0.5,2,1.7,3,6,87,15,4,4.8,Low,Improving
EMP041,Misty Harrington,HR,2026-03-13,10:50,19:38,8.8,CRM Dashboard,API Integration,Completed,87,17,0.8,5,1.2,5,0,80,8,8,4.5,Low,Improving
EMP041,Misty Harrington,HR,2026-03-14,10:28,19:52,9.4,Mobile App,Model Training,Completed,87,24,1.4,1,1.9,8,4,86,9,9,4.8,Medium,Improving
EMP041,Misty Harrington,HR,2026-03-16,08:04,17:22,9.3,Mobile App,Documentation,In Progress,92,21,1.3,3,2.7,4,8,86,14,6,5.0,Medium,Improving
EMP041,Misty Harrington,HR,2026-03-17,09:14,17:20,8.1,CRM Dashboard,Model Training,Pending,86,16,0.1,2,2.9,3,0,84,6,6,4.8,Low,Improving
EMP041,Misty Harrington,HR,2026-03-18,08:22,16:22,8.0,IoT Monitoring,Documentation,Pending,85,18,0.0,4,0.9,8,6,77,12,6,4.3,Low,Improving
EMP041,Misty Harrington,HR,2026-03-19,09:00,17:06,8.1,CRM Dashboard,Bug Fixing,Completed,75,22,0.1,5,1.7,8,4,69,6,4,4.4,Low,Stable
EMP041,Misty Harrington,HR,2026-03-20,09:27,18:45,9.3,HR System,Documentation,Pending,89,32,1.3,3,1.0,7,1,81,10,10,5.0,Medium,Improving
EMP041,Misty Harrington,HR,2026-03-21,10:16,17:58,7.7,IoT Monitoring,Client Support,Completed,82,11,0.0,4,1.1,8,6,76,14,5,4.4,Low,Improving
EMP041,Misty Harrington,HR,2026-03-23,09:17,18:23,9.1,Client Portal,Model Training,Completed,72,40,1.1,1,2.0,5,7,65,15,12,4.4,Medium,Stable
EMP041,Misty Harrington,HR,2026-03-24,08:28,17:52,9.4,HR System,Testing,Pending,92,12,1.4,2,2.1,10,3,84,11,11,5.0,Medium,Improving
EMP041,Misty Harrington,HR,2026-03-25,10:32,18:32,8.0,HR System,Model Training,Pending,87,16,0.0,1,1.0,2,8,87,15,12,5.0,Low,Improving
EMP041,Misty Harrington,HR,2026-03-26,09:51,18:03,8.2,AI Analytics,API Integration,Pending,72,35,0.2,3,1.2,4,5,62,12,12,4.4,Low,Stable
EMP041,Misty Harrington,HR,2026-03-27,10:37,19:43,9.1,IoT Monitoring,UI Design,In Progress,76,28,1.1,4,2.8,5,0,70,14,13,4.7,Medium,Stable
EMP041,Misty Harrington,HR,2026-03-28,10:39,20:09,9.5,Client Portal,Database Update,In Progress,90,18,1.5,5,2.2,3,8,89,13,5,4.6,Medium,Improving
EMP041,Misty Harrington,HR,2026-03-29,10:21,19:03,8.7,CRM Dashboard,Client Support,Pending,90,20,0.7,2,1.8,5,7,86,9,8,5.0,Low,Improving
EMP041,Misty Harrington,HR,2026-03-30,10:49,19:37,8.8,Client Portal,Bug Fixing,Pending,82,37,0.8,2,2.7,8,4,74,8,8,4.6,Low,Improving
EMP041,Misty Harrington,HR,2026-03-31,08:01,16:49,8.8,Mobile App,Documentation,In Progress,77,14,0.8,4,1.3,7,4,76,5,3,4.7,Low,Stable
EMP041,Misty Harrington,HR,2026-04-01,09:52,17:28,7.6,IoT Monitoring,Database Update,Pending,88,19,0.0,4,0.6,4,5,80,9,7,5.0,Low,Improving
EMP041,Misty Harrington,HR,2026-04-02,09:24,17:42,8.3,HR System,Model Training,Pending,89,25,0.3,5,0.6,9,0,79,6,6,5.0,Low,Improving
EMP041,Misty Harrington,HR,2026-04-03,09:35,17:05,7.5,CRM Dashboard,Model Training,Pending,86,15,0.0,6,0.7,10,1,80,6,6,4.9,Low,Improving
EMP041,Misty Harrington,HR,2026-04-04,10:21,19:33,9.2,CRM Dashboard,Client Support,Pending,72,29,1.2,1,2.1,7,3,72,7,7,4.3,Medium,Stable
EMP041,Misty Harrington,HR,2026-04-06,10:11,17:59,7.8,Client Portal,Client Support,Completed,87,35,0.0,5,1.3,9,7,86,11,9,4.6,Low,Improving
EMP041,Misty Harrington,HR,2026-04-07,10:36,19:24,8.8,Client Portal,Database Update,Completed,81,20,0.8,1,1.7,3,3,80,12,12,4.9,Low,Improving
EMP041,Misty Harrington,HR,2026-04-08,10:15,18:21,8.1,Client Portal,API Integration,Completed,82,36,0.1,1,3.0,7,1,77,10,5,5.0,Low,Improving
EMP041,Misty Harrington,HR,2026-04-09,08:34,16:46,8.2,HR System,Documentation,Completed,82,26,0.2,4,1.3,4,2,82,11,11,4.8,Low,Improving
EMP041,Misty Harrington,HR,2026-04-10,09:56,18:56,9.0,CRM Dashboard,Database Update,Completed,83,12,1.0,6,0.7,3,1,83,5,5,4.7,Medium,Improving
EMP041,Misty Harrington,HR,2026-04-11,09:15,18:33,9.3,Mobile App,API Integration,Pending,81,21,1.3,5,1.8,1,3,79,6,6,4.6,Medium,Improving
EMP041,Misty Harrington,HR,2026-04-12,09:21,17:57,8.6,Mobile App,API Integration,Pending,82,27,0.6,4,3.0,1,8,77,15,5,4.4,Low,Improving
EMP041,Misty Harrington,HR,2026-04-13,09:31,17:49,8.3,Client Portal,Client Support,Pending,85,28,0.3,2,0.7,9,4,79,13,13,5.0,Low,Improving
EMP041,Misty Harrington,HR,2026-04-14,10:48,18:18,7.5,AI Analytics,Testing,In Progress,76,38,0.0,6,1.0,9,7,72,8,6,3.9,Low,Stable
EMP041,Misty Harrington,HR,2026-04-15,08:26,17:32,9.1,HR System,Database Update,Completed,84,37,1.1,4,2.3,10,3,84,12,9,4.8,Medium,Improving
EMP041,Misty Harrington,HR,2026-04-16,10:58,19:04,8.1,IoT Monitoring,Model Training,In Progress,88,26,0.1,1,2.9,10,1,80,11,10,4.9,Low,Improving
EMP041,Misty Harrington,HR,2026-04-17,08:29,16:53,8.4,IoT Monitoring,Bug Fixing,Pending,89,32,0.4,2,2.1,4,3,89,5,5,4.9,Low,Improving
EMP041,Misty Harrington,HR,2026-04-18,09:27,18:03,8.6,CRM Dashboard,Database Update,Completed,82,14,0.6,6,2.9,9,7,72,13,13,4.8,Low,Improving
EMP041,Misty Harrington,HR,2026-04-20,10:13,18:13,8.0,CRM Dashboard,Testing,Completed,80,28,0.0,4,1.3,4,8,72,10,10,4.6,Low,Improving
EMP041,Misty Harrington,HR,2026-04-21,08:51,17:21,8.5,IoT Monitoring,UI Design,Pending,79,22,0.5,3,0.6,5,7,78,11,11,4.7,Low,Stable
EMP041,Misty Harrington,HR,2026-04-22,09:04,17:04,8.0,CRM Dashboard,Bug Fixing,Pending,79,26,0.0,2,3.0,4,6,79,12,4,4.9,Low,Stable
EMP041,Misty Harrington,HR,2026-04-23,08:10,16:46,8.6,CRM Dashboard,Database Update,Pending,86,14,0.6,5,2.6,2,1,80,7,4,4.4,Low,Improving
EMP041,Misty Harrington,HR,2026-04-24,10:17,19:17,9.0,CRM Dashboard,Database Update,Pending,85,40,1.0,6,1.1,10,8,81,10,10,4.6,Medium,Improving
EMP041,Misty Harrington,HR,2026-04-25,09:53,17:53,8.0,Client Portal,Database Update,Pending,86,17,0.0,4,2.9,8,1,79,9,9,5.0,Low,Improving
EMP041,Misty Harrington,HR,2026-04-27,10:06,18:00,7.9,Mobile App,Client Support,In Progress,85,37,0.0,2,0.9,8,3,85,8,8,4.3,Low,Improving
EMP041,Misty Harrington,HR,2026-04-28,09:23,18:47,9.4,AI Analytics,Database Update,In Progress,86,24,1.4,5,1.0,9,5,82,9,8,4.8,Medium,Improving
EMP041,Misty Harrington,HR,2026-04-29,10:42,18:24,7.7,Mobile App,Documentation,In Progress,81,21,0.0,5,2.0,7,6,71,15,10,4.6,Low,Improving
EMP041,Misty Harrington,HR,2026-04-30,10:22,19:46,9.4,CRM Dashboard,UI Design,Completed,88,25,1.4,4,2.3,5,0,86,6,4,4.9,Medium,Improving
EMP041,Misty Harrington,HR,2026-05-01,10:55,19:43,8.8,AI Analytics,Documentation,Pending,76,40,0.8,3,0.8,3,6,72,7,7,4.5,Low,Stable
EMP041,Misty Harrington,HR,2026-05-02,08:23,17:41,9.3,AI Analytics,Bug Fixing,In Progress,81,37,1.3,6,1.7,2,8,81,7,5,4.8,Medium,Improving
EMP041,Misty Harrington,HR,2026-05-03,08:55,17:19,8.4,HR System,Testing,Completed,85,27,0.4,5,2.0,5,0,81,8,6,4.9,Low,Improving
EMP041,Misty Harrington,HR,2026-05-04,09:29,18:17,8.8,CRM Dashboard,Client Support,Pending,81,35,0.8,5,1.1,1,1,76,9,4,4.7,Low,Improving
EMP041,Misty Harrington,HR,2026-05-05,08:02,16:08,8.1,AI Analytics,Bug Fixing,Pending,90,10,0.1,6,1.3,8,6,84,13,6,4.6,Low,Improving
EMP041,Misty Harrington,HR,2026-05-06,10:41,19:17,8.6,CRM Dashboard,Model Training,Completed,86,31,0.6,1,1.1,1,5,77,5,5,5.0,Low,Improving
EMP041,Misty Harrington,HR,2026-05-07,10:40,18:46,8.1,AI Analytics,Documentation,In Progress,84,18,0.1,6,2.5,2,3,77,5,5,4.3,Low,Improving
EMP041,Misty Harrington,HR,2026-05-08,09:53,19:17,9.4,AI Analytics,Documentation,Completed,84,30,1.4,1,2.6,1,1,78,14,13,5.0,Medium,Improving
EMP041,Misty Harrington,HR,2026-05-09,09:02,18:02,9.0,AI Analytics,UI Design,Pending,88,32,1.0,2,2.2,5,4,84,5,5,4.7,Medium,Improving
EMP041,Misty Harrington,HR,2026-05-10,10:04,19:16,9.2,AI Analytics,Testing,Completed,89,14,1.2,3,1.3,5,3,87,14,12,4.5,Medium,Improving
EMP041,Misty Harrington,HR,2026-05-11,09:39,19:03,9.4,CRM Dashboard,Client Support,Pending,72,30,1.4,5,0.5,6,7,64,8,7,3.8,Medium,Stable
EMP041,Misty Harrington,HR,2026-05-12,08:07,17:25,9.3,Mobile App,Model Training,Pending,91,40,1.3,2,2.3,10,8,84,10,5,4.9,Medium,Improving
EMP041,Misty Harrington,HR,2026-05-13,10:45,18:21,7.6,HR System,UI Design,In Progress,88,11,0.0,6,1.9,10,0,86,8,3,5.0,Low,Improving
EMP041,Misty Harrington,HR,2026-05-14,10:23,19:53,9.5,Client Portal,Bug Fixing,In Progress,73,35,1.5,3,1.6,9,0,64,6,6,4.0,Medium,Stable
EMP041,Misty Harrington,HR,2026-05-15,08:26,16:08,7.7,IoT Monitoring,UI Design,In Progress,88,27,0.0,3,2.5,5,0,78,9,7,5.0,Low,Improving
EMP041,Misty Harrington,HR,2026-05-16,10:13,19:19,9.1,Mobile App,UI Design,In Progress,79,15,1.1,3,1.3,7,3,75,14,12,4.2,Medium,Stable
EMP041,Misty Harrington,HR,2026-05-18,08:35,16:35,8.0,Mobile App,Database Update,In Progress,89,32,0.0,5,0.7,4,8,79,11,6,4.9,Low,Improving
EMP041,Misty Harrington,HR,2026-05-19,08:41,17:59,9.3,Client Portal,Documentation,Completed,87,28,1.3,3,2.0,6,5,85,13,10,4.6,Medium,Improving
EMP042,Stephanie Bennett,Support,2026-02-19,08:18,15:00,6.7,AI Analytics,Model Training,Pending,68,47,0.0,5,1.5,6,0,64,14,5,4.2,Low,Stable
EMP042,Stephanie Bennett,Support,2026-02-20,08:14,16:38,8.4,HR System,Bug Fixing,In Progress,71,46,0.4,4,0.8,8,2,70,12,5,3.9,Low,Stable
EMP042,Stephanie Bennett,Support,2026-02-21,08:36,15:24,6.8,Client Portal,API Integration,Completed,65,65,0.0,4,1.9,7,5,57,11,7,4.1,Low,Stable
EMP042,Stephanie Bennett,Support,2026-02-22,09:29,16:53,7.4,CRM Dashboard,API Integration,Pending,70,32,0.0,3,1.2,5,2,67,7,3,3.7,Low,Stable
EMP042,Stephanie Bennett,Support,2026-02-23,09:17,17:53,8.6,Client Portal,Bug Fixing,Completed,74,34,0.6,6,2.7,7,6,74,9,9,3.7,Low,Stable
EMP042,Stephanie Bennett,Support,2026-02-24,09:23,17:11,7.8,CRM Dashboard,Model Training,Completed,80,65,0.0,2,0.7,10,3,74,12,5,4.4,Low,Improving
EMP042,Stephanie Bennett,Support,2026-02-25,09:19,15:55,6.6,CRM Dashboard,Testing,Pending,78,43,0.0,6,1.6,6,8,72,11,3,4.0,Low,Stable
EMP042,Stephanie Bennett,Support,2026-02-26,10:07,17:31,7.4,AI Analytics,Model Training,In Progress,66,46,0.0,5,2.4,3,6,58,6,4,3.6,Low,Stable
EMP042,Stephanie Bennett,Support,2026-02-27,09:57,18:09,8.2,HR System,Testing,Pending,60,58,0.2,1,2.0,10,1,52,10,5,3.4,Low,Stable
EMP042,Stephanie Bennett,Support,2026-02-28,10:43,17:55,7.2,Mobile App,Bug Fixing,Pending,60,60,0.0,5,1.0,8,8,53,15,7,3.0,Low,Stable
EMP042,Stephanie Bennett,Support,2026-03-01,08:23,15:41,7.3,IoT Monitoring,Model Training,Completed,68,65,0.0,6,1.4,1,6,68,9,7,3.5,Low,Stable
EMP042,Stephanie Bennett,Support,2026-03-02,08:24,16:00,7.6,IoT Monitoring,Documentation,Completed,69,45,0.0,5,1.5,5,7,65,10,10,3.5,Low,Stable
EMP042,Stephanie Bennett,Support,2026-03-03,10:16,17:58,7.7,AI Analytics,API Integration,In Progress,60,61,0.0,2,0.6,9,1,57,5,5,3.5,Low,Stable
EMP042,Stephanie Bennett,Support,2026-03-04,10:41,19:35,8.9,Mobile App,API Integration,Pending,62,53,0.9,4,1.4,5,4,58,11,11,3.3,Low,Stable
EMP042,Stephanie Bennett,Support,2026-03-05,09:55,18:25,8.5,HR System,API Integration,Pending,62,33,0.5,4,1.1,3,6,58,14,5,3.5,Low,Stable
EMP042,Stephanie Bennett,Support,2026-03-06,08:37,15:49,7.2,HR System,Client Support,Pending,66,59,0.0,2,2.9,8,6,62,10,6,4.2,Low,Stable
EMP042,Stephanie Bennett,Support,2026-03-07,10:17,17:59,7.7,IoT Monitoring,UI Design,Completed,61,32,0.0,5,1.7,10,4,53,14,3,3.9,Low,Stable
EMP042,Stephanie Bennett,Support,2026-03-09,09:55,18:31,8.6,IoT Monitoring,API Integration,Completed,69,45,0.6,3,2.9,3,8,60,8,5,4.2,Low,Stable
EMP042,Stephanie Bennett,Support,2026-03-10,09:52,18:16,8.4,HR System,UI Design,Pending,77,67,0.4,3,2.5,7,0,68,6,6,4.1,Low,Stable
EMP042,Stephanie Bennett,Support,2026-03-11,09:37,18:31,8.9,Mobile App,UI Design,In Progress,78,63,0.9,3,2.6,8,5,78,5,5,4.3,Low,Stable
EMP042,Stephanie Bennett,Support,2026-03-12,08:43,17:25,8.7,Client Portal,Client Support,In Progress,78,53,0.7,4,2.0,8,7,70,5,5,4.1,Low,Stable
EMP042,Stephanie Bennett,Support,2026-03-13,09:35,17:59,8.4,HR System,Database Update,In Progress,68,48,0.4,1,1.7,6,8,62,14,3,4.1,Low,Stable
EMP042,Stephanie Bennett,Support,2026-03-14,08:22,15:52,7.5,Client Portal,Documentation,In Progress,80,61,0.0,1,1.2,4,7,73,15,13,4.3,Low,Improving
EMP042,Stephanie Bennett,Support,2026-03-15,10:37,19:31,8.9,Mobile App,Client Support,In Progress,61,60,0.9,5,0.6,7,8,56,13,5,3.9,Low,Stable
EMP042,Stephanie Bennett,Support,2026-03-16,08:08,16:02,7.9,CRM Dashboard,UI Design,In Progress,72,63,0.0,2,1.3,1,2,69,13,13,3.8,Low,Stable
EMP042,Stephanie Bennett,Support,2026-03-17,09:45,16:33,6.8,Client Portal,API Integration,In Progress,70,37,0.0,6,1.3,5,6,65,9,7,3.8,Low,Stable
EMP042,Stephanie Bennett,Support,2026-03-18,10:45,17:39,6.9,CRM Dashboard,Bug Fixing,Completed,71,50,0.0,5,1.1,10,3,71,14,13,4.5,Low,Stable
EMP042,Stephanie Bennett,Support,2026-03-19,09:55,17:19,7.4,Mobile App,Bug Fixing,Pending,78,41,0.0,1,2.1,3,6,74,13,4,4.0,Low,Stable
EMP042,Stephanie Bennett,Support,2026-03-20,08:36,17:18,8.7,AI Analytics,Testing,Pending,71,57,0.7,4,0.8,5,1,61,10,10,3.8,Low,Stable
EMP042,Stephanie Bennett,Support,2026-03-21,09:15,15:51,6.6,Mobile App,Client Support,Pending,76,36,0.0,1,1.3,2,8,67,11,6,4.8,Low,Stable
EMP042,Stephanie Bennett,Support,2026-03-23,09:19,18:07,8.8,CRM Dashboard,Testing,Completed,62,31,0.8,5,1.9,8,2,52,13,3,3.7,Low,Stable
EMP042,Stephanie Bennett,Support,2026-03-24,09:50,16:50,7.0,CRM Dashboard,Database Update,Pending,78,36,0.0,2,2.7,9,5,74,6,6,4.2,Low,Stable
EMP042,Stephanie Bennett,Support,2026-03-25,09:03,17:21,8.3,Mobile App,Model Training,Pending,65,40,0.3,4,1.0,1,3,63,13,6,3.6,Low,Stable
EMP042,Stephanie Bennett,Support,2026-03-26,09:53,17:29,7.6,Mobile App,Testing,Completed,71,35,0.0,6,2.0,10,1,66,8,8,4.1,Low,Stable
EMP042,Stephanie Bennett,Support,2026-03-27,10:13,18:43,8.5,HR System,Model Training,Pending,78,62,0.5,1,0.9,10,4,78,14,5,3.9,Low,Stable
EMP042,Stephanie Bennett,Support,2026-03-28,10:13,17:43,7.5,Mobile App,Model Training,Pending,62,55,0.0,1,1.2,7,4,52,13,5,3.3,Low,Stable
EMP042,Stephanie Bennett,Support,2026-03-30,08:27,15:15,6.8,Mobile App,Bug Fixing,Pending,66,36,0.0,1,1.2,7,3,64,6,6,3.6,Low,Stable
EMP042,Stephanie Bennett,Support,2026-03-31,08:54,16:12,7.3,Client Portal,Client Support,Completed,79,59,0.0,2,2.9,6,8,73,10,5,4.8,Low,Stable
EMP042,Stephanie Bennett,Support,2026-04-01,08:15,15:33,7.3,AI Analytics,Bug Fixing,Completed,71,41,0.0,3,1.3,9,8,62,6,6,4.0,Low,Stable
EMP042,Stephanie Bennett,Support,2026-04-02,09:24,17:12,7.8,AI Analytics,Testing,Pending,66,37,0.0,1,2.1,1,6,56,5,5,3.7,Low,Stable
EMP042,Stephanie Bennett,Support,2026-04-03,08:45,17:33,8.8,CRM Dashboard,UI Design,Completed,66,53,0.8,4,2.5,8,8,64,7,5,3.7,Low,Stable
EMP042,Stephanie Bennett,Support,2026-04-04,09:47,16:29,6.7,Client Portal,API Integration,In Progress,71,33,0.0,6,0.7,1,1,64,12,12,3.9,Low,Stable
EMP042,Stephanie Bennett,Support,2026-04-06,09:09,15:51,6.7,AI Analytics,Client Support,In Progress,64,69,0.0,4,2.4,9,8,57,13,8,3.4,Low,Stable
EMP042,Stephanie Bennett,Support,2026-04-07,08:32,15:20,6.8,AI Analytics,Bug Fixing,Pending,65,48,0.0,5,0.8,7,6,65,7,7,3.9,Low,Stable
EMP042,Stephanie Bennett,Support,2026-04-08,08:28,15:16,6.8,HR System,Bug Fixing,In Progress,78,63,0.0,5,1.6,8,4,71,14,11,4.6,Low,Stable
EMP042,Stephanie Bennett,Support,2026-04-09,08:56,17:02,8.1,HR System,Documentation,In Progress,77,58,0.1,4,1.3,4,0,76,8,8,4.1,Low,Stable
EMP042,Stephanie Bennett,Support,2026-04-10,08:16,15:46,7.5,HR System,API Integration,Completed,78,41,0.0,6,1.3,1,7,78,8,6,4.2,Low,Stable
EMP042,Stephanie Bennett,Support,2026-04-11,08:31,15:01,6.5,HR System,UI Design,In Progress,76,58,0.0,1,1.4,6,0,73,10,4,4.3,Low,Stable
EMP042,Stephanie Bennett,Support,2026-04-13,10:51,18:21,7.5,Mobile App,API Integration,Completed,71,30,0.0,2,2.9,1,6,64,15,8,4.5,Low,Stable
EMP042,Stephanie Bennett,Support,2026-04-14,08:48,16:48,8.0,CRM Dashboard,Testing,In Progress,63,45,0.0,2,1.9,2,0,53,14,11,4.0,Low,Stable
EMP042,Stephanie Bennett,Support,2026-04-15,09:31,18:25,8.9,Client Portal,Testing,Completed,64,52,0.9,5,1.7,4,5,54,13,11,3.6,Low,Stable
EMP042,Stephanie Bennett,Support,2026-04-16,10:52,18:04,7.2,IoT Monitoring,Model Training,Pending,66,57,0.0,6,1.9,8,8,60,9,7,3.9,Low,Stable
EMP042,Stephanie Bennett,Support,2026-04-17,08:19,16:07,7.8,AI Analytics,Database Update,In Progress,71,66,0.0,4,3.0,4,3,64,10,4,3.8,Low,Stable
EMP042,Stephanie Bennett,Support,2026-04-18,08:45,15:57,7.2,AI Analytics,Database Update,In Progress,78,43,0.0,5,0.9,4,7,71,12,11,4.7,Low,Stable
EMP042,Stephanie Bennett,Support,2026-04-20,09:38,17:14,7.6,AI Analytics,UI Design,Completed,77,54,0.0,6,2.1,3,6,70,13,11,4.2,Low,Stable
EMP042,Stephanie Bennett,Support,2026-04-21,10:45,18:45,8.0,CRM Dashboard,UI Design,Completed,70,58,0.0,1,2.8,7,3,62,8,3,3.6,Low,Stable
EMP042,Stephanie Bennett,Support,2026-04-22,09:38,17:20,7.7,CRM Dashboard,Documentation,Completed,72,63,0.0,4,0.9,2,4,65,5,5,4.0,Low,Stable
EMP042,Stephanie Bennett,Support,2026-04-23,09:53,18:05,8.2,Mobile App,Model Training,In Progress,60,60,0.2,6,2.8,7,4,55,13,7,3.6,Low,Stable
EMP042,Stephanie Bennett,Support,2026-04-24,08:16,15:22,7.1,Mobile App,UI Design,Completed,77,37,0.0,1,1.5,9,8,74,11,10,4.6,Low,Stable
EMP042,Stephanie Bennett,Support,2026-04-25,10:53,18:41,7.8,AI Analytics,API Integration,Pending,61,48,0.0,1,2.9,2,7,60,9,9,3.6,Low,Stable
EMP042,Stephanie Bennett,Support,2026-04-26,10:05,18:05,8.0,HR System,Bug Fixing,In Progress,70,47,0.0,6,2.3,9,3,68,5,4,4.2,Low,Stable
EMP042,Stephanie Bennett,Support,2026-04-27,09:14,17:50,8.6,Client Portal,Testing,Completed,64,49,0.6,4,1.2,9,3,55,9,3,3.9,Low,Stable
EMP042,Stephanie Bennett,Support,2026-04-28,08:03,15:15,7.2,Client Portal,Bug Fixing,In Progress,70,52,0.0,3,1.3,10,6,69,14,9,4.0,Low,Stable
EMP042,Stephanie Bennett,Support,2026-04-29,09:53,18:17,8.4,CRM Dashboard,Client Support,Completed,75,60,0.4,2,2.5,5,2,75,12,12,3.8,Low,Stable
EMP042,Stephanie Bennett,Support,2026-04-30,10:58,17:58,7.0,HR System,Testing,Pending,61,62,0.0,4,2.6,4,8,58,15,5,3.7,Low,Stable
EMP042,Stephanie Bennett,Support,2026-05-01,08:53,16:53,8.0,CRM Dashboard,Model Training,Pending,74,52,0.0,5,1.3,9,6,68,7,7,4.0,Low,Stable
EMP042,Stephanie Bennett,Support,2026-05-02,10:44,18:08,7.4,CRM Dashboard,Model Training,Pending,66,42,0.0,2,0.8,8,8,56,15,9,3.8,Low,Stable
EMP042,Stephanie Bennett,Support,2026-05-03,10:07,17:49,7.7,HR System,API Integration,Pending,67,44,0.0,1,0.5,4,8,59,6,6,3.5,Low,Stable
EMP042,Stephanie Bennett,Support,2026-05-04,08:43,17:19,8.6,HR System,Model Training,In Progress,60,39,0.6,4,2.6,5,6,57,6,6,3.6,Low,Stable
EMP042,Stephanie Bennett,Support,2026-05-05,08:49,16:43,7.9,CRM Dashboard,Database Update,In Progress,64,36,0.0,6,2.5,3,1,57,10,10,3.7,Low,Stable
EMP042,Stephanie Bennett,Support,2026-05-06,10:01,16:43,6.7,Client Portal,Bug Fixing,Completed,71,64,0.0,6,1.5,6,0,70,14,13,4.5,Low,Stable
EMP042,Stephanie Bennett,Support,2026-05-07,10:31,19:07,8.6,Client Portal,API Integration,Pending,74,42,0.6,5,2.4,3,7,65,8,7,4.3,Low,Stable
EMP042,Stephanie Bennett,Support,2026-05-08,08:56,15:38,6.7,Client Portal,Database Update,In Progress,74,59,0.0,5,0.8,4,8,69,8,8,3.9,Low,Stable
EMP042,Stephanie Bennett,Support,2026-05-09,09:16,16:46,7.5,AI Analytics,Documentation,Completed,74,69,0.0,5,2.7,10,7,68,11,8,4.5,Low,Stable
EMP042,Stephanie Bennett,Support,2026-05-10,08:26,15:56,7.5,Client Portal,Bug Fixing,Completed,60,40,0.0,6,0.9,6,5,56,14,4,3.2,Low,Stable
EMP042,Stephanie Bennett,Support,2026-05-11,08:08,15:20,7.2,HR System,Bug Fixing,Pending,78,51,0.0,3,2.3,5,8,78,13,6,4.3,Low,Stable
EMP042,Stephanie Bennett,Support,2026-05-12,08:47,16:11,7.4,Client Portal,Documentation,Completed,68,46,0.0,4,2.6,3,1,68,10,7,4.2,Low,Stable
EMP042,Stephanie Bennett,Support,2026-05-13,10:38,17:56,7.3,CRM Dashboard,Documentation,In Progress,73,57,0.0,2,2.0,2,4,63,10,3,4.0,Low,Stable
EMP042,Stephanie Bennett,Support,2026-05-14,08:51,17:21,8.5,IoT Monitoring,API Integration,In Progress,76,63,0.5,1,1.3,4,4,69,7,4,3.9,Low,Stable
EMP042,Stephanie Bennett,Support,2026-05-15,08:22,15:34,7.2,HR System,API Integration,Pending,61,43,0.0,3,1.8,8,5,59,5,5,3.5,Low,Stable
EMP042,Stephanie Bennett,Support,2026-05-16,10:13,17:13,7.0,Mobile App,Client Support,In Progress,73,51,0.0,2,2.4,3,3,69,10,10,3.7,Low,Stable
EMP042,Stephanie Bennett,Support,2026-05-18,08:25,16:25,8.0,CRM Dashboard,Documentation,Completed,63,44,0.0,2,0.8,9,5,60,15,4,4.0,Low,Stable
EMP042,Stephanie Bennett,Support,2026-05-19,09:43,18:01,8.3,Mobile App,Bug Fixing,In Progress,65,41,0.3,5,1.3,2,3,55,10,10,3.3,Low,Stable
EMP043,Dominique Dodson,AI/ML,2026-02-19,10:11,17:47,7.6,AI Analytics,Client Support,Pending,84,15,0.0,5,1.1,2,6,76,12,10,5.0,Low,Improving
EMP043,Dominique Dodson,AI/ML,2026-02-20,10:08,19:08,9.0,HR System,Database Update,Completed,88,33,1.0,6,1.2,2,1,84,12,12,5.0,Medium,Improving
EMP043,Dominique Dodson,AI/ML,2026-02-21,08:18,16:54,8.6,Client Portal,Bug Fixing,Completed,100,32,0.6,3,0.5,6,0,93,13,12,5.0,Low,Improving
EMP043,Dominique Dodson,AI/ML,2026-02-23,08:27,17:09,8.7,CRM Dashboard,Model Training,Pending,88,12,0.7,1,2.2,1,2,87,12,11,4.7,Low,Improving
EMP043,Dominique Dodson,AI/ML,2026-02-24,08:00,16:30,8.5,IoT Monitoring,Model Training,Completed,99,34,0.5,6,2.2,10,0,89,13,5,5.0,Low,Improving
EMP043,Dominique Dodson,AI/ML,2026-02-25,09:27,17:39,8.2,IoT Monitoring,Testing,In Progress,99,34,0.2,3,1.6,1,2,91,15,15,5.0,Low,Improving
EMP043,Dominique Dodson,AI/ML,2026-02-26,10:38,19:44,9.1,IoT Monitoring,Client Support,In Progress,98,32,1.1,1,2.4,7,4,91,7,3,5.0,Medium,Improving
EMP043,Dominique Dodson,AI/ML,2026-02-27,09:11,17:53,8.7,Mobile App,Bug Fixing,Completed,87,39,0.7,6,2.9,8,3,82,7,4,4.4,Low,Improving
EMP043,Dominique Dodson,AI/ML,2026-02-28,10:52,19:46,8.9,IoT Monitoring,Testing,Completed,94,40,0.9,2,1.3,1,1,84,7,7,5.0,Low,Improving
EMP043,Dominique Dodson,AI/ML,2026-03-02,08:36,16:48,8.2,CRM Dashboard,Documentation,Completed,100,32,0.2,6,2.4,10,6,97,14,6,5.0,Low,Improving
EMP043,Dominique Dodson,AI/ML,2026-03-03,08:55,18:19,9.4,AI Analytics,Database Update,Pending,85,24,1.4,5,1.6,7,7,81,5,3,4.4,Medium,Improving
EMP043,Dominique Dodson,AI/ML,2026-03-04,09:43,18:37,8.9,HR System,API Integration,Completed,87,40,0.9,2,2.0,1,1,81,8,3,5.0,Low,Improving
EMP043,Dominique Dodson,AI/ML,2026-03-05,10:06,19:24,9.3,HR System,Client Support,Completed,96,20,1.3,6,2.1,9,4,94,14,12,5.0,Medium,Improving
EMP043,Dominique Dodson,AI/ML,2026-03-06,10:09,18:33,8.4,HR System,Model Training,In Progress,87,21,0.4,5,2.9,10,8,79,9,6,4.5,Low,Improving
EMP043,Dominique Dodson,AI/ML,2026-03-07,08:41,16:35,7.9,IoT Monitoring,Client Support,Completed,82,35,0.0,1,2.2,9,1,75,9,7,4.4,Low,Improving
EMP043,Dominique Dodson,AI/ML,2026-03-09,09:56,17:50,7.9,HR System,Model Training,Pending,85,33,0.0,1,1.4,2,7,82,12,6,4.4,Low,Improving
EMP043,Dominique Dodson,AI/ML,2026-03-10,09:32,18:50,9.3,IoT Monitoring,Database Update,Pending,98,25,1.3,5,1.1,9,3,94,12,11,5.0,Medium,Improving
EMP043,Dominique Dodson,AI/ML,2026-03-11,09:11,18:29,9.3,HR System,Client Support,In Progress,100,10,1.3,2,0.8,9,1,99,10,4,5.0,Medium,Improving
EMP043,Dominique Dodson,AI/ML,2026-03-12,08:16,16:28,8.2,AI Analytics,Client Support,Pending,98,23,0.2,2,2.7,5,5,98,13,12,5.0,Low,Improving
EMP043,Dominique Dodson,AI/ML,2026-03-13,10:11,19:41,9.5,Mobile App,Model Training,In Progress,88,18,1.5,5,0.8,5,6,80,15,3,5.0,Medium,Improving
EMP043,Dominique Dodson,AI/ML,2026-03-14,09:59,18:41,8.7,Mobile App,UI Design,In Progress,88,13,0.7,5,1.3,6,0,88,6,5,4.7,Low,Improving
EMP043,Dominique Dodson,AI/ML,2026-03-15,08:05,15:47,7.7,Mobile App,Database Update,Pending,93,16,0.0,3,2.3,7,5,92,11,7,5.0,Low,Improving
EMP043,Dominique Dodson,AI/ML,2026-03-16,09:48,19:00,9.2,Mobile App,Documentation,Completed,82,29,1.2,5,2.7,6,0,75,13,3,4.6,Medium,Improving
EMP043,Dominique Dodson,AI/ML,2026-03-17,09:14,16:50,7.6,CRM Dashboard,Client Support,Completed,97,13,0.0,3,1.5,2,0,88,7,7,5.0,Low,Improving
EMP043,Dominique Dodson,AI/ML,2026-03-18,10:46,18:40,7.9,CRM Dashboard,API Integration,Pending,83,24,0.0,1,1.8,6,7,76,11,9,5.0,Low,Improving
EMP043,Dominique Dodson,AI/ML,2026-03-19,10:58,20:10,9.2,Client Portal,API Integration,In Progress,95,15,1.2,1,1.2,10,2,87,10,10,5.0,Medium,Improving
EMP043,Dominique Dodson,AI/ML,2026-03-20,09:14,17:08,7.9,HR System,API Integration,Completed,93,11,0.0,5,2.5,1,7,87,7,7,5.0,Low,Improving
EMP043,Dominique Dodson,AI/ML,2026-03-21,09:37,17:55,8.3,AI Analytics,UI Design,Pending,83,32,0.3,3,1.9,1,5,76,12,9,4.9,Low,Improving
EMP043,Dominique Dodson,AI/ML,2026-03-22,08:35,17:17,8.7,Mobile App,Documentation,Pending,97,36,0.7,1,1.4,8,7,87,6,5,4.9,Low,Improving
EMP043,Dominique Dodson,AI/ML,2026-03-23,09:59,19:23,9.4,HR System,Database Update,Completed,92,12,1.4,2,1.8,2,0,89,7,4,4.7,Medium,Improving
EMP043,Dominique Dodson,AI/ML,2026-03-24,09:44,17:38,7.9,IoT Monitoring,Documentation,Pending,95,16,0.0,1,2.7,10,0,86,10,10,4.9,Low,Improving
EMP043,Dominique Dodson,AI/ML,2026-03-25,08:06,15:48,7.7,IoT Monitoring,UI Design,Pending,99,20,0.0,4,1.1,1,5,93,5,5,5.0,Low,Improving
EMP043,Dominique Dodson,AI/ML,2026-03-26,09:31,17:07,7.6,Mobile App,Model Training,In Progress,84,40,0.0,5,2.8,6,4,75,9,6,4.3,Low,Improving
EMP043,Dominique Dodson,AI/ML,2026-03-27,10:54,19:06,8.2,HR System,Documentation,Pending,95,35,0.2,6,2.8,1,0,88,6,6,5.0,Low,Improving
EMP043,Dominique Dodson,AI/ML,2026-03-28,10:26,18:50,8.4,CRM Dashboard,Client Support,Completed,98,10,0.4,5,1.4,1,7,88,14,8,5.0,Low,Improving
EMP043,Dominique Dodson,AI/ML,2026-03-30,10:54,18:42,7.8,Mobile App,API Integration,Completed,94,15,0.0,2,1.9,7,0,91,8,5,5.0,Low,Improving
EMP043,Dominique Dodson,AI/ML,2026-03-31,09:24,18:00,8.6,HR System,Client Support,Pending,91,37,0.6,4,1.8,2,7,83,6,6,5.0,Low,Improving
EMP043,Dominique Dodson,AI/ML,2026-04-01,08:50,17:20,8.5,Client Portal,Database Update,Pending,89,28,0.5,4,0.5,8,4,79,14,8,4.6,Low,Improving
EMP043,Dominique Dodson,AI/ML,2026-04-02,08:14,16:14,8.0,IoT Monitoring,API Integration,Pending,84,18,0.0,6,2.1,5,6,76,7,7,5.0,Low,Improving
EMP043,Dominique Dodson,AI/ML,2026-04-03,08:00,16:18,8.3,AI Analytics,Testing,Pending,100,25,0.3,4,1.7,8,0,99,5,5,5.0,Low,Improving
EMP043,Dominique Dodson,AI/ML,2026-04-04,09:58,19:28,9.5,IoT Monitoring,UI Design,Completed,92,27,1.5,4,1.1,4,8,85,5,5,4.7,Medium,Improving
EMP043,Dominique Dodson,AI/ML,2026-04-06,08:54,18:00,9.1,Mobile App,Testing,Pending,84,21,1.1,3,0.7,10,4,80,12,5,4.3,Medium,Improving
EMP043,Dominique Dodson,AI/ML,2026-04-07,08:48,16:30,7.7,Mobile App,API Integration,Completed,89,13,0.0,5,2.6,6,8,87,13,5,4.9,Low,Improving
EMP043,Dominique Dodson,AI/ML,2026-04-08,10:22,18:34,8.2,Mobile App,Model Training,Completed,90,20,0.2,3,2.8,9,2,83,6,4,4.9,Low,Improving
EMP043,Dominique Dodson,AI/ML,2026-04-09,10:19,19:37,9.3,HR System,Model Training,In Progress,95,35,1.3,3,2.4,5,8,91,10,7,5.0,Medium,Improving
EMP043,Dominique Dodson,AI/ML,2026-04-10,10:23,18:53,8.5,Mobile App,Client Support,Pending,85,17,0.5,1,2.0,8,5,82,13,6,4.6,Low,Improving
EMP043,Dominique Dodson,AI/ML,2026-04-11,09:31,17:55,8.4,IoT Monitoring,Documentation,In Progress,95,38,0.4,3,1.8,4,1,89,8,8,5.0,Low,Improving
EMP043,Dominique Dodson,AI/ML,2026-04-13,09:09,17:27,8.3,CRM Dashboard,Bug Fixing,In Progress,89,38,0.3,3,2.1,2,3,83,14,9,4.7,Low,Improving
EMP043,Dominique Dodson,AI/ML,2026-04-14,08:09,16:27,8.3,Mobile App,Bug Fixing,Pending,87,29,0.3,2,2.0,4,4,84,5,3,4.8,Low,Improving
EMP043,Dominique Dodson,AI/ML,2026-04-15,10:28,18:58,8.5,Client Portal,Documentation,Completed,100,27,0.5,6,1.1,6,2,91,15,3,5.0,Low,Improving
EMP043,Dominique Dodson,AI/ML,2026-04-16,09:12,18:06,8.9,CRM Dashboard,Model Training,In Progress,85,32,0.9,1,2.8,6,5,81,10,8,5.0,Low,Improving
EMP043,Dominique Dodson,AI/ML,2026-04-17,09:08,17:26,8.3,HR System,API Integration,Completed,86,19,0.3,1,2.6,10,0,86,12,3,4.4,Low,Improving
EMP043,Dominique Dodson,AI/ML,2026-04-18,10:12,19:42,9.5,Mobile App,Database Update,Pending,86,38,1.5,6,1.6,3,2,80,7,3,4.7,Medium,Improving
EMP043,Dominique Dodson,AI/ML,2026-04-20,09:06,17:06,8.0,AI Analytics,Database Update,Pending,97,18,0.0,3,0.9,7,0,95,8,7,4.9,Low,Improving
EMP043,Dominique Dodson,AI/ML,2026-04-21,10:41,18:35,7.9,Mobile App,Database Update,Completed,100,24,0.0,3,2.0,5,7,94,8,5,5.0,Low,Improving
EMP043,Dominique Dodson,AI/ML,2026-04-22,10:18,19:24,9.1,IoT Monitoring,API Integration,In Progress,92,30,1.1,3,1.8,5,0,86,5,5,5.0,Medium,Improving
EMP043,Dominique Dodson,AI/ML,2026-04-23,10:04,18:34,8.5,IoT Monitoring,Documentation,Completed,96,28,0.5,3,1.6,7,4,93,7,6,5.0,Low,Improving
EMP043,Dominique Dodson,AI/ML,2026-04-24,09:57,18:27,8.5,HR System,API Integration,Completed,95,40,0.5,6,2.5,5,3,91,6,6,4.9,Low,Improving
EMP043,Dominique Dodson,AI/ML,2026-04-25,09:38,18:20,8.7,HR System,Testing,Pending,86,16,0.7,1,2.0,2,5,82,12,8,5.0,Low,Improving
EMP043,Dominique Dodson,AI/ML,2026-04-27,10:29,18:35,8.1,Mobile App,Database Update,In Progress,85,12,0.1,1,2.2,4,1,81,10,10,4.3,Low,Improving
EMP043,Dominique Dodson,AI/ML,2026-04-28,10:01,18:13,8.2,IoT Monitoring,UI Design,Pending,85,38,0.2,2,1.0,1,1,76,15,10,5.0,Low,Improving
EMP043,Dominique Dodson,AI/ML,2026-04-29,10:12,18:36,8.4,AI Analytics,API Integration,In Progress,100,29,0.4,2,2.1,2,4,99,15,10,5.0,Low,Improving
EMP043,Dominique Dodson,AI/ML,2026-04-30,10:00,17:54,7.9,CRM Dashboard,API Integration,Completed,100,23,0.0,4,2.3,4,7,98,12,6,5.0,Low,Improving
EMP043,Dominique Dodson,AI/ML,2026-05-01,08:03,16:57,8.9,IoT Monitoring,Testing,In Progress,88,10,0.9,5,1.6,4,5,83,10,4,4.9,Low,Improving
EMP043,Dominique Dodson,AI/ML,2026-05-02,08:46,17:04,8.3,IoT Monitoring,Bug Fixing,Pending,100,23,0.3,4,2.2,3,4,97,13,10,5.0,Low,Improving
EMP043,Dominique Dodson,AI/ML,2026-05-04,08:56,18:20,9.4,Client Portal,Client Support,Completed,90,26,1.4,4,0.8,5,6,86,15,14,5.0,Medium,Improving
EMP043,Dominique Dodson,AI/ML,2026-05-05,10:14,17:44,7.5,IoT Monitoring,Database Update,Completed,93,34,0.0,3,2.1,5,3,89,11,5,4.7,Low,Improving
EMP043,Dominique Dodson,AI/ML,2026-05-06,09:10,17:46,8.6,Mobile App,UI Design,Completed,82,33,0.6,4,1.3,9,4,77,14,6,4.5,Low,Improving
EMP043,Dominique Dodson,AI/ML,2026-05-07,09:01,17:01,8.0,Client Portal,Database Update,Pending,99,20,0.0,6,1.1,5,1,91,6,6,5.0,Low,Improving
EMP043,Dominique Dodson,AI/ML,2026-05-08,09:17,17:47,8.5,IoT Monitoring,Documentation,Pending,89,24,0.5,1,2.9,6,7,88,8,8,5.0,Low,Improving
EMP043,Dominique Dodson,AI/ML,2026-05-09,10:33,19:45,9.2,Mobile App,Bug Fixing,Completed,93,10,1.2,4,2.5,8,2,92,12,6,5.0,Medium,Improving
EMP043,Dominique Dodson,AI/ML,2026-05-11,09:52,17:22,7.5,CRM Dashboard,Documentation,Completed,90,35,0.0,6,2.0,2,3,90,10,10,5.0,Low,Improving
EMP043,Dominique Dodson,AI/ML,2026-05-12,10:49,19:37,8.8,HR System,API Integration,Pending,98,19,0.8,4,2.7,2,0,93,6,3,5.0,Low,Improving
EMP043,Dominique Dodson,AI/ML,2026-05-13,09:52,18:28,8.6,IoT Monitoring,UI Design,Completed,96,20,0.6,4,1.2,10,4,90,14,12,5.0,Low,Improving
EMP043,Dominique Dodson,AI/ML,2026-05-14,10:41,18:35,7.9,Mobile App,Testing,Completed,95,16,0.0,3,1.0,9,1,91,14,10,5.0,Low,Improving
EMP043,Dominique Dodson,AI/ML,2026-05-15,09:21,17:27,8.1,Mobile App,Bug Fixing,In Progress,86,25,0.1,1,0.8,5,7,77,6,5,4.7,Low,Improving
EMP043,Dominique Dodson,AI/ML,2026-05-16,08:26,16:44,8.3,IoT Monitoring,API Integration,In Progress,86,24,0.3,5,2.2,7,0,85,10,5,5.0,Low,Improving
EMP043,Dominique Dodson,AI/ML,2026-05-18,10:45,18:21,7.6,CRM Dashboard,Model Training,Pending,82,38,0.0,3,1.7,9,7,76,11,5,4.8,Low,Improving
EMP043,Dominique Dodson,AI/ML,2026-05-19,09:08,16:38,7.5,AI Analytics,API Integration,Completed,94,14,0.0,3,1.9,7,4,93,8,8,5.0,Low,Improving
EMP044,Susan Hansen,UI/UX,2026-02-19,10:41,18:17,7.6,AI Analytics,Documentation,Pending,71,46,0.0,2,2.5,1,3,64,13,11,4.1,Low,Stable
EMP044,Susan Hansen,UI/UX,2026-02-20,09:54,16:36,6.7,CRM Dashboard,Client Support,Pending,71,56,0.0,3,2.5,8,8,70,8,8,4.3,Low,Stable
EMP044,Susan Hansen,UI/UX,2026-02-21,10:42,18:12,7.5,HR System,Client Support,Pending,73,35,0.0,4,1.6,5,3,68,8,8,4.4,Low,Stable
EMP044,Susan Hansen,UI/UX,2026-02-23,09:48,18:24,8.6,CRM Dashboard,Testing,Completed,66,58,0.6,4,2.6,2,5,61,9,9,4.2,Low,Stable
EMP044,Susan Hansen,UI/UX,2026-02-24,08:08,14:56,6.8,CRM Dashboard,Client Support,In Progress,80,49,0.0,1,1.8,7,5,73,13,9,4.6,Low,Improving
EMP044,Susan Hansen,UI/UX,2026-02-25,09:09,17:33,8.4,Mobile App,Model Training,Completed,65,35,0.4,5,1.4,1,0,62,11,11,3.8,Low,Stable
EMP044,Susan Hansen,UI/UX,2026-02-26,09:05,16:59,7.9,IoT Monitoring,Bug Fixing,Completed,67,57,0.0,1,0.7,4,0,65,15,4,4.0,Low,Stable
EMP044,Susan Hansen,UI/UX,2026-02-27,09:51,18:51,9.0,IoT Monitoring,Testing,In Progress,83,60,1.0,5,2.7,9,8,76,10,7,4.8,Medium,Improving
EMP044,Susan Hansen,UI/UX,2026-02-28,10:59,19:11,8.2,Mobile App,API Integration,In Progress,84,42,0.2,5,1.9,5,8,80,15,10,4.4,Low,Improving
EMP044,Susan Hansen,UI/UX,2026-03-02,10:52,19:04,8.2,CRM Dashboard,UI Design,Pending,72,40,0.2,1,1.7,1,1,64,14,11,4.5,Low,Stable
EMP044,Susan Hansen,UI/UX,2026-03-03,08:05,14:59,6.9,Mobile App,Database Update,Completed,72,62,0.0,4,1.6,5,0,62,12,12,4.1,Low,Stable
EMP044,Susan Hansen,UI/UX,2026-03-04,09:28,16:16,6.8,IoT Monitoring,API Integration,In Progress,70,54,0.0,6,0.9,8,2,60,6,5,3.8,Low,Stable
EMP044,Susan Hansen,UI/UX,2026-03-05,09:22,17:40,8.3,HR System,Model Training,Completed,84,34,0.3,6,2.8,3,1,74,13,7,4.4,Low,Improving
EMP044,Susan Hansen,UI/UX,2026-03-06,08:10,15:58,7.8,Client Portal,Bug Fixing,Completed,68,60,0.0,3,2.2,10,1,65,10,7,4.1,Low,Stable
EMP044,Susan Hansen,UI/UX,2026-03-07,08:04,15:22,7.3,Client Portal,Bug Fixing,Completed,66,39,0.0,3,2.8,2,2,60,9,5,3.8,Low,Stable
EMP044,Susan Hansen,UI/UX,2026-03-08,09:26,18:08,8.7,HR System,Documentation,Pending,77,36,0.7,5,2.2,7,3,68,14,14,4.0,Low,Stable
EMP044,Susan Hansen,UI/UX,2026-03-09,09:57,17:09,7.2,Mobile App,Documentation,In Progress,66,65,0.0,2,0.8,5,2,63,10,10,3.9,Low,Stable
EMP044,Susan Hansen,UI/UX,2026-03-10,08:42,16:48,8.1,CRM Dashboard,Model Training,In Progress,70,50,0.1,4,2.4,7,7,64,13,9,4.0,Low,Stable
EMP044,Susan Hansen,UI/UX,2026-03-11,09:13,16:31,7.3,AI Analytics,Model Training,Pending,74,38,0.0,1,2.3,6,1,64,12,3,4.5,Low,Stable
EMP044,Susan Hansen,UI/UX,2026-03-12,08:28,17:10,8.7,Client Portal,Documentation,Completed,75,39,0.7,6,2.4,7,6,71,11,9,4.1,Low,Stable
EMP044,Susan Hansen,UI/UX,2026-03-13,08:24,16:48,8.4,Mobile App,Database Update,Pending,75,53,0.4,6,1.8,5,4,65,10,10,4.7,Low,Stable
EMP044,Susan Hansen,UI/UX,2026-03-14,08:26,17:26,9.0,Mobile App,UI Design,Completed,81,62,1.0,1,1.1,1,8,79,6,6,4.1,Medium,Improving
EMP044,Susan Hansen,UI/UX,2026-03-15,08:39,16:51,8.2,Mobile App,Bug Fixing,Pending,84,47,0.2,2,1.0,5,0,75,13,9,4.6,Low,Improving
EMP044,Susan Hansen,UI/UX,2026-03-16,09:51,16:39,6.8,AI Analytics,Testing,Pending,66,59,0.0,5,1.6,3,3,65,9,6,3.7,Low,Stable
EMP044,Susan Hansen,UI/UX,2026-03-17,10:43,18:13,7.5,AI Analytics,Client Support,Completed,78,65,0.0,3,1.7,1,2,72,7,7,4.2,Low,Stable
EMP044,Susan Hansen,UI/UX,2026-03-18,09:16,16:28,7.2,Mobile App,Client Support,Completed,84,45,0.0,5,1.0,3,2,77,5,5,4.3,Low,Improving
EMP044,Susan Hansen,UI/UX,2026-03-19,10:11,18:05,7.9,CRM Dashboard,API Integration,In Progress,68,52,0.0,6,1.6,4,0,64,15,14,3.8,Low,Stable
EMP044,Susan Hansen,UI/UX,2026-03-20,08:50,15:20,6.5,AI Analytics,Bug Fixing,In Progress,71,51,0.0,6,0.9,2,8,70,9,9,3.8,Low,Stable
EMP044,Susan Hansen,UI/UX,2026-03-21,10:26,17:20,6.9,CRM Dashboard,UI Design,Completed,69,50,0.0,6,2.6,8,4,63,14,5,4.3,Low,Stable
EMP044,Susan Hansen,UI/UX,2026-03-23,08:12,17:00,8.8,HR System,Bug Fixing,In Progress,67,49,0.8,4,1.6,6,2,65,14,5,4.2,Low,Stable
EMP044,Susan Hansen,UI/UX,2026-03-24,08:43,16:07,7.4,IoT Monitoring,Client Support,Pending,75,32,0.0,6,1.1,7,5,74,6,6,4.5,Low,Stable
EMP044,Susan Hansen,UI/UX,2026-03-25,09:26,16:08,6.7,HR System,UI Design,Pending,80,69,0.0,2,2.9,6,5,74,15,10,4.6,Low,Improving
EMP044,Susan Hansen,UI/UX,2026-03-26,08:52,16:28,7.6,HR System,UI Design,In Progress,71,33,0.0,2,2.9,7,7,67,15,6,3.6,Low,Stable
EMP044,Susan Hansen,UI/UX,2026-03-27,08:14,15:02,6.8,HR System,Documentation,Completed,79,50,0.0,5,0.7,7,3,74,14,14,4.5,Low,Stable
EMP044,Susan Hansen,UI/UX,2026-03-28,10:12,18:12,8.0,CRM Dashboard,UI Design,Pending,76,31,0.0,3,1.6,6,2,69,13,6,4.0,Low,Stable
EMP044,Susan Hansen,UI/UX,2026-03-29,08:43,15:49,7.1,AI Analytics,Model Training,Pending,74,55,0.0,6,2.9,2,4,68,14,10,4.3,Low,Stable
EMP044,Susan Hansen,UI/UX,2026-03-30,10:32,17:44,7.2,CRM Dashboard,Database Update,Pending,76,70,0.0,1,2.0,6,5,69,11,11,4.2,Low,Stable
EMP044,Susan Hansen,UI/UX,2026-03-31,10:46,19:34,8.8,HR System,Testing,Pending,84,57,0.8,5,0.9,2,4,77,9,9,4.7,Low,Improving
EMP044,Susan Hansen,UI/UX,2026-04-01,10:35,17:05,6.5,IoT Monitoring,Client Support,Pending,75,32,0.0,6,1.6,7,2,65,13,10,4.2,Low,Stable
EMP044,Susan Hansen,UI/UX,2026-04-02,08:00,15:12,7.2,Client Portal,UI Design,In Progress,81,50,0.0,1,1.1,7,6,78,15,10,4.6,Low,Improving
EMP044,Susan Hansen,UI/UX,2026-04-03,08:19,16:01,7.7,IoT Monitoring,UI Design,In Progress,79,51,0.0,6,1.8,8,3,76,9,9,4.4,Low,Stable
EMP044,Susan Hansen,UI/UX,2026-04-04,09:36,17:24,7.8,CRM Dashboard,UI Design,In Progress,64,49,0.0,3,1.0,4,5,63,8,8,3.8,Low,Stable
EMP044,Susan Hansen,UI/UX,2026-04-05,09:55,16:25,6.5,HR System,Client Support,In Progress,75,56,0.0,6,2.6,5,1,69,6,6,4.2,Low,Stable
EMP044,Susan Hansen,UI/UX,2026-04-06,10:39,19:15,8.6,Mobile App,Testing,Pending,78,66,0.6,3,2.7,7,8,69,6,4,4.8,Low,Stable
EMP044,Susan Hansen,UI/UX,2026-04-07,09:26,17:26,8.0,AI Analytics,Testing,Pending,66,32,0.0,3,2.6,7,0,66,12,3,4.1,Low,Stable
EMP044,Susan Hansen,UI/UX,2026-04-08,09:47,17:59,8.2,AI Analytics,Testing,Completed,78,36,0.2,6,1.0,1,4,71,14,7,4.5,Low,Stable
EMP044,Susan Hansen,UI/UX,2026-04-09,08:49,15:31,6.7,IoT Monitoring,Model Training,Pending,67,42,0.0,1,1.8,7,4,58,9,9,3.9,Low,Stable
EMP044,Susan Hansen,UI/UX,2026-04-10,10:53,19:05,8.2,Client Portal,Client Support,Completed,83,67,0.2,3,1.8,2,6,78,11,11,5.0,Low,Improving
EMP044,Susan Hansen,UI/UX,2026-04-11,10:39,18:33,7.9,AI Analytics,Testing,Pending,79,30,0.0,1,2.3,3,0,72,14,5,4.3,Low,Stable
EMP044,Susan Hansen,UI/UX,2026-04-12,09:17,16:29,7.2,Client Portal,Model Training,Pending,76,40,0.0,5,1.9,6,2,71,10,10,4.5,Low,Stable
EMP044,Susan Hansen,UI/UX,2026-04-13,09:06,16:54,7.8,Client Portal,Bug Fixing,In Progress,77,34,0.0,2,1.6,9,8,74,10,3,4.6,Low,Stable
EMP044,Susan Hansen,UI/UX,2026-04-14,09:03,16:57,7.9,HR System,Client Support,In Progress,81,36,0.0,4,0.9,8,3,72,12,12,5.0,Low,Improving
EMP044,Susan Hansen,UI/UX,2026-04-15,10:31,19:19,8.8,AI Analytics,Bug Fixing,Completed,74,42,0.8,4,2.1,1,3,67,14,14,4.2,Low,Stable
EMP044,Susan Hansen,UI/UX,2026-04-16,10:24,19:06,8.7,CRM Dashboard,Database Update,Pending,80,66,0.7,4,0.7,5,2,76,8,6,5.0,Low,Improving
EMP044,Susan Hansen,UI/UX,2026-04-17,09:07,17:49,8.7,Client Portal,Documentation,In Progress,83,51,0.7,2,1.5,7,7,76,15,5,4.7,Low,Improving
EMP044,Susan Hansen,UI/UX,2026-04-18,08:30,16:06,7.6,CRM Dashboard,Testing,Completed,78,51,0.0,5,3.0,10,6,71,6,6,4.7,Low,Stable
EMP044,Susan Hansen,UI/UX,2026-04-19,10:35,18:05,7.5,Client Portal,API Integration,In Progress,68,70,0.0,3,2.7,7,4,59,12,10,3.7,Low,Stable
EMP044,Susan Hansen,UI/UX,2026-04-20,09:26,16:44,7.3,AI Analytics,Bug Fixing,Completed,65,48,0.0,2,0.8,1,7,59,8,8,3.6,Low,Stable
EMP044,Susan Hansen,UI/UX,2026-04-21,10:04,18:22,8.3,CRM Dashboard,API Integration,Completed,71,64,0.3,2,1.0,7,7,65,6,6,4.1,Low,Stable
EMP044,Susan Hansen,UI/UX,2026-04-22,10:02,16:56,6.9,IoT Monitoring,Testing,Pending,68,70,0.0,6,0.8,6,0,61,12,6,3.9,Low,Stable
EMP044,Susan Hansen,UI/UX,2026-04-23,10:54,18:12,7.3,Client Portal,Documentation,Completed,70,43,0.0,1,1.9,4,0,63,5,5,3.7,Low,Stable
EMP044,Susan Hansen,UI/UX,2026-04-24,08:10,15:58,7.8,Client Portal,UI Design,Pending,71,53,0.0,4,2.4,3,5,64,5,5,4.0,Low,Stable
EMP044,Susan Hansen,UI/UX,2026-04-25,10:54,19:48,8.9,IoT Monitoring,Bug Fixing,In Progress,74,63,0.9,2,1.2,5,8,72,8,8,4.7,Low,Stable
EMP044,Susan Hansen,UI/UX,2026-04-27,08:59,16:53,7.9,Mobile App,Database Update,Completed,72,41,0.0,6,2.1,5,6,65,8,6,4.3,Low,Stable
EMP044,Susan Hansen,UI/UX,2026-04-28,08:36,16:54,8.3,AI Analytics,API Integration,In Progress,83,61,0.3,5,3.0,10,2,81,14,10,4.7,Low,Improving
EMP044,Susan Hansen,UI/UX,2026-04-29,09:24,16:54,7.5,Mobile App,Documentation,In Progress,71,43,0.0,1,2.7,9,5,65,11,5,4.0,Low,Stable
EMP044,Susan Hansen,UI/UX,2026-04-30,09:32,16:20,6.8,Client Portal,Documentation,Completed,82,63,0.0,4,1.6,4,3,81,7,4,5.0,Low,Improving
EMP044,Susan Hansen,UI/UX,2026-05-01,08:23,17:11,8.8,IoT Monitoring,Client Support,Completed,74,43,0.8,2,0.8,2,1,66,11,10,4.4,Low,Stable
EMP044,Susan Hansen,UI/UX,2026-05-02,09:25,18:07,8.7,CRM Dashboard,Model Training,In Progress,83,60,0.7,6,1.8,6,8,73,10,3,4.4,Low,Improving
EMP044,Susan Hansen,UI/UX,2026-05-03,09:31,18:19,8.8,Client Portal,Documentation,Pending,76,49,0.8,4,0.9,4,1,66,9,4,4.1,Low,Stable
EMP044,Susan Hansen,UI/UX,2026-05-04,08:45,17:03,8.3,AI Analytics,Client Support,Completed,71,56,0.3,6,1.7,10,8,66,8,8,3.7,Low,Stable
EMP044,Susan Hansen,UI/UX,2026-05-05,10:37,18:55,8.3,IoT Monitoring,API Integration,Pending,75,39,0.3,6,1.3,1,7,70,14,6,4.5,Low,Stable
EMP044,Susan Hansen,UI/UX,2026-05-06,08:58,16:16,7.3,HR System,Model Training,In Progress,65,54,0.0,4,2.6,9,5,59,11,9,3.9,Low,Stable
EMP044,Susan Hansen,UI/UX,2026-05-07,09:46,17:52,8.1,Mobile App,Database Update,In Progress,78,33,0.1,6,2.0,2,5,77,5,5,4.6,Low,Stable
EMP044,Susan Hansen,UI/UX,2026-05-08,10:13,17:25,7.2,HR System,Testing,Pending,75,36,0.0,3,2.3,2,5,75,12,10,3.8,Low,Stable
EMP044,Susan Hansen,UI/UX,2026-05-09,10:18,18:48,8.5,CRM Dashboard,Bug Fixing,Pending,77,51,0.5,6,2.9,5,4,76,10,4,4.5,Low,Stable
EMP044,Susan Hansen,UI/UX,2026-05-11,09:19,17:25,8.1,IoT Monitoring,Database Update,Pending,84,51,0.1,6,1.5,6,7,78,14,10,5.0,Low,Improving
EMP044,Susan Hansen,UI/UX,2026-05-12,09:30,17:42,8.2,Client Portal,Bug Fixing,In Progress,81,56,0.2,4,0.5,1,6,81,11,11,4.6,Low,Improving
EMP044,Susan Hansen,UI/UX,2026-05-13,09:26,16:56,7.5,IoT Monitoring,Database Update,In Progress,72,49,0.0,6,2.3,7,7,66,7,6,4.1,Low,Stable
EMP044,Susan Hansen,UI/UX,2026-05-14,09:36,16:24,6.8,IoT Monitoring,Documentation,In Progress,75,31,0.0,1,2.0,8,5,70,12,5,4.5,Low,Stable
EMP044,Susan Hansen,UI/UX,2026-05-15,10:57,17:51,6.9,CRM Dashboard,Testing,Completed,73,54,0.0,4,2.4,9,7,73,10,10,4.1,Low,Stable
EMP044,Susan Hansen,UI/UX,2026-05-16,08:32,16:02,7.5,IoT Monitoring,API Integration,Pending,78,30,0.0,5,2.3,4,2,78,9,5,3.9,Low,Stable
EMP044,Susan Hansen,UI/UX,2026-05-18,09:31,16:31,7.0,CRM Dashboard,Documentation,In Progress,74,36,0.0,3,1.5,7,0,65,13,11,4.6,Low,Stable
EMP044,Susan Hansen,UI/UX,2026-05-19,09:51,16:51,7.0,HR System,Documentation,Completed,83,44,0.0,2,1.5,1,3,78,15,14,4.3,Low,Improving
EMP045,Michael Lee,Support,2026-02-19,09:01,18:19,9.3,AI Analytics,Database Update,Completed,62,74,1.3,5,2.0,4,4,52,5,5,3.5,Medium,Stable
EMP045,Michael Lee,Support,2026-02-20,08:37,17:49,9.2,CRM Dashboard,Client Support,Completed,49,116,1.2,1,1.1,2,7,41,11,10,2.6,Medium,Declining
EMP045,Michael Lee,Support,2026-02-21,10:56,22:26,11.5,IoT Monitoring,Testing,In Progress,53,63,3.5,5,0.6,8,8,49,11,11,3.4,High,Declining
EMP045,Michael Lee,Support,2026-02-23,10:36,21:36,11.0,Mobile App,Client Support,In Progress,60,97,3.0,2,1.1,4,4,53,5,5,3.7,High,Stable
EMP045,Michael Lee,Support,2026-02-24,09:18,19:12,9.9,HR System,API Integration,In Progress,62,75,1.9,3,1.4,3,2,53,12,11,3.6,Medium,Stable
EMP045,Michael Lee,Support,2026-02-25,09:43,21:37,11.9,Mobile App,UI Design,In Progress,46,107,3.9,3,2.7,2,5,40,6,6,2.7,High,Declining
EMP045,Michael Lee,Support,2026-02-26,10:09,20:03,9.9,Mobile App,Testing,Pending,55,100,1.9,3,2.7,10,4,48,13,13,3.6,Medium,Declining
EMP045,Michael Lee,Support,2026-02-27,10:20,20:32,10.2,AI Analytics,Bug Fixing,In Progress,58,69,2.2,2,1.0,9,8,48,7,5,3.4,Medium,Declining
EMP045,Michael Lee,Support,2026-02-28,08:28,17:40,9.2,Mobile App,UI Design,Completed,47,92,1.2,5,1.8,8,1,41,11,11,2.7,Medium,Declining
EMP045,Michael Lee,Support,2026-03-02,10:39,22:03,11.4,Mobile App,UI Design,Pending,66,112,3.4,3,0.9,5,8,65,10,7,3.5,Medium,Stable
EMP045,Michael Lee,Support,2026-03-03,09:24,18:24,9.0,Mobile App,Model Training,Completed,66,119,1.0,5,1.4,3,6,59,8,8,4.1,Medium,Stable
EMP045,Michael Lee,Support,2026-03-04,09:46,20:40,10.9,AI Analytics,Testing,Pending,54,114,2.9,3,2.2,7,5,50,7,7,3.5,Medium,Declining
EMP045,Michael Lee,Support,2026-03-05,08:26,18:08,9.7,Client Portal,API Integration,Completed,53,84,1.7,6,1.4,4,6,52,11,11,3.0,Medium,Declining
EMP045,Michael Lee,Support,2026-03-06,09:24,20:06,10.7,HR System,Model Training,In Progress,56,78,2.7,2,2.5,2,7,48,8,8,3.2,Medium,Declining
EMP045,Michael Lee,Support,2026-03-07,08:47,19:05,10.3,CRM Dashboard,Documentation,In Progress,46,92,2.3,2,1.2,4,8,40,6,6,2.9,Medium,Declining
EMP045,Michael Lee,Support,2026-03-09,09:10,20:28,11.3,Client Portal,Bug Fixing,Pending,54,106,3.3,1,2.3,7,1,48,9,8,3.1,High,Declining
EMP045,Michael Lee,Support,2026-03-10,09:21,20:15,10.9,Client Portal,Testing,Pending,50,108,2.9,2,1.2,4,2,50,12,12,3.2,Medium,Declining
EMP045,Michael Lee,Support,2026-03-11,09:00,20:30,11.5,Mobile App,Bug Fixing,Completed,54,95,3.5,3,1.6,5,0,48,13,11,3.6,High,Declining
EMP045,Michael Lee,Support,2026-03-12,10:24,20:54,10.5,IoT Monitoring,Database Update,In Progress,54,85,2.5,5,0.8,6,2,45,9,9,3.5,Medium,Declining
EMP045,Michael Lee,Support,2026-03-13,10:32,20:38,10.1,AI Analytics,Database Update,Pending,56,106,2.1,5,1.3,10,0,46,11,11,2.9,Medium,Declining
EMP045,Michael Lee,Support,2026-03-14,10:54,21:42,10.8,CRM Dashboard,Database Update,In Progress,57,68,2.8,5,1.2,3,3,56,15,14,3.4,Medium,Declining
EMP045,Michael Lee,Support,2026-03-15,09:02,20:20,11.3,AI Analytics,Documentation,Pending,51,120,3.3,3,2.3,9,3,43,13,13,2.8,High,Declining
EMP045,Michael Lee,Support,2026-03-16,09:41,19:41,10.0,Client Portal,API Integration,In Progress,48,67,2.0,3,2.1,5,7,42,15,10,2.5,Medium,Declining
EMP045,Michael Lee,Support,2026-03-17,10:22,21:46,11.4,CRM Dashboard,Documentation,Pending,59,68,3.4,3,0.5,9,3,52,8,8,3.3,High,Declining
EMP045,Michael Lee,Support,2026-03-18,10:47,21:05,10.3,Mobile App,API Integration,Completed,63,99,2.3,2,2.5,10,4,54,12,10,3.7,Medium,Stable
EMP045,Michael Lee,Support,2026-03-19,09:43,20:31,10.8,AI Analytics,Testing,Completed,45,65,2.8,5,1.3,8,5,41,12,6,2.5,Medium,Declining
EMP045,Michael Lee,Support,2026-03-20,08:05,19:29,11.4,AI Analytics,Bug Fixing,Pending,51,114,3.4,3,0.5,10,6,42,7,7,3.5,High,Declining
EMP045,Michael Lee,Support,2026-03-21,08:21,18:03,9.7,HR System,Client Support,Pending,50,80,1.7,4,2.1,2,6,41,5,5,2.6,Medium,Declining
EMP045,Michael Lee,Support,2026-03-23,08:21,20:15,11.9,HR System,Database Update,Pending,56,69,3.9,1,2.6,10,2,50,10,10,3.7,High,Declining
EMP045,Michael Lee,Support,2026-03-24,10:12,20:48,10.6,CRM Dashboard,Model Training,In Progress,60,89,2.6,1,1.6,8,6,52,15,9,3.5,Medium,Stable
EMP045,Michael Lee,Support,2026-03-25,08:04,17:40,9.6,Mobile App,Model Training,In Progress,63,87,1.6,6,2.1,9,7,59,5,5,3.4,Medium,Stable
EMP045,Michael Lee,Support,2026-03-26,08:57,18:39,9.7,CRM Dashboard,Database Update,Completed,47,103,1.7,3,0.6,5,0,47,6,6,3.1,Medium,Declining
EMP045,Michael Lee,Support,2026-03-27,09:55,21:31,11.6,AI Analytics,Bug Fixing,In Progress,53,88,3.6,5,1.3,4,5,47,10,5,3.4,High,Declining
EMP045,Michael Lee,Support,2026-03-28,10:20,20:20,10.0,IoT Monitoring,UI Design,Pending,56,60,2.0,3,1.1,7,2,46,5,5,3.7,Medium,Declining
EMP045,Michael Lee,Support,2026-03-30,09:59,21:35,11.6,AI Analytics,Client Support,In Progress,61,69,3.6,4,2.4,7,6,52,10,5,4.0,High,Stable
EMP045,Michael Lee,Support,2026-03-31,08:36,19:24,10.8,HR System,Testing,Completed,48,91,2.8,4,0.7,2,7,47,12,12,3.2,Medium,Declining
EMP045,Michael Lee,Support,2026-04-01,09:11,19:11,10.0,Client Portal,Client Support,In Progress,52,79,2.0,4,2.7,8,8,46,8,8,2.6,Medium,Declining
EMP045,Michael Lee,Support,2026-04-02,09:27,18:27,9.0,AI Analytics,Client Support,Completed,46,82,1.0,4,1.1,1,6,44,7,7,2.4,Medium,Declining
EMP045,Michael Lee,Support,2026-04-03,10:20,21:20,11.0,Client Portal,Documentation,In Progress,53,76,3.0,5,1.8,10,1,52,5,5,3.6,High,Declining
EMP045,Michael Lee,Support,2026-04-04,08:20,20:02,11.7,AI Analytics,Database Update,In Progress,51,116,3.7,4,1.7,1,1,44,12,8,3.3,High,Declining
EMP045,Michael Lee,Support,2026-04-05,10:28,20:10,9.7,CRM Dashboard,Client Support,Completed,45,87,1.7,3,1.1,3,8,40,6,6,2.6,Medium,Declining
EMP045,Michael Lee,Support,2026-04-06,09:46,19:04,9.3,AI Analytics,API Integration,Completed,61,99,1.3,4,2.6,2,6,60,11,11,3.7,Medium,Stable
EMP045,Michael Lee,Support,2026-04-07,10:42,20:42,10.0,Mobile App,Client Support,Completed,43,89,2.0,3,1.8,3,2,42,5,5,2.4,Medium,Declining
EMP045,Michael Lee,Support,2026-04-08,09:58,20:22,10.4,IoT Monitoring,Documentation,In Progress,62,71,2.4,1,1.4,3,8,53,6,6,4.0,Medium,Stable
EMP045,Michael Lee,Support,2026-04-09,09:17,18:23,9.1,AI Analytics,Documentation,Pending,48,93,1.1,3,1.3,3,7,44,11,6,2.9,Medium,Declining
EMP045,Michael Lee,Support,2026-04-10,08:51,19:03,10.2,CRM Dashboard,Bug Fixing,Pending,61,118,2.2,2,2.4,9,6,51,11,7,3.9,Medium,Stable
EMP045,Michael Lee,Support,2026-04-11,09:44,20:38,10.9,HR System,Database Update,In Progress,58,105,2.9,6,0.7,9,7,48,11,4,3.6,Medium,Declining
EMP045,Michael Lee,Support,2026-04-12,08:27,19:51,11.4,AI Analytics,Model Training,In Progress,52,103,3.4,2,2.1,7,2,47,13,6,2.8,High,Declining
EMP045,Michael Lee,Support,2026-04-13,10:36,22:12,11.6,IoT Monitoring,API Integration,In Progress,52,76,3.6,1,2.9,8,1,50,5,5,3.3,High,Declining
EMP045,Michael Lee,Support,2026-04-14,08:07,18:31,10.4,CRM Dashboard,Database Update,Completed,59,98,2.4,6,1.6,8,4,53,8,8,3.2,Medium,Declining
EMP045,Michael Lee,Support,2026-04-15,08:15,20:03,11.8,HR System,Client Support,Completed,59,113,3.8,1,0.8,9,5,59,6,3,3.9,High,Declining
EMP045,Michael Lee,Support,2026-04-16,09:37,21:01,11.4,Client Portal,Client Support,Pending,60,99,3.4,5,0.8,8,1,55,11,10,3.9,High,Stable
EMP045,Michael Lee,Support,2026-04-17,08:35,17:53,9.3,AI Analytics,Testing,Completed,53,82,1.3,4,1.7,9,7,45,12,3,2.9,Medium,Declining
EMP045,Michael Lee,Support,2026-04-18,09:27,20:15,10.8,IoT Monitoring,Model Training,Completed,54,114,2.8,3,2.0,10,5,53,13,10,3.0,Medium,Declining
EMP045,Michael Lee,Support,2026-04-20,09:35,19:17,9.7,AI Analytics,Documentation,Pending,51,104,1.7,4,2.6,2,3,46,11,6,3.0,Medium,Declining
EMP045,Michael Lee,Support,2026-04-21,10:46,22:34,11.8,HR System,Model Training,Completed,48,101,3.8,4,2.2,9,3,40,14,4,3.3,High,Declining
EMP045,Michael Lee,Support,2026-04-22,10:38,21:56,11.3,Client Portal,API Integration,In Progress,52,65,3.3,5,1.3,3,5,47,5,5,3.3,High,Declining
EMP045,Michael Lee,Support,2026-04-23,09:13,18:49,9.6,IoT Monitoring,Documentation,In Progress,42,104,1.6,2,2.5,8,7,41,5,5,2.3,Medium,Declining
EMP045,Michael Lee,Support,2026-04-24,09:40,21:04,11.4,Client Portal,API Integration,Completed,55,74,3.4,6,1.5,3,8,52,10,3,3.7,High,Declining
EMP045,Michael Lee,Support,2026-04-25,08:13,18:01,9.8,IoT Monitoring,Database Update,Completed,55,90,1.8,5,1.5,3,7,47,5,5,2.8,Medium,Declining
EMP045,Michael Lee,Support,2026-04-27,10:43,21:01,10.3,AI Analytics,Testing,In Progress,61,111,2.3,2,1.8,6,2,59,5,3,3.8,Medium,Stable
EMP045,Michael Lee,Support,2026-04-28,08:58,20:04,11.1,IoT Monitoring,Client Support,Completed,44,89,3.1,5,1.9,4,4,40,10,6,2.9,High,Declining
EMP045,Michael Lee,Support,2026-04-29,08:50,18:38,9.8,HR System,Model Training,Pending,61,88,1.8,1,2.7,1,4,51,14,14,4.0,Medium,Stable
EMP045,Michael Lee,Support,2026-04-30,10:50,22:44,11.9,IoT Monitoring,Bug Fixing,Completed,59,86,3.9,1,1.9,4,4,50,15,10,3.5,High,Declining
EMP045,Michael Lee,Support,2026-05-01,09:50,19:32,9.7,HR System,Testing,Completed,55,93,1.7,5,1.4,2,3,47,10,9,2.9,Medium,Declining
EMP045,Michael Lee,Support,2026-05-02,10:46,21:46,11.0,Mobile App,Documentation,Completed,60,79,3.0,4,0.6,3,1,57,7,7,3.6,High,Stable
EMP045,Michael Lee,Support,2026-05-03,10:25,22:19,11.9,AI Analytics,Client Support,In Progress,53,81,3.9,1,0.9,5,2,52,6,5,2.8,High,Declining
EMP045,Michael Lee,Support,2026-05-04,09:19,18:49,9.5,Mobile App,Client Support,Pending,59,88,1.5,5,1.1,9,4,54,15,13,3.2,Medium,Declining
EMP045,Michael Lee,Support,2026-05-05,09:19,19:55,10.6,Client Portal,Documentation,Pending,59,90,2.6,4,2.2,10,0,53,14,6,3.2,Medium,Declining
EMP045,Michael Lee,Support,2026-05-06,10:42,19:54,9.2,AI Analytics,UI Design,Completed,60,103,1.2,1,2.5,7,6,54,10,3,3.6,Medium,Stable
EMP045,Michael Lee,Support,2026-05-07,10:16,21:16,11.0,IoT Monitoring,Model Training,Pending,51,112,3.0,4,1.3,7,5,50,12,6,2.9,High,Declining
EMP045,Michael Lee,Support,2026-05-08,09:05,20:53,11.8,HR System,API Integration,In Progress,60,120,3.8,2,2.8,7,5,60,5,5,3.3,High,Stable
EMP045,Michael Lee,Support,2026-05-09,09:06,20:18,11.2,AI Analytics,UI Design,Completed,43,110,3.2,4,1.8,4,0,40,9,9,2.8,High,Declining
EMP045,Michael Lee,Support,2026-05-11,09:02,20:38,11.6,Mobile App,Documentation,Pending,47,75,3.6,6,1.2,8,7,40,8,8,2.9,High,Declining
EMP045,Michael Lee,Support,2026-05-12,10:45,20:09,9.4,IoT Monitoring,UI Design,In Progress,53,65,1.4,3,2.4,6,4,44,13,11,3.2,Medium,Declining
EMP045,Michael Lee,Support,2026-05-13,08:32,17:38,9.1,AI Analytics,Client Support,In Progress,46,111,1.1,5,0.6,2,8,43,13,12,3.3,Medium,Declining
EMP045,Michael Lee,Support,2026-05-14,10:59,22:59,12.0,HR System,Model Training,Pending,43,93,4.0,1,0.7,10,7,40,9,9,2.3,High,Declining
EMP045,Michael Lee,Support,2026-05-15,09:56,19:20,9.4,CRM Dashboard,Testing,Completed,59,99,1.4,3,1.8,2,3,56,10,9,3.4,Medium,Declining
EMP045,Michael Lee,Support,2026-05-16,09:45,20:39,10.9,Client Portal,Bug Fixing,Completed,56,110,2.9,6,2.6,9,4,53,9,9,2.9,Medium,Declining
EMP045,Michael Lee,Support,2026-05-18,08:00,18:36,10.6,Mobile App,Database Update,In Progress,47,86,2.6,1,1.3,3,2,43,5,4,2.6,Medium,Declining
EMP045,Michael Lee,Support,2026-05-19,10:28,22:04,11.6,IoT Monitoring,Documentation,Pending,54,70,3.6,4,2.7,9,4,50,15,6,3.7,High,Declining
EMP046,Claudia Taylor,AI/ML,2026-02-19,10:46,22:40,11.9,Mobile App,Bug Fixing,Completed,64,117,3.9,6,2.5,8,8,57,13,8,3.4,High,Stable
EMP046,Claudia Taylor,AI/ML,2026-02-20,09:00,19:12,10.2,CRM Dashboard,Model Training,In Progress,61,60,2.2,6,1.3,6,0,60,5,5,3.4,Medium,Stable
EMP046,Claudia Taylor,AI/ML,2026-02-21,10:30,20:12,9.7,HR System,Database Update,Completed,65,118,1.7,5,0.5,1,8,62,5,5,3.7,Medium,Stable
EMP046,Claudia Taylor,AI/ML,2026-02-23,08:33,18:51,10.3,HR System,Testing,Completed,64,84,2.3,4,0.9,4,3,60,7,7,3.6,Medium,Stable
EMP046,Claudia Taylor,AI/ML,2026-02-24,10:03,20:09,10.1,AI Analytics,API Integration,Completed,59,81,2.1,6,1.3,1,6,55,13,10,3.9,Medium,Declining
EMP046,Claudia Taylor,AI/ML,2026-02-25,09:13,20:43,11.5,IoT Monitoring,Bug Fixing,Completed,75,119,3.5,4,1.8,10,3,73,6,6,4.6,Medium,Stable
EMP046,Claudia Taylor,AI/ML,2026-02-26,08:54,20:42,11.8,AI Analytics,API Integration,Completed,72,118,3.8,1,2.1,7,3,71,14,9,4.1,Medium,Stable
EMP046,Claudia Taylor,AI/ML,2026-02-27,09:28,20:28,11.0,Client Portal,Model Training,Completed,63,68,3.0,6,2.6,3,7,56,14,14,3.8,High,Stable
EMP046,Claudia Taylor,AI/ML,2026-02-28,10:57,20:09,9.2,IoT Monitoring,Client Support,Completed,66,110,1.2,4,2.0,7,2,61,6,3,4.1,Medium,Stable
EMP046,Claudia Taylor,AI/ML,2026-03-01,10:46,22:04,11.3,HR System,Bug Fixing,Pending,72,103,3.3,4,2.5,1,7,71,6,3,4.5,Medium,Stable
EMP046,Claudia Taylor,AI/ML,2026-03-02,10:14,22:08,11.9,HR System,Bug Fixing,In Progress,66,118,3.9,5,0.9,7,2,66,6,6,3.3,Medium,Stable
EMP046,Claudia Taylor,AI/ML,2026-03-03,10:31,19:49,9.3,CRM Dashboard,Client Support,Pending,60,104,1.3,6,2.7,8,2,53,11,11,3.6,Medium,Stable
EMP046,Claudia Taylor,AI/ML,2026-03-04,09:22,20:28,11.1,IoT Monitoring,UI Design,In Progress,66,104,3.1,4,2.9,10,0,56,15,9,3.9,Medium,Stable
EMP046,Claudia Taylor,AI/ML,2026-03-05,09:22,18:40,9.3,HR System,API Integration,In Progress,58,88,1.3,3,2.5,6,8,52,15,4,3.8,Medium,Declining
EMP046,Claudia Taylor,AI/ML,2026-03-06,09:10,18:58,9.8,CRM Dashboard,Documentation,Pending,66,74,1.8,5,2.5,5,5,57,13,13,3.8,Medium,Stable
EMP046,Claudia Taylor,AI/ML,2026-03-07,08:55,18:25,9.5,Mobile App,Documentation,Completed,73,75,1.5,5,2.3,5,1,71,12,11,4.6,Medium,Stable
EMP046,Claudia Taylor,AI/ML,2026-03-09,08:50,18:50,10.0,CRM Dashboard,Database Update,In Progress,55,69,2.0,6,2.9,3,6,55,7,6,3.1,Medium,Declining
EMP046,Claudia Taylor,AI/ML,2026-03-10,09:20,20:56,11.6,CRM Dashboard,Bug Fixing,Completed,59,63,3.6,3,1.5,10,2,55,10,10,3.3,High,Declining
EMP046,Claudia Taylor,AI/ML,2026-03-11,09:35,20:59,11.4,Mobile App,Bug Fixing,Pending,70,102,3.4,1,1.2,3,3,70,12,10,3.6,Medium,Stable
EMP046,Claudia Taylor,AI/ML,2026-03-12,09:29,19:47,10.3,Client Portal,Documentation,In Progress,58,74,2.3,4,1.7,6,0,49,7,7,3.1,Medium,Declining
EMP046,Claudia Taylor,AI/ML,2026-03-13,09:29,19:23,9.9,Client Portal,Testing,In Progress,70,94,1.9,5,0.5,7,3,68,9,5,4.3,Medium,Stable
EMP046,Claudia Taylor,AI/ML,2026-03-14,08:29,18:17,9.8,AI Analytics,Bug Fixing,Pending,74,88,1.8,6,2.8,7,1,72,15,9,4.6,Medium,Stable
EMP046,Claudia Taylor,AI/ML,2026-03-15,09:28,19:10,9.7,Mobile App,Testing,In Progress,68,96,1.7,2,2.1,1,7,60,14,13,4.3,Medium,Stable
EMP046,Claudia Taylor,AI/ML,2026-03-16,08:29,20:05,11.6,IoT Monitoring,UI Design,In Progress,61,66,3.6,3,2.4,9,0,56,8,4,3.6,High,Stable
EMP046,Claudia Taylor,AI/ML,2026-03-17,10:06,19:12,9.1,CRM Dashboard,Database Update,Completed,56,98,1.1,1,2.6,4,7,46,5,5,3.1,Medium,Declining
EMP046,Claudia Taylor,AI/ML,2026-03-18,10:21,21:27,11.1,AI Analytics,Documentation,In Progress,56,63,3.1,2,2.9,8,4,55,13,6,3.0,High,Declining
EMP046,Claudia Taylor,AI/ML,2026-03-19,08:11,18:59,10.8,AI Analytics,Database Update,Pending,57,81,2.8,1,1.9,9,2,47,7,6,2.9,Medium,Declining
EMP046,Claudia Taylor,AI/ML,2026-03-20,10:24,21:18,10.9,IoT Monitoring,UI Design,In Progress,75,115,2.9,4,2.9,4,4,69,13,9,4.7,Medium,Stable
EMP046,Claudia Taylor,AI/ML,2026-03-21,10:53,20:11,9.3,Mobile App,Database Update,Pending,70,60,1.3,6,0.8,9,8,70,13,11,3.7,Medium,Stable
EMP046,Claudia Taylor,AI/ML,2026-03-23,09:31,20:31,11.0,Client Portal,Documentation,Completed,68,106,3.0,3,1.5,4,6,67,14,5,4.2,Medium,Stable
EMP046,Claudia Taylor,AI/ML,2026-03-24,08:31,17:49,9.3,AI Analytics,Testing,Pending,54,75,1.3,1,0.6,7,5,49,14,9,3.5,Medium,Declining
EMP046,Claudia Taylor,AI/ML,2026-03-25,09:50,18:56,9.1,Client Portal,Testing,Completed,66,107,1.1,5,0.6,8,5,63,15,14,4.0,Medium,Stable
EMP046,Claudia Taylor,AI/ML,2026-03-26,09:06,20:54,11.8,CRM Dashboard,Client Support,Completed,70,98,3.8,4,2.1,2,6,60,10,4,3.7,Medium,Stable
EMP046,Claudia Taylor,AI/ML,2026-03-27,10:57,21:45,10.8,IoT Monitoring,Client Support,Completed,58,107,2.8,4,0.5,8,5,52,7,7,3.6,Medium,Declining
EMP046,Claudia Taylor,AI/ML,2026-03-28,10:40,22:34,11.9,CRM Dashboard,Testing,Completed,67,98,3.9,3,1.0,9,6,60,11,11,4.3,Medium,Stable
EMP046,Claudia Taylor,AI/ML,2026-03-29,09:23,21:17,11.9,CRM Dashboard,Bug Fixing,Pending,59,105,3.9,5,1.3,6,5,53,14,4,3.9,High,Declining
EMP046,Claudia Taylor,AI/ML,2026-03-30,08:38,19:08,10.5,Client Portal,UI Design,Completed,56,117,2.5,6,1.4,7,5,55,14,14,2.8,Medium,Declining
EMP046,Claudia Taylor,AI/ML,2026-03-31,08:56,19:38,10.7,AI Analytics,Documentation,In Progress,70,64,2.7,2,1.2,6,1,63,15,4,3.5,Medium,Stable
EMP046,Claudia Taylor,AI/ML,2026-04-01,09:11,18:17,9.1,AI Analytics,Bug Fixing,Pending,74,60,1.1,6,2.9,6,4,72,6,6,4.5,Medium,Stable
EMP046,Claudia Taylor,AI/ML,2026-04-02,08:54,18:54,10.0,CRM Dashboard,Client Support,In Progress,61,70,2.0,1,0.5,6,2,60,12,10,3.8,Medium,Stable
EMP046,Claudia Taylor,AI/ML,2026-04-03,10:37,22:01,11.4,CRM Dashboard,UI Design,Pending,64,103,3.4,3,0.7,7,5,60,8,5,3.3,High,Stable
EMP046,Claudia Taylor,AI/ML,2026-04-04,08:54,19:54,11.0,IoT Monitoring,Documentation,Pending,67,67,3.0,6,2.4,3,2,65,15,10,3.7,Medium,Stable
EMP046,Claudia Taylor,AI/ML,2026-04-06,08:32,18:50,10.3,Client Portal,Database Update,Pending,68,104,2.3,4,2.7,1,4,58,8,4,3.5,Medium,Stable
EMP046,Claudia Taylor,AI/ML,2026-04-07,10:18,20:18,10.0,HR System,Testing,Pending,69,86,2.0,3,1.7,3,8,65,5,5,3.6,Medium,Stable
EMP046,Claudia Taylor,AI/ML,2026-04-08,09:00,20:54,11.9,HR System,Bug Fixing,In Progress,66,120,3.9,6,1.1,6,8,60,11,11,3.3,Medium,Stable
EMP046,Claudia Taylor,AI/ML,2026-04-09,08:09,18:57,10.8,HR System,Testing,Pending,55,105,2.8,3,0.7,7,0,45,13,11,3.4,Medium,Declining
EMP046,Claudia Taylor,AI/ML,2026-04-10,10:55,20:31,9.6,AI Analytics,Bug Fixing,In Progress,66,91,1.6,3,1.4,5,5,60,12,6,3.9,Medium,Stable
EMP046,Claudia Taylor,AI/ML,2026-04-11,08:49,19:01,10.2,Mobile App,API Integration,In Progress,64,93,2.2,1,2.8,7,3,54,12,12,3.2,Medium,Stable
EMP046,Claudia Taylor,AI/ML,2026-04-13,08:21,18:03,9.7,CRM Dashboard,Model Training,Pending,60,89,1.7,2,1.2,3,0,54,6,3,3.0,Medium,Stable
EMP046,Claudia Taylor,AI/ML,2026-04-14,08:41,20:29,11.8,AI Analytics,Documentation,Completed,66,68,3.8,2,1.7,4,1,65,12,5,3.3,Medium,Stable
EMP046,Claudia Taylor,AI/ML,2026-04-15,10:03,21:45,11.7,IoT Monitoring,Client Support,In Progress,61,91,3.7,4,2.8,6,6,53,8,8,3.4,High,Stable
EMP046,Claudia Taylor,AI/ML,2026-04-16,08:41,18:47,10.1,AI Analytics,Testing,Completed,54,115,2.1,3,1.6,3,7,45,12,9,3.3,Medium,Declining
EMP046,Claudia Taylor,AI/ML,2026-04-17,09:46,20:28,10.7,Client Portal,Client Support,Pending,66,73,2.7,1,1.0,6,6,63,15,15,3.9,Medium,Stable
EMP046,Claudia Taylor,AI/ML,2026-04-18,10:33,19:51,9.3,CRM Dashboard,Client Support,Pending,72,94,1.3,1,1.9,1,5,72,13,6,4.4,Medium,Stable
EMP046,Claudia Taylor,AI/ML,2026-04-20,08:59,19:17,10.3,Mobile App,Testing,Completed,60,109,2.3,6,0.6,6,2,51,12,12,3.5,Medium,Stable
EMP046,Claudia Taylor,AI/ML,2026-04-21,08:23,18:17,9.9,HR System,Client Support,Pending,62,89,1.9,4,2.5,1,7,55,6,5,3.2,Medium,Stable
EMP046,Claudia Taylor,AI/ML,2026-04-22,08:15,19:39,11.4,Mobile App,Client Support,In Progress,72,75,3.4,6,1.8,6,0,71,14,11,4.1,Medium,Stable
EMP046,Claudia Taylor,AI/ML,2026-04-23,08:08,19:02,10.9,AI Analytics,API Integration,In Progress,53,84,2.9,4,3.0,1,5,43,9,9,3.5,Medium,Declining
EMP046,Claudia Taylor,AI/ML,2026-04-24,10:30,21:18,10.8,Mobile App,Documentation,In Progress,71,102,2.8,6,2.2,6,8,62,5,5,4.1,Medium,Stable
EMP046,Claudia Taylor,AI/ML,2026-04-25,10:14,20:56,10.7,IoT Monitoring,Database Update,In Progress,70,65,2.7,2,2.7,7,5,66,11,4,4.0,Medium,Stable
EMP046,Claudia Taylor,AI/ML,2026-04-26,09:27,19:51,10.4,Client Portal,UI Design,Completed,53,83,2.4,6,1.4,3,4,46,14,3,3.3,Medium,Declining
EMP046,Claudia Taylor,AI/ML,2026-04-27,08:38,20:38,12.0,Mobile App,Bug Fixing,In Progress,67,88,4.0,3,0.9,5,1,58,15,7,3.5,Medium,Stable
EMP046,Claudia Taylor,AI/ML,2026-04-28,09:55,20:13,10.3,AI Analytics,Bug Fixing,Completed,70,118,2.3,4,1.9,7,8,69,5,3,3.9,Medium,Stable
EMP046,Claudia Taylor,AI/ML,2026-04-29,10:47,21:23,10.6,IoT Monitoring,UI Design,Pending,54,64,2.6,3,2.6,1,0,49,13,8,2.8,Medium,Declining
EMP046,Claudia Taylor,AI/ML,2026-04-30,10:55,21:37,10.7,Mobile App,Bug Fixing,In Progress,53,74,2.7,6,1.3,7,6,48,12,4,3.1,Medium,Declining
EMP046,Claudia Taylor,AI/ML,2026-05-01,09:47,19:35,9.8,AI Analytics,UI Design,In Progress,57,89,1.8,4,2.2,3,7,47,6,6,3.8,Medium,Declining
EMP046,Claudia Taylor,AI/ML,2026-05-02,08:09,19:15,11.1,HR System,Documentation,Pending,53,72,3.1,4,0.8,10,0,50,9,9,3.1,High,Declining
EMP046,Claudia Taylor,AI/ML,2026-05-04,08:22,18:40,10.3,IoT Monitoring,Documentation,Pending,64,82,2.3,3,1.6,5,2,64,14,12,4.1,Medium,Stable
EMP046,Claudia Taylor,AI/ML,2026-05-05,08:43,18:19,9.6,Mobile App,UI Design,Completed,61,115,1.6,6,2.1,7,2,53,14,3,3.5,Medium,Stable
EMP046,Claudia Taylor,AI/ML,2026-05-06,10:33,20:03,9.5,HR System,Testing,Completed,66,106,1.5,3,1.3,10,4,66,10,10,4.2,Medium,Stable
EMP046,Claudia Taylor,AI/ML,2026-05-07,08:31,19:37,11.1,Client Portal,Testing,Completed,62,104,3.1,4,3.0,7,6,52,14,14,3.7,High,Stable
EMP046,Claudia Taylor,AI/ML,2026-05-08,08:16,18:46,10.5,HR System,UI Design,Pending,59,61,2.5,3,2.9,8,5,52,9,9,3.7,Medium,Declining
EMP046,Claudia Taylor,AI/ML,2026-05-09,09:49,21:49,12.0,IoT Monitoring,Testing,Pending,54,97,4.0,6,2.9,2,5,49,13,6,2.7,High,Declining
EMP046,Claudia Taylor,AI/ML,2026-05-11,09:42,18:48,9.1,Client Portal,Database Update,Completed,69,71,1.1,6,2.1,5,2,65,10,5,4.0,Medium,Stable
EMP046,Claudia Taylor,AI/ML,2026-05-12,09:16,19:40,10.4,IoT Monitoring,UI Design,In Progress,51,75,2.4,4,2.1,1,6,42,9,7,2.7,Medium,Declining
EMP046,Claudia Taylor,AI/ML,2026-05-13,08:42,20:18,11.6,AI Analytics,UI Design,Pending,67,62,3.6,1,2.4,7,7,57,15,3,4.3,Medium,Stable
EMP046,Claudia Taylor,AI/ML,2026-05-14,08:14,17:44,9.5,Mobile App,Database Update,Pending,59,107,1.5,3,1.7,10,7,49,10,6,3.8,Medium,Declining
EMP046,Claudia Taylor,AI/ML,2026-05-15,08:32,19:50,11.3,CRM Dashboard,Client Support,Pending,62,67,3.3,4,2.5,4,7,56,13,8,3.5,High,Stable
EMP046,Claudia Taylor,AI/ML,2026-05-16,08:52,18:10,9.3,AI Analytics,API Integration,Completed,56,80,1.3,5,0.5,2,5,47,9,6,2.9,Medium,Declining
EMP046,Claudia Taylor,AI/ML,2026-05-17,10:15,21:15,11.0,Client Portal,Client Support,Pending,66,74,3.0,6,2.1,1,6,59,9,5,3.9,Medium,Stable
EMP046,Claudia Taylor,AI/ML,2026-05-18,09:56,19:38,9.7,HR System,Documentation,Completed,63,76,1.7,1,1.2,1,7,58,14,14,3.2,Medium,Stable
EMP046,Claudia Taylor,AI/ML,2026-05-19,09:26,20:44,11.3,IoT Monitoring,Testing,Pending,63,82,3.3,3,0.8,1,6,54,6,6,3.6,High,Stable
EMP047,Mary Bradford,Development,2026-02-19,08:51,17:09,8.3,CRM Dashboard,API Integration,Pending,98,25,0.3,5,2.5,10,6,95,13,12,5.0,Low,Improving
EMP047,Mary Bradford,Development,2026-02-20,10:09,19:15,9.1,HR System,Client Support,Completed,86,20,1.1,2,0.7,8,6,85,13,3,4.9,Medium,Improving
EMP047,Mary Bradford,Development,2026-02-21,10:40,19:46,9.1,CRM Dashboard,Testing,Completed,93,14,1.1,3,2.3,8,0,88,5,5,5.0,Medium,Improving
EMP047,Mary Bradford,Development,2026-02-23,08:48,18:00,9.2,Client Portal,Model Training,In Progress,92,28,1.2,4,0.7,4,5,86,11,11,4.8,Medium,Improving
EMP047,Mary Bradford,Development,2026-02-24,09:57,17:39,7.7,CRM Dashboard,Model Training,Pending,89,23,0.0,4,1.4,10,3,82,7,3,5.0,Low,Improving
EMP047,Mary Bradford,Development,2026-02-25,09:23,17:17,7.9,IoT Monitoring,Model Training,Completed,94,36,0.0,5,2.6,2,3,87,6,6,5.0,Low,Improving
EMP047,Mary Bradford,Development,2026-02-26,10:22,19:28,9.1,Client Portal,API Integration,Pending,94,31,1.1,1,1.0,9,1,89,11,6,5.0,Medium,Improving
EMP047,Mary Bradford,Development,2026-02-27,10:58,18:46,7.8,CRM Dashboard,UI Design,In Progress,100,18,0.0,6,1.2,1,4,90,14,6,5.0,Low,Improving
EMP047,Mary Bradford,Development,2026-02-28,09:06,18:36,9.5,CRM Dashboard,Testing,Pending,100,12,1.5,2,0.9,3,2,99,11,7,5.0,Medium,Improving
EMP047,Mary Bradford,Development,2026-03-02,10:43,20:01,9.3,Client Portal,Client Support,In Progress,94,33,1.3,6,2.0,5,5,92,10,10,5.0,Medium,Improving
EMP047,Mary Bradford,Development,2026-03-03,09:19,18:49,9.5,Client Portal,Testing,Pending,91,13,1.5,3,1.5,8,3,89,15,6,5.0,Medium,Improving
EMP047,Mary Bradford,Development,2026-03-04,10:31,18:43,8.2,HR System,Model Training,Completed,92,36,0.2,6,0.8,4,8,84,11,3,4.6,Low,Improving
EMP047,Mary Bradford,Development,2026-03-05,10:27,18:33,8.1,Mobile App,Database Update,Pending,86,16,0.1,6,1.7,10,5,76,10,3,5.0,Low,Improving
EMP047,Mary Bradford,Development,2026-03-06,08:14,17:38,9.4,Client Portal,Documentation,Pending,89,35,1.4,1,1.6,9,2,79,5,5,4.6,Medium,Improving
EMP047,Mary Bradford,Development,2026-03-07,08:51,17:57,9.1,IoT Monitoring,UI Design,Completed,100,24,1.1,2,2.2,4,4,93,7,7,5.0,Medium,Improving
EMP047,Mary Bradford,Development,2026-03-09,08:06,16:36,8.5,AI Analytics,Model Training,In Progress,84,11,0.5,3,2.8,6,4,78,7,4,4.7,Low,Improving
EMP047,Mary Bradford,Development,2026-03-10,10:51,20:09,9.3,Client Portal,Testing,Pending,100,39,1.3,2,2.2,6,6,94,6,6,5.0,Medium,Improving
EMP047,Mary Bradford,Development,2026-03-11,09:24,17:12,7.8,Mobile App,API Integration,Completed,84,25,0.0,6,1.8,9,4,79,10,10,4.3,Low,Improving
EMP047,Mary Bradford,Development,2026-03-12,08:09,16:39,8.5,AI Analytics,API Integration,In Progress,100,15,0.5,3,0.9,6,2,92,5,5,5.0,Low,Improving
EMP047,Mary Bradford,Development,2026-03-13,09:09,17:03,7.9,Mobile App,Testing,In Progress,100,18,0.0,3,1.3,3,0,92,5,5,5.0,Low,Improving
EMP047,Mary Bradford,Development,2026-03-14,08:17,17:29,9.2,Client Portal,API Integration,In Progress,88,32,1.2,6,1.5,8,3,81,7,7,5.0,Medium,Improving
EMP047,Mary Bradford,Development,2026-03-15,10:20,18:14,7.9,CRM Dashboard,Model Training,In Progress,94,25,0.0,4,1.7,2,8,92,5,5,5.0,Low,Improving
EMP047,Mary Bradford,Development,2026-03-16,10:45,18:45,8.0,CRM Dashboard,Bug Fixing,In Progress,86,21,0.0,3,0.6,4,1,78,13,4,4.5,Low,Improving
EMP047,Mary Bradford,Development,2026-03-17,09:48,19:00,9.2,Client Portal,Documentation,Completed,98,26,1.2,4,0.6,10,3,88,9,9,5.0,Medium,Improving
EMP047,Mary Bradford,Development,2026-03-18,10:23,19:47,9.4,HR System,Documentation,In Progress,95,35,1.4,1,2.3,2,3,88,15,13,4.8,Medium,Improving
EMP047,Mary Bradford,Development,2026-03-19,10:07,18:49,8.7,AI Analytics,Database Update,Completed,87,22,0.7,1,1.4,8,7,84,9,9,5.0,Low,Improving
EMP047,Mary Bradford,Development,2026-03-20,09:15,18:21,9.1,Mobile App,Testing,In Progress,93,21,1.1,4,3.0,3,4,88,15,6,5.0,Medium,Improving
EMP047,Mary Bradford,Development,2026-03-21,10:43,19:43,9.0,HR System,Documentation,In Progress,85,13,1.0,4,2.1,5,5,75,9,9,5.0,Medium,Improving
EMP047,Mary Bradford,Development,2026-03-22,10:35,19:41,9.1,Mobile App,Bug Fixing,Pending,93,20,1.1,5,1.7,1,0,92,11,3,5.0,Medium,Improving
EMP047,Mary Bradford,Development,2026-03-23,10:35,19:29,8.9,AI Analytics,UI Design,Pending,91,40,0.9,2,2.5,2,7,87,8,4,5.0,Low,Improving
EMP047,Mary Bradford,Development,2026-03-24,08:28,16:16,7.8,CRM Dashboard,Bug Fixing,Pending,100,18,0.0,5,3.0,1,0,96,13,10,5.0,Low,Improving
EMP047,Mary Bradford,Development,2026-03-25,10:05,19:05,9.0,CRM Dashboard,Model Training,In Progress,91,27,1.0,6,2.6,3,7,87,11,6,5.0,Medium,Improving
EMP047,Mary Bradford,Development,2026-03-26,09:43,18:55,9.2,HR System,UI Design,Completed,87,11,1.2,1,2.8,9,8,80,15,15,4.9,Medium,Improving
EMP047,Mary Bradford,Development,2026-03-27,08:25,17:13,8.8,AI Analytics,Documentation,Completed,97,36,0.8,6,1.2,4,2,91,8,5,5.0,Low,Improving
EMP047,Mary Bradford,Development,2026-03-28,10:18,19:36,9.3,CRM Dashboard,Model Training,In Progress,100,31,1.3,3,2.0,9,3,94,12,3,5.0,Medium,Improving
EMP047,Mary Bradford,Development,2026-03-30,10:36,19:12,8.6,IoT Monitoring,API Integration,In Progress,91,16,0.6,6,2.7,8,2,88,10,9,5.0,Low,Improving
EMP047,Mary Bradford,Development,2026-03-31,09:25,17:19,7.9,HR System,Bug Fixing,Completed,84,32,0.0,6,1.5,1,0,75,7,7,4.2,Low,Improving
EMP047,Mary Bradford,Development,2026-04-01,09:39,18:03,8.4,Mobile App,Model Training,In Progress,100,13,0.4,2,1.9,6,7,97,5,5,5.0,Low,Improving
EMP047,Mary Bradford,Development,2026-04-02,09:47,19:05,9.3,Client Portal,Testing,Completed,87,26,1.3,2,1.0,10,8,77,6,6,4.6,Medium,Improving
EMP047,Mary Bradford,Development,2026-04-03,08:48,17:48,9.0,IoT Monitoring,API Integration,In Progress,88,17,1.0,4,1.0,1,5,79,10,10,4.7,Medium,Improving
EMP047,Mary Bradford,Development,2026-04-04,10:40,18:28,7.8,AI Analytics,Client Support,Completed,95,29,0.0,2,2.8,3,6,87,10,6,5.0,Low,Improving
EMP047,Mary Bradford,Development,2026-04-06,08:28,16:10,7.7,Mobile App,Client Support,In Progress,98,12,0.0,5,2.1,10,7,93,14,5,5.0,Low,Improving
EMP047,Mary Bradford,Development,2026-04-07,08:05,16:41,8.6,Mobile App,Database Update,In Progress,98,36,0.6,4,1.3,5,6,88,8,7,5.0,Low,Improving
EMP047,Mary Bradford,Development,2026-04-08,08:57,17:15,8.3,Mobile App,Model Training,Pending,98,32,0.3,2,1.2,8,8,92,6,6,5.0,Low,Improving
EMP047,Mary Bradford,Development,2026-04-09,09:47,17:29,7.7,AI Analytics,Testing,Completed,87,19,0.0,6,1.7,1,2,83,11,11,5.0,Low,Improving
EMP047,Mary Bradford,Development,2026-04-10,08:52,16:58,8.1,IoT Monitoring,Client Support,Completed,85,38,0.1,3,2.0,5,8,81,9,6,4.5,Low,Improving
EMP047,Mary Bradford,Development,2026-04-11,08:25,17:01,8.6,IoT Monitoring,Documentation,Completed,92,20,0.6,1,2.3,8,5,87,14,6,4.6,Low,Improving
EMP047,Mary Bradford,Development,2026-04-12,09:29,17:05,7.6,Client Portal,Documentation,Pending,93,29,0.0,6,0.9,10,2,85,14,9,5.0,Low,Improving
EMP047,Mary Bradford,Development,2026-04-13,10:49,19:43,8.9,IoT Monitoring,UI Design,In Progress,94,24,0.9,5,1.5,2,5,86,12,10,5.0,Low,Improving
EMP047,Mary Bradford,Development,2026-04-14,10:14,18:50,8.6,IoT Monitoring,Client Support,Completed,100,18,0.6,2,1.9,2,4,98,7,7,5.0,Low,Improving
EMP047,Mary Bradford,Development,2026-04-15,09:28,17:10,7.7,CRM Dashboard,Model Training,In Progress,92,16,0.0,3,0.6,1,6,89,6,6,4.7,Low,Improving
EMP047,Mary Bradford,Development,2026-04-16,09:57,19:03,9.1,IoT Monitoring,Model Training,Completed,100,39,1.1,6,2.8,9,0,94,13,13,5.0,Medium,Improving
EMP047,Mary Bradford,Development,2026-04-17,09:08,17:56,8.8,AI Analytics,Model Training,Completed,96,20,0.8,6,1.6,6,1,88,7,7,5.0,Low,Improving
EMP047,Mary Bradford,Development,2026-04-18,08:58,16:46,7.8,HR System,Client Support,Pending,87,33,0.0,3,2.4,6,8,79,14,5,4.7,Low,Improving
EMP047,Mary Bradford,Development,2026-04-20,09:22,18:40,9.3,HR System,Client Support,Completed,100,39,1.3,5,2.1,4,3,90,12,3,5.0,Medium,Improving
EMP047,Mary Bradford,Development,2026-04-21,10:38,19:38,9.0,AI Analytics,Client Support,Completed,89,36,1.0,5,0.7,3,1,83,7,7,4.9,Medium,Improving
EMP047,Mary Bradford,Development,2026-04-22,08:38,17:50,9.2,AI Analytics,Database Update,In Progress,84,10,1.2,5,2.6,5,4,74,7,5,5.0,Medium,Improving
EMP047,Mary Bradford,Development,2026-04-23,10:54,18:30,7.6,CRM Dashboard,API Integration,Completed,93,19,0.0,4,1.0,6,7,89,11,6,5.0,Low,Improving
EMP047,Mary Bradford,Development,2026-04-24,10:14,19:14,9.0,HR System,Database Update,In Progress,100,11,1.0,2,2.0,6,3,91,7,6,5.0,Medium,Improving
EMP047,Mary Bradford,Development,2026-04-25,09:44,19:14,9.5,CRM Dashboard,Database Update,In Progress,100,21,1.5,5,2.9,8,1,98,9,9,5.0,Medium,Improving
EMP047,Mary Bradford,Development,2026-04-26,10:16,18:58,8.7,Client Portal,Testing,In Progress,100,30,0.7,3,2.8,6,5,95,14,4,5.0,Low,Improving
EMP047,Mary Bradford,Development,2026-04-27,08:21,17:27,9.1,Client Portal,Bug Fixing,Pending,100,14,1.1,1,1.2,6,5,98,8,6,5.0,Medium,Improving
EMP047,Mary Bradford,Development,2026-04-28,09:50,18:14,8.4,Client Portal,Model Training,In Progress,100,36,0.4,4,2.0,8,2,99,10,10,5.0,Low,Improving
EMP047,Mary Bradford,Development,2026-04-29,10:10,19:10,9.0,HR System,Model Training,Completed,85,25,1.0,5,1.1,1,0,81,9,9,4.8,Medium,Improving
EMP047,Mary Bradford,Development,2026-04-30,09:46,18:04,8.3,AI Analytics,Bug Fixing,In Progress,86,11,0.3,6,2.0,9,4,77,14,8,5.0,Low,Improving
EMP047,Mary Bradford,Development,2026-05-01,10:28,19:34,9.1,Client Portal,Documentation,In Progress,100,37,1.1,6,0.6,3,8,95,9,8,5.0,Medium,Improving
EMP047,Mary Bradford,Development,2026-05-02,09:13,18:01,8.8,Client Portal,UI Design,Pending,89,20,0.8,2,1.9,8,2,84,10,5,4.8,Low,Improving
EMP047,Mary Bradford,Development,2026-05-04,09:19,18:13,8.9,IoT Monitoring,UI Design,Completed,100,23,0.9,4,1.9,2,1,96,12,4,5.0,Low,Improving
EMP047,Mary Bradford,Development,2026-05-05,08:08,15:44,7.6,AI Analytics,Client Support,In Progress,96,34,0.0,5,2.2,10,0,91,5,5,5.0,Low,Improving
EMP047,Mary Bradford,Development,2026-05-06,10:09,18:03,7.9,IoT Monitoring,Client Support,In Progress,84,15,0.0,3,1.1,8,3,76,7,7,4.7,Low,Improving
EMP047,Mary Bradford,Development,2026-05-07,09:01,17:13,8.2,IoT Monitoring,Model Training,Pending,100,12,0.2,5,0.8,9,7,92,5,5,5.0,Low,Improving
EMP047,Mary Bradford,Development,2026-05-08,09:32,17:32,8.0,HR System,Database Update,Pending,92,18,0.0,2,1.9,9,8,85,13,9,5.0,Low,Improving
EMP047,Mary Bradford,Development,2026-05-09,09:18,17:42,8.4,HR System,Bug Fixing,Completed,100,33,0.4,1,2.9,9,0,93,12,12,5.0,Low,Improving
EMP047,Mary Bradford,Development,2026-05-11,10:18,18:42,8.4,Client Portal,Bug Fixing,In Progress,90,25,0.4,2,2.1,10,8,90,10,10,4.9,Low,Improving
EMP047,Mary Bradford,Development,2026-05-12,09:16,18:22,9.1,AI Analytics,Documentation,Completed,92,39,1.1,1,2.1,3,3,88,11,11,4.9,Medium,Improving
EMP047,Mary Bradford,Development,2026-05-13,08:26,17:26,9.0,AI Analytics,Database Update,In Progress,100,17,1.0,2,1.1,7,4,91,13,13,5.0,Medium,Improving
EMP047,Mary Bradford,Development,2026-05-14,10:08,18:32,8.4,Client Portal,API Integration,Pending,100,10,0.4,2,1.7,2,1,95,14,14,5.0,Low,Improving
EMP047,Mary Bradford,Development,2026-05-15,10:57,18:27,7.5,CRM Dashboard,Testing,Completed,97,31,0.0,2,2.4,10,5,97,6,6,5.0,Low,Improving
EMP047,Mary Bradford,Development,2026-05-16,10:27,19:03,8.6,Client Portal,Database Update,In Progress,100,13,0.6,2,1.4,5,2,93,10,10,5.0,Low,Improving
EMP047,Mary Bradford,Development,2026-05-18,10:31,18:19,7.8,Mobile App,Client Support,In Progress,90,35,0.0,3,0.6,6,3,81,15,15,5.0,Low,Improving
EMP047,Mary Bradford,Development,2026-05-19,09:16,18:46,9.5,IoT Monitoring,API Integration,Pending,99,24,1.5,1,1.5,9,6,90,10,3,5.0,Medium,Improving
EMP048,Jason Diaz,Development,2026-02-19,10:33,21:33,11.0,AI Analytics,Bug Fixing,Completed,56,109,3.0,4,1.5,7,6,49,10,10,3.8,High,Declining
EMP048,Jason Diaz,Development,2026-02-20,10:01,21:25,11.4,Mobile App,UI Design,Completed,55,61,3.4,4,2.8,7,0,49,6,3,3.2,High,Declining
EMP048,Jason Diaz,Development,2026-02-21,08:30,19:00,10.5,HR System,Bug Fixing,In Progress,64,115,2.5,6,0.7,6,8,56,8,8,3.9,Medium,Stable
EMP048,Jason Diaz,Development,2026-02-22,08:47,20:29,11.7,IoT Monitoring,Bug Fixing,In Progress,64,99,3.7,3,1.8,5,4,58,15,15,3.8,High,Stable
EMP048,Jason Diaz,Development,2026-02-23,09:06,20:48,11.7,HR System,API Integration,In Progress,66,75,3.7,6,2.6,1,5,66,12,5,3.6,Medium,Stable
EMP048,Jason Diaz,Development,2026-02-24,09:34,19:28,9.9,Client Portal,API Integration,In Progress,58,104,1.9,3,3.0,8,8,51,10,4,3.0,Medium,Declining
EMP048,Jason Diaz,Development,2026-02-25,10:16,22:10,11.9,Mobile App,Database Update,In Progress,61,97,3.9,5,0.9,7,1,58,15,11,3.7,High,Stable
EMP048,Jason Diaz,Development,2026-02-26,08:33,18:33,10.0,CRM Dashboard,Database Update,In Progress,67,87,2.0,6,1.4,6,3,57,10,10,3.7,Medium,Stable
EMP048,Jason Diaz,Development,2026-02-27,10:25,21:01,10.6,CRM Dashboard,UI Design,In Progress,70,93,2.6,2,2.5,3,7,64,8,3,3.9,Medium,Stable
EMP048,Jason Diaz,Development,2026-02-28,10:28,21:34,11.1,CRM Dashboard,Bug Fixing,In Progress,64,112,3.1,4,1.7,7,2,57,12,12,4.2,High,Stable
EMP048,Jason Diaz,Development,2026-03-02,09:02,19:56,10.9,Client Portal,Client Support,Pending,61,63,2.9,3,2.7,7,6,59,14,8,3.8,Medium,Stable
EMP048,Jason Diaz,Development,2026-03-03,09:32,19:02,9.5,CRM Dashboard,Database Update,Pending,57,99,1.5,2,2.5,8,5,50,9,9,3.3,Medium,Declining
EMP048,Jason Diaz,Development,2026-03-04,09:01,21:01,12.0,CRM Dashboard,Testing,Pending,65,64,4.0,3,1.8,2,6,64,7,7,4.0,Medium,Stable
EMP048,Jason Diaz,Development,2026-03-05,08:27,19:21,10.9,CRM Dashboard,UI Design,Completed,54,90,2.9,5,2.6,2,3,49,8,8,2.7,Medium,Declining
EMP048,Jason Diaz,Development,2026-03-06,08:26,18:32,10.1,HR System,API Integration,Completed,62,75,2.1,1,2.2,2,8,56,14,14,3.3,Medium,Stable
EMP048,Jason Diaz,Development,2026-03-07,09:35,20:05,10.5,IoT Monitoring,Bug Fixing,Completed,66,109,2.5,6,1.8,5,1,58,8,3,4.0,Medium,Stable
EMP048,Jason Diaz,Development,2026-03-08,09:42,21:06,11.4,Client Portal,UI Design,In Progress,56,79,3.4,1,2.1,7,6,51,14,10,3.1,High,Declining
EMP048,Jason Diaz,Development,2026-03-09,09:19,19:49,10.5,HR System,Client Support,In Progress,51,99,2.5,1,1.9,4,6,44,6,3,3.2,Medium,Declining
EMP048,Jason Diaz,Development,2026-03-10,08:58,18:58,10.0,IoT Monitoring,API Integration,Completed,57,117,2.0,3,2.4,3,2,51,5,5,3.4,Medium,Declining
EMP048,Jason Diaz,Development,2026-03-11,08:58,18:34,9.6,HR System,Bug Fixing,Completed,55,88,1.6,1,1.6,7,3,49,14,5,3.1,Medium,Declining
EMP048,Jason Diaz,Development,2026-03-12,10:34,22:10,11.6,AI Analytics,Bug Fixing,Completed,69,102,3.6,3,3.0,4,3,66,8,8,4.2,Medium,Stable
EMP048,Jason Diaz,Development,2026-03-13,08:22,17:28,9.1,CRM Dashboard,Bug Fixing,Completed,60,107,1.1,4,2.5,6,3,52,9,6,3.7,Medium,Stable
EMP048,Jason Diaz,Development,2026-03-14,08:52,17:58,9.1,AI Analytics,Client Support,In Progress,68,69,1.1,1,1.1,6,6,64,9,8,4.0,Medium,Stable
EMP048,Jason Diaz,Development,2026-03-15,09:32,18:38,9.1,Mobile App,UI Design,In Progress,67,90,1.1,6,2.9,6,7,63,14,9,3.7,Medium,Stable
EMP048,Jason Diaz,Development,2026-03-16,08:39,19:33,10.9,Mobile App,Client Support,Pending,64,109,2.9,2,1.9,8,4,60,11,11,4.1,Medium,Stable
EMP048,Jason Diaz,Development,2026-03-17,09:39,19:45,10.1,IoT Monitoring,UI Design,Pending,52,73,2.1,3,2.6,8,5,47,6,6,2.9,Medium,Declining
EMP048,Jason Diaz,Development,2026-03-18,08:18,18:36,10.3,IoT Monitoring,Client Support,Completed,54,87,2.3,2,2.6,4,3,47,6,6,3.6,Medium,Declining
EMP048,Jason Diaz,Development,2026-03-19,09:07,20:19,11.2,Client Portal,Client Support,Completed,60,70,3.2,6,2.8,8,8,53,5,3,3.0,High,Stable
EMP048,Jason Diaz,Development,2026-03-20,08:38,18:20,9.7,HR System,Bug Fixing,In Progress,51,72,1.7,1,2.1,1,0,51,14,7,3.3,Medium,Declining
EMP048,Jason Diaz,Development,2026-03-21,10:12,21:18,11.1,Client Portal,API Integration,Completed,66,66,3.1,6,1.9,3,8,58,9,6,3.4,Medium,Stable
EMP048,Jason Diaz,Development,2026-03-23,09:04,19:52,10.8,IoT Monitoring,UI Design,In Progress,56,63,2.8,4,2.4,2,8,55,6,5,3.5,Medium,Declining
EMP048,Jason Diaz,Development,2026-03-24,08:50,20:20,11.5,CRM Dashboard,Documentation,Completed,61,84,3.5,3,2.8,8,2,52,8,7,3.8,High,Stable
EMP048,Jason Diaz,Development,2026-03-25,08:01,18:19,10.3,Mobile App,API Integration,In Progress,50,60,2.3,5,2.9,8,2,42,6,6,2.8,Medium,Declining
EMP048,Jason Diaz,Development,2026-03-26,08:40,18:22,9.7,Mobile App,Bug Fixing,In Progress,58,100,1.7,4,0.8,1,3,58,12,12,3.7,Medium,Declining
EMP048,Jason Diaz,Development,2026-03-27,09:03,19:21,10.3,IoT Monitoring,Model Training,Completed,65,73,2.3,6,1.3,1,7,62,10,8,3.5,Medium,Stable
EMP048,Jason Diaz,Development,2026-03-28,09:59,20:41,10.7,IoT Monitoring,Model Training,In Progress,58,85,2.7,6,3.0,2,8,55,7,7,3.8,Medium,Declining
EMP048,Jason Diaz,Development,2026-03-30,08:12,20:12,12.0,IoT Monitoring,UI Design,Pending,48,71,4.0,1,1.3,5,3,45,10,10,3.1,High,Declining
EMP048,Jason Diaz,Development,2026-03-31,09:50,20:02,10.2,HR System,Documentation,Pending,64,109,2.2,4,2.8,3,6,64,6,6,3.2,Medium,Stable
EMP048,Jason Diaz,Development,2026-04-01,10:15,21:39,11.4,IoT Monitoring,Documentation,In Progress,62,91,3.4,2,2.0,1,3,60,12,4,3.7,High,Stable
EMP048,Jason Diaz,Development,2026-04-02,08:01,19:13,11.2,AI Analytics,Model Training,Completed,54,99,3.2,2,0.9,4,3,45,5,5,2.9,High,Declining
EMP048,Jason Diaz,Development,2026-04-03,10:04,20:58,10.9,IoT Monitoring,Database Update,In Progress,56,110,2.9,1,2.4,7,0,56,14,13,3.1,Medium,Declining
EMP048,Jason Diaz,Development,2026-04-04,09:48,21:12,11.4,HR System,Model Training,In Progress,53,84,3.4,3,0.6,10,3,45,7,4,3.0,High,Declining
EMP048,Jason Diaz,Development,2026-04-06,10:45,20:39,9.9,HR System,UI Design,Completed,56,93,1.9,5,1.1,9,0,49,13,7,3.1,Medium,Declining
EMP048,Jason Diaz,Development,2026-04-07,09:22,18:52,9.5,Client Portal,Testing,Completed,67,60,1.5,2,2.7,8,6,62,13,10,3.8,Medium,Stable
EMP048,Jason Diaz,Development,2026-04-08,09:44,19:44,10.0,HR System,Database Update,In Progress,65,116,2.0,3,2.8,8,4,59,15,14,4.0,Medium,Stable
EMP048,Jason Diaz,Development,2026-04-09,10:48,21:12,10.4,Client Portal,Documentation,Pending,48,111,2.4,6,1.1,2,4,44,7,7,2.8,Medium,Declining
EMP048,Jason Diaz,Development,2026-04-10,08:21,17:51,9.5,Mobile App,UI Design,Pending,49,87,1.5,2,2.1,10,3,42,14,14,3.3,Medium,Declining
EMP048,Jason Diaz,Development,2026-04-11,09:35,20:35,11.0,IoT Monitoring,Documentation,Pending,55,103,3.0,4,2.7,2,4,45,14,12,3.0,High,Declining
EMP048,Jason Diaz,Development,2026-04-12,09:44,21:20,11.6,Client Portal,Client Support,Completed,50,80,3.6,2,0.7,3,0,44,7,6,3.4,High,Declining
EMP048,Jason Diaz,Development,2026-04-13,09:58,18:58,9.0,CRM Dashboard,Database Update,In Progress,48,75,1.0,2,3.0,8,5,40,7,4,3.4,Medium,Declining
EMP048,Jason Diaz,Development,2026-04-14,09:40,19:28,9.8,HR System,Model Training,Pending,54,76,1.8,2,1.4,8,5,53,12,6,2.7,Medium,Declining
EMP048,Jason Diaz,Development,2026-04-15,08:48,19:48,11.0,Client Portal,Model Training,Completed,51,76,3.0,6,1.5,1,1,44,6,6,3.4,High,Declining
EMP048,Jason Diaz,Development,2026-04-16,09:34,20:16,10.7,HR System,UI Design,Completed,48,109,2.7,2,2.9,1,7,40,12,4,2.9,Medium,Declining
EMP048,Jason Diaz,Development,2026-04-17,09:28,20:58,11.5,IoT Monitoring,Bug Fixing,Pending,50,115,3.5,4,1.7,1,7,43,9,9,2.8,High,Declining
EMP048,Jason Diaz,Development,2026-04-18,10:53,22:23,11.5,CRM Dashboard,Documentation,Completed,62,100,3.5,2,2.8,8,2,62,12,12,3.7,High,Stable
EMP048,Jason Diaz,Development,2026-04-19,08:03,18:51,10.8,CRM Dashboard,UI Design,Completed,59,105,2.8,1,1.6,4,2,58,11,11,3.5,Medium,Declining
EMP048,Jason Diaz,Development,2026-04-20,10:00,20:24,10.4,Client Portal,UI Design,Pending,49,109,2.4,6,1.8,3,3,42,9,9,2.9,Medium,Declining
EMP048,Jason Diaz,Development,2026-04-21,10:09,21:39,11.5,CRM Dashboard,Testing,Completed,56,92,3.5,4,2.6,9,2,55,8,8,3.5,High,Declining
EMP048,Jason Diaz,Development,2026-04-22,10:04,21:04,11.0,AI Analytics,API Integration,In Progress,46,110,3.0,2,2.4,3,8,41,13,3,2.9,High,Declining
EMP048,Jason Diaz,Development,2026-04-23,08:03,18:57,10.9,IoT Monitoring,UI Design,In Progress,56,105,2.9,5,2.2,4,7,52,12,12,3.2,Medium,Declining
EMP048,Jason Diaz,Development,2026-04-24,08:10,18:28,10.3,Mobile App,UI Design,Pending,56,90,2.3,5,1.1,1,8,47,14,3,3.6,Medium,Declining
EMP048,Jason Diaz,Development,2026-04-25,10:03,19:51,9.8,CRM Dashboard,Model Training,Completed,47,116,1.8,4,1.1,5,5,40,7,3,2.9,Medium,Declining
EMP048,Jason Diaz,Development,2026-04-27,10:58,22:28,11.5,CRM Dashboard,API Integration,Completed,66,60,3.5,2,0.7,7,3,65,10,5,3.9,Medium,Stable
EMP048,Jason Diaz,Development,2026-04-28,10:16,20:52,10.6,CRM Dashboard,Documentation,Completed,53,96,2.6,4,1.1,2,1,43,15,7,2.7,Medium,Declining
EMP048,Jason Diaz,Development,2026-04-29,08:06,19:18,11.2,CRM Dashboard,API Integration,Completed,54,111,3.2,6,1.7,6,6,51,6,6,3.2,High,Declining
EMP048,Jason Diaz,Development,2026-04-30,10:45,20:51,10.1,HR System,Client Support,Completed,63,99,2.1,2,1.4,4,7,61,6,4,3.9,Medium,Stable
EMP048,Jason Diaz,Development,2026-05-01,09:18,19:54,10.6,IoT Monitoring,Documentation,Pending,46,63,2.6,6,1.8,10,1,44,7,7,2.7,Medium,Declining
EMP048,Jason Diaz,Development,2026-05-02,10:55,20:01,9.1,AI Analytics,API Integration,In Progress,59,64,1.1,5,1.2,7,0,53,5,5,3.5,Medium,Declining
EMP048,Jason Diaz,Development,2026-05-03,08:12,18:06,9.9,Client Portal,Bug Fixing,Completed,65,70,1.9,5,2.2,3,8,63,8,8,3.3,Medium,Stable
EMP048,Jason Diaz,Development,2026-05-04,09:04,20:22,11.3,AI Analytics,Model Training,Completed,58,114,3.3,1,2.7,4,6,51,11,11,3.4,High,Declining
EMP048,Jason Diaz,Development,2026-05-05,10:44,22:14,11.5,IoT Monitoring,Documentation,Pending,49,114,3.5,3,2.0,5,4,48,11,3,2.5,High,Declining
EMP048,Jason Diaz,Development,2026-05-06,09:10,19:46,10.6,CRM Dashboard,API Integration,Pending,65,60,2.6,2,2.0,2,4,64,7,7,3.3,Medium,Stable
EMP048,Jason Diaz,Development,2026-05-07,10:50,22:44,11.9,Mobile App,Documentation,Pending,52,76,3.9,3,0.9,6,8,47,8,5,3.5,High,Declining
EMP048,Jason Diaz,Development,2026-05-08,09:05,20:11,11.1,AI Analytics,Bug Fixing,Completed,58,94,3.1,2,1.6,3,5,49,6,5,3.5,High,Declining
EMP048,Jason Diaz,Development,2026-05-09,10:43,19:49,9.1,HR System,Database Update,Completed,54,117,1.1,5,3.0,1,8,54,13,4,3.3,Medium,Declining
EMP048,Jason Diaz,Development,2026-05-11,09:23,19:47,10.4,AI Analytics,Bug Fixing,In Progress,51,71,2.4,2,2.3,8,3,50,6,6,3.4,Medium,Declining
EMP048,Jason Diaz,Development,2026-05-12,10:45,19:51,9.1,IoT Monitoring,Model Training,Completed,46,78,1.1,4,2.4,1,2,40,8,8,2.3,Medium,Declining
EMP048,Jason Diaz,Development,2026-05-13,08:47,19:11,10.4,Client Portal,Model Training,Pending,56,75,2.4,6,1.0,7,4,53,11,8,3.5,Medium,Declining
EMP048,Jason Diaz,Development,2026-05-14,08:23,20:17,11.9,AI Analytics,Client Support,In Progress,65,88,3.9,2,1.7,8,4,62,13,12,3.3,Medium,Stable
EMP048,Jason Diaz,Development,2026-05-15,09:51,21:33,11.7,HR System,Client Support,In Progress,46,97,3.7,2,2.4,2,7,40,6,6,2.7,High,Declining
EMP048,Jason Diaz,Development,2026-05-16,08:27,18:45,10.3,IoT Monitoring,Model Training,In Progress,56,82,2.3,3,2.8,8,0,55,15,6,3.0,Medium,Declining
EMP048,Jason Diaz,Development,2026-05-17,09:58,20:46,10.8,AI Analytics,Database Update,Completed,46,72,2.8,4,1.2,6,4,46,12,12,3.2,Medium,Declining
EMP048,Jason Diaz,Development,2026-05-18,10:01,19:55,9.9,Mobile App,Testing,Completed,47,65,1.9,3,1.3,3,7,40,11,10,2.9,Medium,Declining
EMP048,Jason Diaz,Development,2026-05-19,10:57,21:45,10.8,IoT Monitoring,Testing,Completed,61,63,2.8,6,1.3,1,6,59,7,7,3.4,Medium,Stable
EMP049,Jason Oneal,UI/UX,2026-02-19,10:01,16:49,6.8,Mobile App,Bug Fixing,Pending,61,35,0.0,5,2.6,1,8,58,14,7,3.5,Low,Stable
EMP049,Jason Oneal,UI/UX,2026-02-20,09:18,17:12,7.9,HR System,Database Update,Completed,72,65,0.0,2,1.8,4,8,62,15,9,3.9,Low,Stable
EMP049,Jason Oneal,UI/UX,2026-02-21,09:06,17:54,8.8,Mobile App,Model Training,In Progress,56,43,0.8,6,1.9,7,2,56,12,11,3.6,Low,Declining
EMP049,Jason Oneal,UI/UX,2026-02-23,08:54,17:36,8.7,IoT Monitoring,Bug Fixing,Completed,65,33,0.7,5,2.9,7,0,60,15,13,4.0,Low,Stable
EMP049,Jason Oneal,UI/UX,2026-02-24,08:08,16:02,7.9,HR System,Documentation,Pending,71,34,0.0,4,2.7,2,6,61,15,3,4.4,Low,Stable
EMP049,Jason Oneal,UI/UX,2026-02-25,09:33,17:33,8.0,CRM Dashboard,Documentation,Pending,58,37,0.0,6,1.1,5,1,52,13,5,3.0,Low,Declining
EMP049,Jason Oneal,UI/UX,2026-02-26,08:13,14:43,6.5,IoT Monitoring,Database Update,Pending,74,67,0.0,2,2.6,6,5,66,6,6,4.3,Low,Stable
EMP049,Jason Oneal,UI/UX,2026-02-27,09:29,18:17,8.8,Mobile App,API Integration,In Progress,59,38,0.8,6,2.8,7,6,58,6,6,3.7,Low,Declining
EMP049,Jason Oneal,UI/UX,2026-02-28,08:05,16:53,8.8,Mobile App,UI Design,Completed,73,55,0.8,6,0.8,9,4,72,9,3,4.3,Low,Stable
EMP049,Jason Oneal,UI/UX,2026-03-02,10:25,18:49,8.4,Client Portal,Client Support,In Progress,66,65,0.4,3,2.3,8,4,63,9,3,4.1,Low,Stable
EMP049,Jason Oneal,UI/UX,2026-03-03,08:48,17:48,9.0,Mobile App,Documentation,Completed,61,51,1.0,3,2.8,5,2,60,13,11,3.7,Medium,Stable
EMP049,Jason Oneal,UI/UX,2026-03-04,09:58,18:46,8.8,CRM Dashboard,Model Training,In Progress,59,39,0.8,4,2.5,10,7,54,12,9,3.4,Low,Declining
EMP049,Jason Oneal,UI/UX,2026-03-05,10:44,17:44,7.0,AI Analytics,Testing,Completed,64,69,0.0,6,2.8,10,8,64,11,8,3.6,Low,Stable
EMP049,Jason Oneal,UI/UX,2026-03-06,09:08,16:14,7.1,AI Analytics,Documentation,In Progress,56,65,0.0,4,2.9,10,7,54,5,5,3.0,Low,Declining
EMP049,Jason Oneal,UI/UX,2026-03-07,09:10,17:10,8.0,HR System,Client Support,Completed,67,32,0.0,5,1.3,2,5,66,8,8,3.5,Low,Stable
EMP049,Jason Oneal,UI/UX,2026-03-08,09:17,17:29,8.2,AI Analytics,API Integration,Pending,63,47,0.2,3,2.4,7,3,60,5,5,3.9,Low,Stable
EMP049,Jason Oneal,UI/UX,2026-03-09,10:02,18:26,8.4,IoT Monitoring,Database Update,Pending,56,68,0.4,4,2.3,2,0,48,12,12,3.7,Low,Declining
EMP049,Jason Oneal,UI/UX,2026-03-10,10:53,18:35,7.7,HR System,Client Support,Completed,65,63,0.0,1,2.0,1,4,58,8,7,4.1,Low,Stable
EMP049,Jason Oneal,UI/UX,2026-03-11,08:02,16:08,8.1,CRM Dashboard,Database Update,In Progress,68,36,0.1,6,2.7,9,0,60,15,4,4.1,Low,Stable
EMP049,Jason Oneal,UI/UX,2026-03-12,08:36,17:18,8.7,AI Analytics,Bug Fixing,In Progress,64,48,0.7,5,1.8,6,2,64,10,9,3.4,Low,Stable
EMP049,Jason Oneal,UI/UX,2026-03-13,08:56,16:38,7.7,Client Portal,Testing,In Progress,54,32,0.0,5,1.0,2,2,54,14,14,3.3,Low,Declining
EMP049,Jason Oneal,UI/UX,2026-03-14,10:43,17:13,6.5,Client Portal,UI Design,Pending,73,68,0.0,5,1.3,2,2,67,8,8,4.1,Low,Stable
EMP049,Jason Oneal,UI/UX,2026-03-16,10:23,18:11,7.8,Mobile App,API Integration,In Progress,72,39,0.0,2,1.7,1,8,66,14,6,3.7,Low,Stable
EMP049,Jason Oneal,UI/UX,2026-03-17,08:56,17:02,8.1,AI Analytics,API Integration,In Progress,55,31,0.1,3,1.3,9,0,48,14,5,3.6,Low,Declining
EMP049,Jason Oneal,UI/UX,2026-03-18,08:58,15:58,7.0,Mobile App,API Integration,Pending,63,60,0.0,5,1.8,2,8,55,8,8,3.9,Low,Stable
EMP049,Jason Oneal,UI/UX,2026-03-19,09:45,17:45,8.0,IoT Monitoring,UI Design,Pending,59,30,0.0,2,1.4,5,7,56,13,13,3.9,Low,Declining
EMP049,Jason Oneal,UI/UX,2026-03-20,08:33,16:27,7.9,Mobile App,UI Design,Completed,58,48,0.0,2,1.7,7,4,50,5,5,3.6,Low,Declining
EMP049,Jason Oneal,UI/UX,2026-03-21,10:14,18:50,8.6,Client Portal,API Integration,Pending,54,51,0.6,6,2.4,4,3,45,5,5,3.2,Low,Declining
EMP049,Jason Oneal,UI/UX,2026-03-23,09:01,17:37,8.6,AI Analytics,Model Training,In Progress,65,60,0.6,6,2.7,10,0,63,6,5,3.6,Low,Stable
EMP049,Jason Oneal,UI/UX,2026-03-24,08:33,16:51,8.3,Client Portal,Documentation,Completed,56,62,0.3,3,0.9,5,0,56,6,6,3.2,Low,Declining
EMP049,Jason Oneal,UI/UX,2026-03-25,08:30,17:24,8.9,Client Portal,API Integration,In Progress,66,32,0.9,5,2.3,4,5,58,10,3,3.8,Low,Stable
EMP049,Jason Oneal,UI/UX,2026-03-26,08:16,16:40,8.4,CRM Dashboard,Database Update,In Progress,66,35,0.4,4,2.2,9,7,66,8,8,3.6,Low,Stable
EMP049,Jason Oneal,UI/UX,2026-03-27,08:04,16:40,8.6,HR System,Documentation,In Progress,65,44,0.6,2,2.7,8,5,62,7,7,3.5,Low,Stable
EMP049,Jason Oneal,UI/UX,2026-03-28,10:22,17:04,6.7,AI Analytics,Testing,Completed,61,33,0.0,2,2.4,2,6,57,8,8,3.3,Low,Stable
EMP049,Jason Oneal,UI/UX,2026-03-29,10:36,19:24,8.8,Mobile App,Model Training,In Progress,65,60,0.8,3,2.8,1,0,56,5,5,4.2,Low,Stable
EMP049,Jason Oneal,UI/UX,2026-03-30,08:20,16:26,8.1,CRM Dashboard,API Integration,In Progress,61,60,0.1,5,2.0,1,5,59,9,9,4.0,Low,Stable
EMP049,Jason Oneal,UI/UX,2026-03-31,08:43,17:13,8.5,CRM Dashboard,Model Training,In Progress,71,70,0.5,6,1.6,5,0,64,6,6,4.0,Low,Stable
EMP049,Jason Oneal,UI/UX,2026-04-01,10:50,19:44,8.9,HR System,Testing,Completed,68,38,0.9,4,0.8,3,1,65,13,10,4.2,Low,Stable
EMP049,Jason Oneal,UI/UX,2026-04-02,10:41,18:35,7.9,Client Portal,Database Update,Completed,62,32,0.0,3,2.7,2,4,53,11,11,3.6,Low,Stable
EMP049,Jason Oneal,UI/UX,2026-04-03,08:55,16:55,8.0,IoT Monitoring,Client Support,Pending,58,32,0.0,4,0.8,4,6,53,11,6,3.4,Low,Declining
EMP049,Jason Oneal,UI/UX,2026-04-04,10:38,17:56,7.3,AI Analytics,API Integration,Pending,55,34,0.0,4,1.3,2,5,46,5,5,3.6,Low,Declining
EMP049,Jason Oneal,UI/UX,2026-04-06,08:50,16:02,7.2,Client Portal,Database Update,In Progress,57,34,0.0,1,1.1,6,2,54,12,12,3.0,Low,Declining
EMP049,Jason Oneal,UI/UX,2026-04-07,09:47,18:35,8.8,HR System,UI Design,In Progress,71,60,0.8,4,1.7,10,4,70,10,10,4.1,Low,Stable
EMP049,Jason Oneal,UI/UX,2026-04-08,08:30,16:06,7.6,Client Portal,Documentation,In Progress,63,34,0.0,3,2.4,6,7,59,5,5,3.9,Low,Stable
EMP049,Jason Oneal,UI/UX,2026-04-09,09:12,16:24,7.2,HR System,Database Update,Completed,68,32,0.0,3,1.5,7,8,59,10,10,4.2,Low,Stable
EMP049,Jason Oneal,UI/UX,2026-04-10,09:36,18:30,8.9,CRM Dashboard,Bug Fixing,Completed,67,53,0.9,1,1.6,8,8,59,10,10,3.7,Low,Stable
EMP049,Jason Oneal,UI/UX,2026-04-11,08:33,15:15,6.7,Mobile App,Client Support,Completed,70,53,0.0,6,1.7,8,4,67,13,13,3.6,Low,Stable
EMP049,Jason Oneal,UI/UX,2026-04-12,10:08,17:56,7.8,CRM Dashboard,Testing,Completed,73,41,0.0,5,2.2,7,3,69,9,9,4.2,Low,Stable
EMP049,Jason Oneal,UI/UX,2026-04-13,10:58,18:10,7.2,Mobile App,Bug Fixing,Completed,62,44,0.0,2,0.6,2,8,62,8,6,3.7,Low,Stable
EMP049,Jason Oneal,UI/UX,2026-04-14,10:02,17:38,7.6,Client Portal,Model Training,Pending,67,43,0.0,3,1.5,9,4,60,11,11,4.1,Low,Stable
EMP049,Jason Oneal,UI/UX,2026-04-15,09:15,16:33,7.3,Client Portal,Client Support,Pending,66,43,0.0,6,2.0,6,4,58,7,3,3.9,Low,Stable
EMP049,Jason Oneal,UI/UX,2026-04-16,10:12,18:54,8.7,AI Analytics,Bug Fixing,Completed,63,51,0.7,2,2.7,9,7,53,5,5,4.0,Low,Stable
EMP049,Jason Oneal,UI/UX,2026-04-17,08:53,16:23,7.5,IoT Monitoring,UI Design,Completed,68,45,0.0,3,1.0,1,1,62,10,10,4.0,Low,Stable
EMP049,Jason Oneal,UI/UX,2026-04-18,09:36,17:24,7.8,IoT Monitoring,Documentation,Pending,66,56,0.0,1,0.6,6,8,65,6,6,4.3,Low,Stable
EMP049,Jason Oneal,UI/UX,2026-04-20,08:38,15:50,7.2,CRM Dashboard,UI Design,Pending,60,51,0.0,3,1.2,1,3,58,9,9,3.8,Low,Stable
EMP049,Jason Oneal,UI/UX,2026-04-21,10:52,17:40,6.8,AI Analytics,Documentation,Pending,69,38,0.0,3,2.3,10,4,62,15,6,3.9,Low,Stable
EMP049,Jason Oneal,UI/UX,2026-04-22,10:36,19:24,8.8,Client Portal,UI Design,Completed,56,62,0.8,2,1.9,2,2,56,9,9,3.6,Low,Declining
EMP049,Jason Oneal,UI/UX,2026-04-23,08:15,15:51,7.6,Mobile App,Client Support,Pending,66,51,0.0,6,2.1,7,5,57,9,9,4.3,Low,Stable
EMP049,Jason Oneal,UI/UX,2026-04-24,10:05,17:29,7.4,CRM Dashboard,Model Training,Pending,67,40,0.0,5,2.1,7,4,66,5,5,3.4,Low,Stable
EMP049,Jason Oneal,UI/UX,2026-04-25,08:16,16:40,8.4,IoT Monitoring,API Integration,Completed,59,35,0.4,2,0.7,6,7,56,14,13,3.6,Low,Declining
EMP049,Jason Oneal,UI/UX,2026-04-26,09:51,17:03,7.2,AI Analytics,Client Support,Pending,54,39,0.0,6,2.8,6,2,45,12,5,3.1,Low,Declining
EMP049,Jason Oneal,UI/UX,2026-04-27,10:30,18:48,8.3,AI Analytics,Testing,Completed,71,59,0.3,2,2.2,6,1,68,10,8,4.5,Low,Stable
EMP049,Jason Oneal,UI/UX,2026-04-28,09:40,16:52,7.2,Client Portal,Bug Fixing,In Progress,68,61,0.0,1,2.7,3,4,67,9,5,3.7,Low,Stable
EMP049,Jason Oneal,UI/UX,2026-04-29,08:03,16:15,8.2,Client Portal,Bug Fixing,In Progress,64,57,0.2,6,2.1,8,8,55,5,5,4.1,Low,Stable
EMP049,Jason Oneal,UI/UX,2026-04-30,10:11,18:59,8.8,AI Analytics,Testing,Completed,73,36,0.8,2,2.6,4,6,70,11,11,4.2,Low,Stable
EMP049,Jason Oneal,UI/UX,2026-05-01,09:56,17:20,7.4,CRM Dashboard,Model Training,In Progress,57,45,0.0,6,1.2,10,8,56,12,12,3.6,Low,Declining
EMP049,Jason Oneal,UI/UX,2026-05-02,09:35,17:29,7.9,AI Analytics,Client Support,In Progress,54,50,0.0,2,2.8,1,8,44,14,8,3.4,Low,Declining
EMP049,Jason Oneal,UI/UX,2026-05-04,08:05,15:23,7.3,Mobile App,API Integration,Completed,56,68,0.0,2,2.3,6,4,47,8,8,3.2,Low,Declining
EMP049,Jason Oneal,UI/UX,2026-05-05,09:38,18:02,8.4,HR System,Model Training,Pending,74,49,0.4,3,2.1,8,8,66,8,5,4.4,Low,Stable
EMP049,Jason Oneal,UI/UX,2026-05-06,10:43,18:31,7.8,Client Portal,API Integration,Completed,71,47,0.0,4,1.9,6,5,70,14,5,3.6,Low,Stable
EMP049,Jason Oneal,UI/UX,2026-05-07,10:08,18:50,8.7,Mobile App,Model Training,In Progress,55,70,0.7,1,1.7,8,7,49,11,11,3.3,Low,Declining
EMP049,Jason Oneal,UI/UX,2026-05-08,08:24,16:42,8.3,CRM Dashboard,Database Update,Pending,64,60,0.3,4,2.2,1,0,56,14,9,3.5,Low,Stable
EMP049,Jason Oneal,UI/UX,2026-05-09,08:09,16:39,8.5,Client Portal,API Integration,Pending,56,53,0.5,2,0.6,8,5,50,7,7,3.8,Low,Declining
EMP049,Jason Oneal,UI/UX,2026-05-11,08:59,16:29,7.5,Client Portal,Bug Fixing,In Progress,65,38,0.0,1,2.8,1,3,61,5,5,4.1,Low,Stable
EMP049,Jason Oneal,UI/UX,2026-05-12,08:30,16:18,7.8,HR System,UI Design,In Progress,56,39,0.0,2,0.7,4,8,51,15,9,3.3,Low,Declining
EMP049,Jason Oneal,UI/UX,2026-05-13,08:25,15:31,7.1,Client Portal,Documentation,Pending,73,60,0.0,5,2.6,7,2,63,5,5,4.1,Low,Stable
EMP049,Jason Oneal,UI/UX,2026-05-14,09:54,18:54,9.0,CRM Dashboard,Bug Fixing,Pending,59,37,1.0,2,1.5,10,6,57,14,7,3.3,Medium,Declining
EMP049,Jason Oneal,UI/UX,2026-05-15,10:26,19:14,8.8,AI Analytics,UI Design,Completed,60,56,0.8,4,1.6,1,3,55,13,12,3.0,Low,Stable
EMP049,Jason Oneal,UI/UX,2026-05-16,08:28,15:34,7.1,Mobile App,Testing,Completed,56,44,0.0,6,1.6,6,5,51,7,5,3.7,Low,Declining
EMP049,Jason Oneal,UI/UX,2026-05-18,08:57,17:21,8.4,HR System,Testing,In Progress,74,63,0.4,2,1.0,8,0,72,11,11,4.6,Low,Stable
EMP049,Jason Oneal,UI/UX,2026-05-19,08:11,16:41,8.5,HR System,Database Update,Completed,72,70,0.5,2,2.3,2,5,64,6,6,4.3,Low,Stable
EMP050,Lindsey Lawrence,UI/UX,2026-02-19,10:24,19:24,9.0,Mobile App,API Integration,Completed,100,35,1.0,2,2.6,2,5,98,11,6,5.0,Medium,Improving
EMP050,Lindsey Lawrence,UI/UX,2026-02-20,09:41,18:35,8.9,CRM Dashboard,API Integration,Completed,100,13,0.9,5,2.6,3,2,91,13,13,5.0,Low,Improving
EMP050,Lindsey Lawrence,UI/UX,2026-02-21,08:36,16:54,8.3,HR System,Bug Fixing,Completed,95,23,0.3,1,0.8,5,7,94,9,3,5.0,Low,Improving
EMP050,Lindsey Lawrence,UI/UX,2026-02-22,10:39,19:27,8.8,HR System,Database Update,In Progress,93,21,0.8,2,1.4,2,6,93,14,14,5.0,Low,Improving
EMP050,Lindsey Lawrence,UI/UX,2026-02-23,09:46,17:22,7.6,Mobile App,Client Support,Pending,100,23,0.0,4,0.9,4,6,99,10,8,5.0,Low,Improving
EMP050,Lindsey Lawrence,UI/UX,2026-02-24,09:33,17:33,8.0,Client Portal,Model Training,Pending,100,36,0.0,3,1.4,4,5,91,12,7,5.0,Low,Improving
EMP050,Lindsey Lawrence,UI/UX,2026-02-25,09:20,17:26,8.1,Client Portal,Testing,Completed,91,40,0.1,4,2.1,6,2,88,8,4,5.0,Low,Improving
EMP050,Lindsey Lawrence,UI/UX,2026-02-26,09:48,17:48,8.0,Client Portal,Bug Fixing,Completed,88,40,0.0,2,2.1,10,2,78,12,3,5.0,Low,Improving
EMP050,Lindsey Lawrence,UI/UX,2026-02-27,08:46,16:52,8.1,IoT Monitoring,UI Design,In Progress,94,23,0.1,4,1.4,9,6,86,6,6,4.8,Low,Improving
EMP050,Lindsey Lawrence,UI/UX,2026-02-28,09:07,16:43,7.6,IoT Monitoring,Documentation,In Progress,95,28,0.0,3,0.6,4,2,92,8,8,5.0,Low,Improving
EMP050,Lindsey Lawrence,UI/UX,2026-03-02,10:10,18:28,8.3,Mobile App,API Integration,Completed,87,13,0.3,3,1.9,6,3,84,14,10,4.7,Low,Improving
EMP050,Lindsey Lawrence,UI/UX,2026-03-03,09:52,17:28,7.6,CRM Dashboard,Bug Fixing,Pending,100,15,0.0,4,3.0,8,5,94,6,6,5.0,Low,Improving
EMP050,Lindsey Lawrence,UI/UX,2026-03-04,09:58,19:22,9.4,HR System,Testing,Pending,100,35,1.4,6,1.4,9,3,92,11,11,5.0,Medium,Improving
EMP050,Lindsey Lawrence,UI/UX,2026-03-05,08:43,17:01,8.3,Client Portal,Documentation,In Progress,98,35,0.3,1,2.5,2,7,88,13,13,5.0,Low,Improving
EMP050,Lindsey Lawrence,UI/UX,2026-03-06,10:33,19:51,9.3,HR System,Database Update,Pending,93,29,1.3,2,1.8,3,5,88,12,7,4.8,Medium,Improving
EMP050,Lindsey Lawrence,UI/UX,2026-03-07,10:04,19:16,9.2,Mobile App,Testing,In Progress,88,37,1.2,4,1.9,7,5,87,10,10,5.0,Medium,Improving
EMP050,Lindsey Lawrence,UI/UX,2026-03-09,08:33,17:45,9.2,Client Portal,Testing,Completed,95,13,1.2,3,1.0,9,4,89,9,7,4.9,Medium,Improving
EMP050,Lindsey Lawrence,UI/UX,2026-03-10,09:00,16:42,7.7,Mobile App,Model Training,Pending,95,15,0.0,6,1.4,5,6,93,11,11,5.0,Low,Improving
EMP050,Lindsey Lawrence,UI/UX,2026-03-11,10:35,19:23,8.8,Client Portal,Testing,Pending,93,24,0.8,4,2.0,1,5,90,14,4,5.0,Low,Improving
EMP050,Lindsey Lawrence,UI/UX,2026-03-12,10:14,18:14,8.0,AI Analytics,Testing,In Progress,90,28,0.0,5,3.0,4,4,87,7,7,5.0,Low,Improving
EMP050,Lindsey Lawrence,UI/UX,2026-03-13,08:33,16:33,8.0,Client Portal,Testing,Pending,99,31,0.0,1,2.7,2,5,92,14,14,5.0,Low,Improving
EMP050,Lindsey Lawrence,UI/UX,2026-03-14,08:13,15:55,7.7,IoT Monitoring,Testing,Completed,100,37,0.0,4,2.6,4,0,91,11,11,5.0,Low,Improving
EMP050,Lindsey Lawrence,UI/UX,2026-03-16,09:14,18:14,9.0,Mobile App,Client Support,In Progress,99,29,1.0,3,0.6,9,2,96,12,7,5.0,Medium,Improving
EMP050,Lindsey Lawrence,UI/UX,2026-03-17,09:50,18:56,9.1,HR System,Testing,Completed,100,39,1.1,4,1.6,9,0,97,12,12,5.0,Medium,Improving
EMP050,Lindsey Lawrence,UI/UX,2026-03-18,08:31,17:55,9.4,AI Analytics,UI Design,In Progress,88,25,1.4,4,0.5,4,8,79,13,7,5.0,Medium,Improving
EMP050,Lindsey Lawrence,UI/UX,2026-03-19,09:16,18:46,9.5,CRM Dashboard,Documentation,In Progress,100,28,1.5,3,2.5,7,1,94,14,8,5.0,Medium,Improving
EMP050,Lindsey Lawrence,UI/UX,2026-03-20,10:15,17:51,7.6,Mobile App,Bug Fixing,In Progress,88,32,0.0,6,2.7,2,7,79,8,8,4.5,Low,Improving
EMP050,Lindsey Lawrence,UI/UX,2026-03-21,09:04,18:16,9.2,AI Analytics,Client Support,Pending,100,40,1.2,4,1.6,2,7,93,9,7,5.0,Medium,Improving
EMP050,Lindsey Lawrence,UI/UX,2026-03-23,09:08,18:20,9.2,HR System,Database Update,In Progress,92,25,1.2,4,1.6,4,1,91,8,3,4.8,Medium,Improving
EMP050,Lindsey Lawrence,UI/UX,2026-03-24,08:21,16:39,8.3,CRM Dashboard,Model Training,Pending,99,32,0.3,3,2.8,8,2,94,8,5,5.0,Low,Improving
EMP050,Lindsey Lawrence,UI/UX,2026-03-25,09:50,17:50,8.0,IoT Monitoring,Database Update,Pending,91,17,0.0,4,3.0,8,5,91,5,5,4.8,Low,Improving
EMP050,Lindsey Lawrence,UI/UX,2026-03-26,10:58,20:04,9.1,Client Portal,Client Support,Completed,91,30,1.1,3,2.2,7,0,82,5,5,4.7,Medium,Improving
EMP050,Lindsey Lawrence,UI/UX,2026-03-27,09:42,18:42,9.0,CRM Dashboard,Model Training,Pending,100,12,1.0,6,2.2,9,8,96,8,5,5.0,Medium,Improving
EMP050,Lindsey Lawrence,UI/UX,2026-03-28,10:09,18:39,8.5,CRM Dashboard,Client Support,Pending,100,38,0.5,2,2.1,2,0,97,9,9,5.0,Low,Improving
EMP050,Lindsey Lawrence,UI/UX,2026-03-30,10:30,19:00,8.5,HR System,Database Update,In Progress,100,34,0.5,5,1.1,3,6,94,10,10,5.0,Low,Improving
EMP050,Lindsey Lawrence,UI/UX,2026-03-31,09:12,17:24,8.2,Client Portal,Database Update,Pending,91,27,0.2,6,2.7,4,0,84,13,11,5.0,Low,Improving
EMP050,Lindsey Lawrence,UI/UX,2026-04-01,08:14,17:02,8.8,IoT Monitoring,API Integration,Pending,98,22,0.8,6,2.6,7,7,94,5,5,5.0,Low,Improving
EMP050,Lindsey Lawrence,UI/UX,2026-04-02,08:52,16:40,7.8,AI Analytics,Bug Fixing,Completed,95,11,0.0,5,0.6,3,1,94,13,6,4.9,Low,Improving
EMP050,Lindsey Lawrence,UI/UX,2026-04-03,10:51,19:15,8.4,Mobile App,API Integration,In Progress,85,38,0.4,4,2.9,7,3,77,14,11,4.4,Low,Improving
EMP050,Lindsey Lawrence,UI/UX,2026-04-04,08:05,15:47,7.7,AI Analytics,Client Support,In Progress,95,39,0.0,1,2.9,4,4,91,11,11,5.0,Low,Improving
EMP050,Lindsey Lawrence,UI/UX,2026-04-06,10:21,19:15,8.9,Mobile App,API Integration,Pending,85,28,0.9,6,2.5,5,3,84,7,7,4.3,Low,Improving
EMP050,Lindsey Lawrence,UI/UX,2026-04-07,10:34,18:58,8.4,AI Analytics,UI Design,Completed,89,33,0.4,6,2.3,1,0,83,5,5,4.8,Low,Improving
EMP050,Lindsey Lawrence,UI/UX,2026-04-08,09:37,18:43,9.1,AI Analytics,Database Update,Pending,96,23,1.1,6,1.7,8,4,88,6,6,5.0,Medium,Improving
EMP050,Lindsey Lawrence,UI/UX,2026-04-09,10:55,18:55,8.0,IoT Monitoring,Bug Fixing,In Progress,100,23,0.0,4,1.4,9,8,92,11,7,5.0,Low,Improving
EMP050,Lindsey Lawrence,UI/UX,2026-04-10,10:30,19:36,9.1,CRM Dashboard,API Integration,In Progress,98,29,1.1,6,2.0,1,6,98,5,5,5.0,Medium,Improving
EMP050,Lindsey Lawrence,UI/UX,2026-04-11,08:57,18:09,9.2,HR System,Model Training,In Progress,92,19,1.2,2,1.3,1,8,86,13,3,5.0,Medium,Improving
EMP050,Lindsey Lawrence,UI/UX,2026-04-13,09:35,17:59,8.4,IoT Monitoring,Database Update,In Progress,100,30,0.4,6,1.0,4,7,93,8,8,5.0,Low,Improving
EMP050,Lindsey Lawrence,UI/UX,2026-04-14,08:23,16:11,7.8,IoT Monitoring,Documentation,Completed,100,21,0.0,4,2.5,7,2,98,7,7,5.0,Low,Improving
EMP050,Lindsey Lawrence,UI/UX,2026-04-15,09:08,16:56,7.8,Mobile App,Model Training,Completed,98,28,0.0,5,2.9,4,8,93,14,14,5.0,Low,Improving
EMP050,Lindsey Lawrence,UI/UX,2026-04-16,08:00,16:48,8.8,HR System,Testing,Pending,100,26,0.8,5,2.3,5,6,98,8,8,5.0,Low,Improving
EMP050,Lindsey Lawrence,UI/UX,2026-04-17,10:26,18:14,7.8,CRM Dashboard,Documentation,In Progress,100,35,0.0,6,2.6,9,2,97,12,12,5.0,Low,Improving
EMP050,Lindsey Lawrence,UI/UX,2026-04-18,08:28,17:10,8.7,Mobile App,Bug Fixing,Completed,89,27,0.7,1,2.5,10,1,83,14,4,4.9,Low,Improving
EMP050,Lindsey Lawrence,UI/UX,2026-04-20,10:59,20:05,9.1,Client Portal,Bug Fixing,In Progress,93,39,1.1,2,0.6,9,4,87,15,4,5.0,Medium,Improving
EMP050,Lindsey Lawrence,UI/UX,2026-04-21,10:26,19:26,9.0,AI Analytics,Model Training,Pending,90,33,1.0,2,1.3,6,6,88,11,3,5.0,Medium,Improving
EMP050,Lindsey Lawrence,UI/UX,2026-04-22,08:02,17:02,9.0,HR System,Client Support,In Progress,100,17,1.0,6,0.7,5,7,93,7,3,5.0,Medium,Improving
EMP050,Lindsey Lawrence,UI/UX,2026-04-23,08:38,17:56,9.3,Client Portal,API Integration,In Progress,100,37,1.3,5,1.6,5,4,91,13,13,5.0,Medium,Improving
EMP050,Lindsey Lawrence,UI/UX,2026-04-24,10:30,19:24,8.9,IoT Monitoring,UI Design,Pending,90,17,0.9,4,2.7,10,2,86,8,8,4.9,Low,Improving
EMP050,Lindsey Lawrence,UI/UX,2026-04-25,10:33,18:27,7.9,AI Analytics,Model Training,Completed,98,18,0.0,6,1.0,1,8,98,9,6,5.0,Low,Improving
EMP050,Lindsey Lawrence,UI/UX,2026-04-27,10:02,17:44,7.7,AI Analytics,API Integration,Pending,100,18,0.0,6,1.9,5,6,90,11,7,5.0,Low,Improving
EMP050,Lindsey Lawrence,UI/UX,2026-04-28,09:28,18:58,9.5,HR System,Database Update,Pending,90,20,1.5,6,1.0,10,6,86,10,10,5.0,Medium,Improving
EMP050,Lindsey Lawrence,UI/UX,2026-04-29,09:36,17:30,7.9,Client Portal,Documentation,Pending,99,37,0.0,6,2.7,3,5,96,10,5,5.0,Low,Improving
EMP050,Lindsey Lawrence,UI/UX,2026-04-30,09:10,18:10,9.0,Mobile App,Bug Fixing,Pending,98,30,1.0,4,2.1,8,0,97,9,5,5.0,Medium,Improving
EMP050,Lindsey Lawrence,UI/UX,2026-05-01,08:22,16:28,8.1,CRM Dashboard,Testing,In Progress,100,33,0.1,1,3.0,7,5,97,5,5,5.0,Low,Improving
EMP050,Lindsey Lawrence,UI/UX,2026-05-02,10:58,20:04,9.1,Client Portal,Model Training,In Progress,88,28,1.1,2,1.4,2,0,80,5,5,4.6,Medium,Improving
EMP050,Lindsey Lawrence,UI/UX,2026-05-04,10:56,18:38,7.7,CRM Dashboard,Client Support,Completed,98,35,0.0,3,2.2,5,3,97,5,5,4.9,Low,Improving
EMP050,Lindsey Lawrence,UI/UX,2026-05-05,09:09,17:51,8.7,IoT Monitoring,UI Design,Completed,91,10,0.7,4,1.4,10,5,89,6,6,5.0,Low,Improving
EMP050,Lindsey Lawrence,UI/UX,2026-05-06,09:40,17:28,7.8,AI Analytics,Database Update,In Progress,100,14,0.0,6,1.3,9,8,91,7,3,5.0,Low,Improving
EMP050,Lindsey Lawrence,UI/UX,2026-05-07,10:44,18:56,8.2,Mobile App,Testing,Pending,98,14,0.2,2,1.4,6,2,90,11,11,5.0,Low,Improving
EMP050,Lindsey Lawrence,UI/UX,2026-05-08,08:53,16:47,7.9,AI Analytics,UI Design,Completed,97,21,0.0,4,0.7,8,0,88,12,5,5.0,Low,Improving
EMP050,Lindsey Lawrence,UI/UX,2026-05-09,09:15,18:21,9.1,IoT Monitoring,Testing,In Progress,92,21,1.1,1,0.7,2,5,85,5,5,5.0,Medium,Improving
EMP050,Lindsey Lawrence,UI/UX,2026-05-11,08:29,17:47,9.3,IoT Monitoring,Bug Fixing,Completed,85,25,1.3,1,0.7,1,7,82,10,9,4.8,Medium,Improving
EMP050,Lindsey Lawrence,UI/UX,2026-05-12,10:42,18:24,7.7,Mobile App,Bug Fixing,Completed,88,16,0.0,4,0.9,1,8,82,6,6,5.0,Low,Improving
EMP050,Lindsey Lawrence,UI/UX,2026-05-13,09:31,18:13,8.7,AI Analytics,Client Support,Completed,92,33,0.7,4,2.3,4,3,83,11,11,5.0,Low,Improving
EMP050,Lindsey Lawrence,UI/UX,2026-05-14,09:03,18:03,9.0,IoT Monitoring,Database Update,Completed,89,33,1.0,4,2.5,8,5,87,15,10,4.5,Medium,Improving
EMP050,Lindsey Lawrence,UI/UX,2026-05-15,10:11,18:05,7.9,AI Analytics,Database Update,Completed,94,25,0.0,6,2.7,10,3,85,7,7,5.0,Low,Improving
EMP050,Lindsey Lawrence,UI/UX,2026-05-16,09:29,17:47,8.3,Mobile App,Documentation,In Progress,87,12,0.3,2,2.2,2,2,79,15,11,4.7,Low,Improving
EMP050,Lindsey Lawrence,UI/UX,2026-05-18,08:51,16:57,8.1,Client Portal,Documentation,Pending,100,36,0.1,5,2.9,2,8,100,12,10,5.0,Low,Improving
EMP050,Lindsey Lawrence,UI/UX,2026-05-19,09:20,18:02,8.7,IoT Monitoring,Bug Fixing,Completed,100,14,0.7,2,2.1,6,0,93,6,6,5.0,Low,Improving
